timestamp, utilization.gpu [%], memory.used [MiB], power.draw [W], temperature.gpu, clocks.current.sm [MHz], clocks_event_reasons.active
2026/09/28 20:43:22.838, 87 %, 46752 MiB, 93.92 W, 62, 2670 MHz, 0x0000000000000400
2026/09/28 20:43:27.843, 0 %, 46752 MiB, 73.66 W, 58, 2505 MHz, 0x0000000000000000
2026/09/28 20:43:32.844, 100 %, 46754 MiB, 269.33 W, 68, 2370 MHz, 0x0000000000000004
2026/09/28 20:43:37.844, 53 %, 46754 MiB, 241.04 W, 68, 2655 MHz, 0x0000000000000400
2026/09/28 20:43:42.844, 91 %, 46754 MiB, 212.59 W, 72, 1830 MHz, 0x0000000000000004
2026/09/28 20:43:47.845, 100 %, 46754 MiB, 248.39 W, 73, 2025 MHz, 0x0000000000000004
2026/09/28 20:43:52.845, 74 %, 46754 MiB, 271.65 W, 76, 2460 MHz, 0x0000000000000004
2026/09/28 20:43:57.846, 91 %, 46754 MiB, 275.46 W, 75, 2415 MHz, 0x0000000000000004
2026/09/28 20:44:02.846, 100 %, 46754 MiB, 255.04 W, 78, 1635 MHz, 0x0000000000000004
2026/09/28 20:44:07.847, 100 %, 46754 MiB, 224.50 W, 78, 2370 MHz, 0x0000000000000004
2026/09/28 20:44:12.847, 100 %, 46754 MiB, 277.34 W, 80, 1875 MHz, 0x0000000000000004
2026/09/28 20:44:17.847, 0 %, 46754 MiB, 219.04 W, 78, 2655 MHz, 0x0000000000000400
2026/09/28 20:44:22.848, 100 %, 46754 MiB, 274.57 W, 83, 1920 MHz, 0x0000000000000004
2026/09/28 20:44:27.848, 67 %, 46754 MiB, 278.08 W, 82, 2610 MHz, 0x0000000000000004
2026/09/28 20:44:32.849, 100 %, 46754 MiB, 274.51 W, 83, 2145 MHz, 0x0000000000000004
2026/09/28 20:44:37.849, 100 %, 46754 MiB, 276.86 W, 86, 2055 MHz, 0x0000000000000004
2026/09/28 20:44:42.850, 100 %, 46754 MiB, 279.45 W, 85, 1965 MHz, 0x0000000000000004
2026/09/28 20:44:47.850, 100 %, 46754 MiB, 276.44 W, 87, 1455 MHz, 0x0000000000000004
2026/09/28 20:44:52.850, 100 %, 46754 MiB, 275.90 W, 88, 1320 MHz, 0x0000000000000004
2026/09/28 20:44:57.851, 100 %, 46754 MiB, 272.64 W, 87, 1950 MHz, 0x0000000000000004
2026/09/28 20:45:02.852, 0 %, 46754 MiB, 114.27 W, 81, 2505 MHz, 0x0000000000000000
2026/09/28 20:45:07.853, 100 %, 46754 MiB, 274.80 W, 87, 2040 MHz, 0x0000000000000020
2026/09/28 20:45:12.853, 90 %, 46754 MiB, 275.40 W, 85, 1995 MHz, 0x0000000000000004
2026/09/28 20:45:17.853, 100 %, 46754 MiB, 275.00 W, 88, 1665 MHz, 0x0000000000000004
2026/09/28 20:45:22.854, 100 %, 46754 MiB, 264.72 W, 88, 1815 MHz, 0x0000000000000004
2026/09/28 20:45:27.855, 6 %, 46754 MiB, 176.36 W, 84, 2640 MHz, 0x0000000000000400
2026/09/28 20:45:32.855, 100 %, 46758 MiB, 277.53 W, 88, 1710 MHz, 0x0000000000000020
2026/09/28 20:45:37.856, 52 %, 46758 MiB, 263.79 W, 87, 2205 MHz, 0x0000000000000004
2026/09/28 20:45:42.857, 0 %, 46758 MiB, 143.58 W, 82, 2640 MHz, 0x0000000000000400
2026/09/28 20:45:47.857, 56 %, 46758 MiB, 268.30 W, 85, 2355 MHz, 0x0000000000000020
2026/09/28 20:45:52.858, 100 %, 46758 MiB, 275.61 W, 87, 1800 MHz, 0x0000000000000020
2026/09/28 20:45:57.859, 100 %, 46758 MiB, 222.68 W, 86, 1995 MHz, 0x0000000000000004
2026/09/28 20:46:02.859, 90 %, 46758 MiB, 272.23 W, 86, 1815 MHz, 0x0000000000000004
2026/09/28 20:46:07.860, 100 %, 46758 MiB, 275.15 W, 86, 1800 MHz, 0x0000000000000004
2026/09/28 20:46:12.860, 100 %, 46758 MiB, 268.72 W, 86, 1275 MHz, 0x0000000000000020
2026/09/28 20:46:17.861, 68 %, 46758 MiB, 249.77 W, 84, 2580 MHz, 0x0000000000000020
2026/09/28 20:46:22.862, 0 %, 46758 MiB, 161.27 W, 83, 2640 MHz, 0x0000000000000400
2026/09/28 20:46:27.862, 100 %, 46758 MiB, 273.70 W, 86, 2100 MHz, 0x0000000000000004
2026/09/28 20:46:32.863, 89 %, 46758 MiB, 271.08 W, 86, 1830 MHz, 0x0000000000000020
2026/09/28 20:46:37.864, 66 %, 46758 MiB, 264.18 W, 87, 1575 MHz, 0x0000000000000024
2026/09/28 20:46:42.864, 100 %, 46758 MiB, 271.77 W, 88, 1995 MHz, 0x0000000000000004
2026/09/28 20:46:47.865, 100 %, 46758 MiB, 276.08 W, 88, 1830 MHz, 0x0000000000000004
2026/09/28 20:46:52.865, 100 %, 46758 MiB, 275.26 W, 88, 1350 MHz, 0x0000000000000004
2026/09/28 20:46:57.866, 100 %, 46758 MiB, 275.38 W, 88, 2025 MHz, 0x0000000000000004
2026/09/28 20:47:02.867, 100 %, 46758 MiB, 279.54 W, 86, 1785 MHz, 0x0000000000000020
2026/09/28 20:47:07.867, 49 %, 46758 MiB, 269.99 W, 86, 2310 MHz, 0x0000000000000020
2026/09/28 20:47:12.868, 92 %, 46758 MiB, 280.66 W, 88, 1770 MHz, 0x0000000000000020
2026/09/28 20:47:17.869, 100 %, 46758 MiB, 271.58 W, 88, 1995 MHz, 0x0000000000000004
2026/09/28 20:47:22.869, 92 %, 46758 MiB, 275.21 W, 88, 1950 MHz, 0x0000000000000004
2026/09/28 20:47:27.870, 87 %, 46758 MiB, 269.52 W, 87, 1395 MHz, 0x0000000000000020
2026/09/28 20:47:32.870, 69 %, 46758 MiB, 269.92 W, 86, 1515 MHz, 0x0000000000000004
2026/09/28 20:47:37.871, 85 %, 46758 MiB, 257.02 W, 87, 2505 MHz, 0x0000000000000020
2026/09/28 20:47:42.872, 100 %, 46758 MiB, 275.14 W, 88, 2115 MHz, 0x0000000000000004
2026/09/28 20:47:47.872, 100 %, 46758 MiB, 276.44 W, 88, 1935 MHz, 0x0000000000000004
2026/09/28 20:47:52.873, 66 %, 46758 MiB, 274.88 W, 88, 2070 MHz, 0x0000000000000020
2026/09/28 20:47:57.874, 86 %, 46758 MiB, 255.46 W, 86, 2505 MHz, 0x0000000000000020
2026/09/28 20:48:02.874, 51 %, 46758 MiB, 249.48 W, 86, 2625 MHz, 0x0000000000000404
2026/09/28 20:48:07.875, 71 %, 46758 MiB, 275.02 W, 86, 2280 MHz, 0x0000000000000020
2026/09/28 20:48:12.876, 100 %, 46758 MiB, 277.77 W, 88, 2085 MHz, 0x0000000000000004
2026/09/28 20:48:17.876, 45 %, 46758 MiB, 271.93 W, 85, 2310 MHz, 0x0000000000000020
2026/09/28 20:48:22.877, 0 %, 46758 MiB, 147.54 W, 82, 2640 MHz, 0x0000000000000400
2026/09/28 20:48:27.877, 100 %, 46758 MiB, 277.14 W, 86, 1620 MHz, 0x0000000000000004
2026/09/28 20:48:32.878, 100 %, 46758 MiB, 266.92 W, 87, 2445 MHz, 0x0000000000000004
2026/09/28 20:48:37.879, 100 %, 46758 MiB, 275.80 W, 87, 2430 MHz, 0x0000000000000004
2026/09/28 20:48:42.879, 95 %, 46758 MiB, 275.78 W, 86, 1755 MHz, 0x0000000000000004
2026/09/28 20:48:47.880, 0 %, 46758 MiB, 158.08 W, 81, 2640 MHz, 0x0000000000000400
2026/09/28 20:48:52.881, 69 %, 46758 MiB, 276.15 W, 85, 2400 MHz, 0x0000000000000004
2026/09/28 20:48:57.881, 100 %, 46758 MiB, 282.68 W, 84, 1980 MHz, 0x0000000000000004
2026/09/28 20:49:02.882, 0 %, 46758 MiB, 223.26 W, 81, 2640 MHz, 0x0000000000000400
2026/09/28 20:49:07.883, 100 %, 46758 MiB, 280.10 W, 87, 1680 MHz, 0x0000000000000004
2026/09/28 20:49:12.883, 0 %, 46758 MiB, 139.20 W, 81, 2640 MHz, 0x0000000000000400
2026/09/28 20:49:17.884, 100 %, 46758 MiB, 278.36 W, 85, 1890 MHz, 0x0000000000000004
2026/09/28 20:49:22.885, 87 %, 46758 MiB, 265.20 W, 85, 2505 MHz, 0x0000000000000020
2026/09/28 20:49:27.885, 100 %, 46758 MiB, 281.63 W, 85, 2145 MHz, 0x0000000000000004
2026/09/28 20:49:32.886, 100 %, 46758 MiB, 275.60 W, 85, 2085 MHz, 0x0000000000000004
2026/09/28 20:49:37.887, 100 %, 46758 MiB, 275.99 W, 88, 1845 MHz, 0x0000000000000004
2026/09/28 20:49:42.887, 100 %, 46758 MiB, 281.00 W, 88, 1770 MHz, 0x0000000000000004
2026/09/28 20:49:47.888, 71 %, 46758 MiB, 226.66 W, 84, 2595 MHz, 0x0000000000000400
2026/09/28 20:49:52.888, 20 %, 46758 MiB, 214.35 W, 82, 2640 MHz, 0x0000000000000400
2026/09/28 20:49:57.889, 100 %, 46758 MiB, 277.62 W, 88, 2205 MHz, 0x0000000000000004
2026/09/28 20:50:02.890, 100 %, 46758 MiB, 279.45 W, 88, 2010 MHz, 0x0000000000000004
2026/09/28 20:50:07.890, 88 %, 46758 MiB, 265.36 W, 84, 2010 MHz, 0x0000000000000004
2026/09/28 20:50:12.891, 100 %, 46758 MiB, 270.40 W, 86, 1500 MHz, 0x0000000000000004
2026/09/28 20:50:17.891, 100 %, 46758 MiB, 269.96 W, 87, 1605 MHz, 0x0000000000000004
2026/09/28 20:50:22.892, 100 %, 46758 MiB, 255.28 W, 87, 1845 MHz, 0x0000000000000004
2026/09/28 20:50:27.893, 0 %, 46758 MiB, 148.52 W, 82, 2640 MHz, 0x0000000000000400
2026/09/28 20:50:32.894, 100 %, 46758 MiB, 279.29 W, 85, 1980 MHz, 0x0000000000000004
2026/09/28 20:50:37.894, 100 %, 46758 MiB, 277.30 W, 88, 2085 MHz, 0x0000000000000004
2026/09/28 20:50:42.895, 57 %, 46758 MiB, 234.20 W, 86, 2205 MHz, 0x0000000000000004
2026/09/28 20:50:47.896, 100 %, 46758 MiB, 281.86 W, 88, 1875 MHz, 0x0000000000000004
2026/09/28 20:50:52.896, 22 %, 46758 MiB, 251.81 W, 83, 2640 MHz, 0x0000000000000400
2026/09/28 20:50:57.897, 100 %, 46758 MiB, 278.08 W, 85, 2115 MHz, 0x0000000000000004
2026/09/28 20:51:02.898, 100 %, 46758 MiB, 271.35 W, 88, 1425 MHz, 0x0000000000000004
2026/09/28 20:51:07.898, 88 %, 46758 MiB, 268.52 W, 87, 1845 MHz, 0x0000000000000004
2026/09/28 20:51:12.899, 81 %, 46758 MiB, 272.27 W, 84, 2640 MHz, 0x0000000000000020
2026/09/28 20:51:17.899, 100 %, 46758 MiB, 276.61 W, 86, 2235 MHz, 0x0000000000000004
2026/09/28 20:51:22.900, 100 %, 46758 MiB, 275.29 W, 86, 1950 MHz, 0x0000000000000004
2026/09/28 20:51:27.901, 84 %, 46758 MiB, 187.82 W, 86, 2505 MHz, 0x0000000000000020
2026/09/28 20:51:32.902, 88 %, 46758 MiB, 255.19 W, 86, 2535 MHz, 0x0000000000000020
2026/09/28 20:51:37.903, 0 %, 46758 MiB, 100.18 W, 79, 2505 MHz, 0x0000000000000000
2026/09/28 20:51:42.903, 25 %, 46758 MiB, 215.57 W, 84, 1845 MHz, 0x0000000000000400
2026/09/28 20:51:47.904, 0 %, 46758 MiB, 97.08 W, 77, 2505 MHz, 0x0000000000000000
2026/09/28 20:51:52.906, 75 %, 46758 MiB, 141.94 W, 81, 2280 MHz, 0x0000000000000004
2026/09/28 20:51:57.906, 100 %, 46758 MiB, 276.11 W, 82, 1635 MHz, 0x0000000000000004
2026/09/28 20:52:02.907, 66 %, 46758 MiB, 274.88 W, 85, 2055 MHz, 0x0000000000000004
2026/09/28 20:52:07.907, 87 %, 46758 MiB, 267.11 W, 85, 2595 MHz, 0x0000000000000004
2026/09/28 20:52:12.908, 34 %, 46758 MiB, 99.11 W, 78, 2505 MHz, 0x0000000000000000
2026/09/28 20:52:17.908, 88 %, 46758 MiB, 254.23 W, 82, 2640 MHz, 0x0000000000000004
2026/09/28 20:52:22.910, 0 %, 46758 MiB, 98.16 W, 78, 2505 MHz, 0x0000000000000000
2026/09/28 20:52:27.911, 100 %, 46758 MiB, 279.34 W, 83, 1830 MHz, 0x0000000000000004
2026/09/28 20:52:32.912, 100 %, 46758 MiB, 281.83 W, 85, 1830 MHz, 0x0000000000000004
2026/09/28 20:52:37.913, 100 %, 46758 MiB, 272.96 W, 85, 2160 MHz, 0x0000000000000004
2026/09/28 20:52:42.913, 100 %, 46758 MiB, 279.23 W, 84, 2385 MHz, 0x0000000000000004
2026/09/28 20:52:47.914, 86 %, 46758 MiB, 267.31 W, 86, 2520 MHz, 0x0000000000000020
2026/09/28 20:52:52.914, 100 %, 46758 MiB, 275.14 W, 88, 1575 MHz, 0x0000000000000004
2026/09/28 20:52:57.915, 0 %, 46758 MiB, 174.28 W, 82, 2640 MHz, 0x0000000000000400
2026/09/28 20:53:02.916, 100 %, 46758 MiB, 277.64 W, 85, 1710 MHz, 0x0000000000000004
2026/09/28 20:53:07.918, 0 %, 46758 MiB, 143.55 W, 82, 2640 MHz, 0x0000000000000400
2026/09/28 20:53:12.919, 0 %, 46758 MiB, 99.59 W, 80, 2505 MHz, 0x0000000000000000
2026/09/28 20:53:17.920, 100 %, 46758 MiB, 274.23 W, 87, 2145 MHz, 0x0000000000000004
2026/09/28 20:53:22.921, 100 %, 46758 MiB, 263.90 W, 87, 2115 MHz, 0x0000000000000004
2026/09/28 20:53:27.922, 0 %, 46758 MiB, 201.10 W, 82, 2640 MHz, 0x0000000000000400
2026/09/28 20:53:32.922, 100 %, 46758 MiB, 277.11 W, 88, 1980 MHz, 0x0000000000000004
2026/09/28 20:53:37.923, 90 %, 46758 MiB, 242.84 W, 88, 2250 MHz, 0x0000000000000004
2026/09/28 20:53:42.923, 100 %, 46758 MiB, 273.66 W, 88, 1530 MHz, 0x0000000000000020
2026/09/28 20:53:47.924, 100 %, 46758 MiB, 251.49 W, 88, 1815 MHz, 0x0000000000000004
2026/09/28 20:53:52.925, 84 %, 46758 MiB, 147.88 W, 86, 2580 MHz, 0x0000000000000004
2026/09/28 20:53:57.927, 91 %, 46758 MiB, 277.99 W, 87, 2040 MHz, 0x0000000000000004
2026/09/28 20:54:02.927, 90 %, 46758 MiB, 281.13 W, 85, 1845 MHz, 0x0000000000000004
2026/09/28 20:54:07.928, 100 %, 46758 MiB, 279.88 W, 86, 2040 MHz, 0x0000000000000004
2026/09/28 20:54:12.928, 100 %, 46758 MiB, 267.71 W, 87, 915 MHz, 0x0000000000000020
2026/09/28 20:54:17.929, 100 %, 46758 MiB, 263.96 W, 87, 1440 MHz, 0x0000000000000020
2026/09/28 20:54:22.930, 100 %, 46758 MiB, 269.52 W, 88, 1605 MHz, 0x0000000000000020
2026/09/28 20:54:27.930, 100 %, 46758 MiB, 254.80 W, 87, 2025 MHz, 0x0000000000000020
2026/09/28 20:54:32.931, 85 %, 46758 MiB, 245.62 W, 87, 2550 MHz, 0x0000000000000020
2026/09/28 20:54:37.931, 100 %, 46758 MiB, 273.26 W, 86, 2100 MHz, 0x0000000000000004
2026/09/28 20:54:42.932, 100 %, 46758 MiB, 268.61 W, 86, 1815 MHz, 0x0000000000000004
2026/09/28 20:54:47.933, 100 %, 46758 MiB, 270.24 W, 88, 1485 MHz, 0x0000000000000004
2026/09/28 20:54:52.933, 100 %, 46758 MiB, 268.69 W, 86, 1620 MHz, 0x0000000000000004
2026/09/28 20:54:57.934, 16 %, 46758 MiB, 228.64 W, 83, 2640 MHz, 0x0000000000000400
2026/09/28 20:55:02.934, 100 %, 46758 MiB, 269.72 W, 86, 1815 MHz, 0x0000000000000020
2026/09/28 20:55:07.935, 100 %, 46758 MiB, 269.12 W, 87, 1935 MHz, 0x0000000000000004
2026/09/28 20:55:12.936, 83 %, 46758 MiB, 263.98 W, 87, 2325 MHz, 0x0000000000000020
2026/09/28 20:55:17.936, 64 %, 46758 MiB, 246.79 W, 87, 2505 MHz, 0x0000000000000400
2026/09/28 20:55:22.937, 100 %, 46758 MiB, 275.66 W, 88, 1515 MHz, 0x0000000000000004
2026/09/28 20:55:27.937, 100 %, 46758 MiB, 271.31 W, 88, 1860 MHz, 0x0000000000000004
2026/09/28 20:55:32.938, 82 %, 46758 MiB, 276.09 W, 83, 2640 MHz, 0x0000000000000004
2026/09/28 20:55:37.939, 64 %, 46758 MiB, 250.40 W, 86, 2595 MHz, 0x0000000000000404
2026/09/28 20:55:42.939, 85 %, 46758 MiB, 214.75 W, 85, 2580 MHz, 0x0000000000000004
2026/09/28 20:55:47.940, 0 %, 46758 MiB, 209.85 W, 82, 2640 MHz, 0x0000000000000400
2026/09/28 20:55:52.940, 0 %, 46758 MiB, 141.70 W, 81, 2640 MHz, 0x0000000000000400
2026/09/28 20:55:57.941, 100 %, 46758 MiB, 275.29 W, 86, 1860 MHz, 0x0000000000000004
2026/09/28 20:56:02.942, 100 %, 46758 MiB, 279.99 W, 86, 2040 MHz, 0x0000000000000004
2026/09/28 20:56:07.942, 100 %, 46758 MiB, 247.26 W, 87, 1770 MHz, 0x0000000000000004
2026/09/28 20:56:12.943, 57 %, 46758 MiB, 235.99 W, 83, 2640 MHz, 0x0000000000000020
2026/09/28 20:56:17.943, 100 %, 46758 MiB, 276.32 W, 87, 1395 MHz, 0x0000000000000004
2026/09/28 20:56:22.945, 0 %, 46758 MiB, 153.54 W, 81, 2640 MHz, 0x0000000000000400
2026/09/28 20:56:27.946, 100 %, 46758 MiB, 278.35 W, 84, 1290 MHz, 0x0000000000000004
2026/09/28 20:56:32.946, 83 %, 46758 MiB, 145.57 W, 84, 2160 MHz, 0x0000000000000004
2026/09/28 20:56:37.947, 100 %, 46758 MiB, 279.73 W, 86, 2355 MHz, 0x0000000000000004
2026/09/28 20:56:42.947, 82 %, 46758 MiB, 267.86 W, 82, 2610 MHz, 0x0000000000000004
2026/09/28 20:56:47.948, 100 %, 46758 MiB, 275.01 W, 85, 2250 MHz, 0x0000000000000004
2026/09/28 20:56:52.948, 100 %, 46758 MiB, 274.80 W, 87, 1995 MHz, 0x0000000000000004
2026/09/28 20:56:57.949, 83 %, 46758 MiB, 266.22 W, 87, 1830 MHz, 0x0000000000000004
2026/09/28 20:57:02.950, 91 %, 46758 MiB, 275.84 W, 88, 1920 MHz, 0x0000000000000004
2026/09/28 20:57:07.951, 100 %, 46758 MiB, 265.63 W, 86, 1545 MHz, 0x0000000000000004
2026/09/28 20:57:12.952, 86 %, 46758 MiB, 255.55 W, 86, 2610 MHz, 0x0000000000000020
2026/09/28 20:57:17.953, 0 %, 46758 MiB, 114.26 W, 80, 2505 MHz, 0x0000000000000000
2026/09/28 20:57:22.954, 16 %, 46758 MiB, 174.08 W, 80, 1950 MHz, 0x0000000000000400
2026/09/28 20:57:27.955, 100 %, 46758 MiB, 276.08 W, 85, 1530 MHz, 0x0000000000000004
2026/09/28 20:57:32.955, 69 %, 46758 MiB, 278.78 W, 87, 2100 MHz, 0x0000000000000004
2026/09/28 20:57:37.956, 100 %, 46758 MiB, 273.03 W, 85, 1845 MHz, 0x0000000000000004
2026/09/28 20:57:42.956, 0 %, 46758 MiB, 207.40 W, 82, 2640 MHz, 0x0000000000000400
2026/09/28 20:57:47.957, 91 %, 46758 MiB, 276.47 W, 88, 2205 MHz, 0x0000000000000004
2026/09/28 20:57:52.958, 86 %, 46758 MiB, 265.74 W, 88, 1605 MHz, 0x0000000000000020
2026/09/28 20:57:57.958, 100 %, 46758 MiB, 264.16 W, 87, 1830 MHz, 0x0000000000000004
2026/09/28 20:58:02.959, 86 %, 46758 MiB, 243.29 W, 87, 2475 MHz, 0x0000000000000020
2026/09/28 20:58:07.959, 86 %, 46758 MiB, 277.66 W, 88, 2430 MHz, 0x0000000000000020
2026/09/28 20:58:12.960, 100 %, 46758 MiB, 273.73 W, 87, 1860 MHz, 0x0000000000000004
2026/09/28 20:58:17.961, 100 %, 46758 MiB, 271.08 W, 89, 1830 MHz, 0x0000000000000004
2026/09/28 20:58:22.961, 74 %, 46758 MiB, 253.23 W, 88, 1860 MHz, 0x0000000000000020
2026/09/28 20:58:27.962, 100 %, 46758 MiB, 261.02 W, 88, 1995 MHz, 0x0000000000000020
2026/09/28 20:58:32.963, 87 %, 46758 MiB, 273.81 W, 87, 2430 MHz, 0x0000000000000020
2026/09/28 20:58:37.963, 55 %, 46758 MiB, 227.10 W, 85, 2145 MHz, 0x0000000000000020
2026/09/28 20:58:42.964, 87 %, 46758 MiB, 237.26 W, 86, 2505 MHz, 0x0000000000000020
2026/09/28 20:58:47.964, 34 %, 46758 MiB, 229.12 W, 83, 2505 MHz, 0x0000000000000020
2026/09/28 20:58:52.965, 52 %, 46758 MiB, 229.08 W, 83, 2640 MHz, 0x0000000000000400
2026/09/28 20:58:57.966, 63 %, 46758 MiB, 240.35 W, 82, 2295 MHz, 0x0000000000000004
2026/09/28 20:59:02.966, 72 %, 46758 MiB, 226.86 W, 85, 2595 MHz, 0x0000000000000004
2026/09/28 20:59:07.967, 0 %, 46758 MiB, 210.66 W, 82, 2640 MHz, 0x0000000000000400
2026/09/28 20:59:12.967, 53 %, 46758 MiB, 246.06 W, 85, 2625 MHz, 0x0000000000000400
2026/09/28 20:59:17.968, 76 %, 46758 MiB, 246.16 W, 84, 2505 MHz, 0x0000000000000004
2026/09/28 20:59:22.969, 88 %, 46758 MiB, 259.28 W, 86, 2505 MHz, 0x0000000000000020
2026/09/28 20:59:27.969, 27 %, 46758 MiB, 231.29 W, 85, 2295 MHz, 0x0000000000000400
2026/09/28 20:59:32.970, 0 %, 46758 MiB, 145.05 W, 81, 2640 MHz, 0x0000000000000400
2026/09/28 20:59:37.971, 65 %, 46758 MiB, 250.72 W, 85, 2595 MHz, 0x0000000000000004
2026/09/28 20:59:42.972, 100 %, 46758 MiB, 278.16 W, 87, 2160 MHz, 0x0000000000000004
2026/09/28 20:59:47.972, 87 %, 46758 MiB, 265.14 W, 86, 2505 MHz, 0x0000000000000020
2026/09/28 20:59:52.973, 89 %, 46758 MiB, 271.74 W, 85, 2505 MHz, 0x0000000000000020
2026/09/28 20:59:57.973, 0 %, 46758 MiB, 113.76 W, 80, 2505 MHz, 0x0000000000000000
2026/09/28 21:00:02.974, 88 %, 46758 MiB, 267.21 W, 85, 2580 MHz, 0x0000000000000004
2026/09/28 21:00:07.975, 87 %, 46796 MiB, 276.03 W, 85, 2505 MHz, 0x0000000000000020
2026/09/28 21:00:12.975, 62 %, 46796 MiB, 224.01 W, 85, 2610 MHz, 0x0000000000000400
2026/09/28 21:00:17.976, 88 %, 46796 MiB, 246.26 W, 86, 2505 MHz, 0x0000000000000020
2026/09/28 21:00:22.977, 69 %, 46796 MiB, 273.58 W, 85, 2085 MHz, 0x0000000000000004
2026/09/28 21:00:27.977, 76 %, 46796 MiB, 238.90 W, 83, 2640 MHz, 0x0000000000000004
2026/09/28 21:00:32.978, 72 %, 46796 MiB, 237.27 W, 86, 2505 MHz, 0x0000000000000400
2026/09/28 21:00:37.978, 87 %, 46796 MiB, 237.05 W, 87, 2580 MHz, 0x0000000000000004
2026/09/28 21:00:42.979, 88 %, 46796 MiB, 280.69 W, 87, 2505 MHz, 0x0000000000000020
2026/09/28 21:00:47.980, 100 %, 46796 MiB, 247.54 W, 86, 2190 MHz, 0x0000000000000004
2026/09/28 21:00:52.980, 87 %, 46796 MiB, 238.20 W, 87, 2505 MHz, 0x0000000000000020
2026/09/28 21:00:57.981, 39 %, 46796 MiB, 240.03 W, 86, 2640 MHz, 0x0000000000000020
2026/09/28 21:01:02.981, 87 %, 46796 MiB, 276.69 W, 87, 2505 MHz, 0x0000000000000020
2026/09/28 21:01:07.983, 100 %, 46914 MiB, 133.29 W, 85, 1635 MHz, 0x0000000000000004
2026/09/28 21:01:12.983, 69 %, 46914 MiB, 269.56 W, 87, 1335 MHz, 0x0000000000000004
2026/09/28 21:01:17.984, 88 %, 46914 MiB, 278.75 W, 87, 2430 MHz, 0x0000000000000020
2026/09/28 21:01:22.984, 85 %, 46914 MiB, 229.94 W, 87, 2505 MHz, 0x0000000000000020
2026/09/28 21:01:27.985, 0 %, 46914 MiB, 232.41 W, 83, 2640 MHz, 0x0000000000000400
2026/09/28 21:01:32.986, 0 %, 46914 MiB, 175.56 W, 83, 2640 MHz, 0x0000000000000400
2026/09/28 21:01:37.987, 87 %, 46914 MiB, 224.08 W, 87, 2505 MHz, 0x0000000000000020
2026/09/28 21:01:42.988, 0 %, 46914 MiB, 161.58 W, 82, 2640 MHz, 0x0000000000000400
2026/09/28 21:01:47.989, 88 %, 46914 MiB, 263.64 W, 86, 2505 MHz, 0x0000000000000020
2026/09/28 21:01:52.991, 0 %, 46914 MiB, 115.79 W, 81, 2505 MHz, 0x0000000000000000
2026/09/28 21:01:57.991, 51 %, 46914 MiB, 227.94 W, 84, 2610 MHz, 0x0000000000000400
2026/09/28 21:02:02.992, 0 %, 46914 MiB, 203.97 W, 81, 2640 MHz, 0x0000000000000400
2026/09/28 21:02:07.993, 92 %, 46914 MiB, 242.90 W, 84, 1935 MHz, 0x0000000000000004
2026/09/28 21:02:12.994, 0 %, 46914 MiB, 139.17 W, 81, 2640 MHz, 0x0000000000000400
2026/09/28 21:02:17.995, 0 %, 46914 MiB, 97.77 W, 78, 2505 MHz, 0x0000000000000000
2026/09/28 21:02:22.996, 6 %, 46914 MiB, 241.70 W, 79, 1860 MHz, 0x0000000000000004
2026/09/28 21:02:27.997, 0 %, 46914 MiB, 111.43 W, 78, 2505 MHz, 0x0000000000000000
2026/09/28 21:02:32.998, 88 %, 46914 MiB, 177.93 W, 81, 2625 MHz, 0x0000000000000004
2026/09/28 21:02:37.999, 87 %, 46914 MiB, 243.16 W, 83, 2610 MHz, 0x0000000000000004
2026/09/28 21:02:43.000, 0 %, 46914 MiB, 95.63 W, 77, 2505 MHz, 0x0000000000000000
2026/09/28 21:02:48.000, 49 %, 46914 MiB, 239.61 W, 82, 2385 MHz, 0x0000000000000004
2026/09/28 21:02:53.001, 88 %, 46914 MiB, 282.64 W, 84, 2610 MHz, 0x0000000000000004
2026/09/28 21:02:58.002, 43 %, 46914 MiB, 232.46 W, 84, 2640 MHz, 0x0000000000000404
2026/09/28 21:03:03.002, 0 %, 46914 MiB, 251.03 W, 82, 2640 MHz, 0x0000000000000400
2026/09/28 21:03:08.003, 71 %, 46914 MiB, 286.89 W, 87, 1650 MHz, 0x0000000000000004
2026/09/28 21:03:13.004, 87 %, 46914 MiB, 198.32 W, 85, 2595 MHz, 0x0000000000000004
2026/09/28 21:03:18.005, 89 %, 46914 MiB, 274.72 W, 86, 2505 MHz, 0x0000000000000020
2026/09/28 21:03:23.005, 88 %, 46914 MiB, 281.84 W, 87, 2415 MHz, 0x0000000000000020
2026/09/28 21:03:28.006, 88 %, 46914 MiB, 280.14 W, 88, 2430 MHz, 0x0000000000000020
2026/09/28 21:03:33.006, 87 %, 46914 MiB, 236.86 W, 88, 2505 MHz, 0x0000000000000020
2026/09/28 21:03:38.007, 89 %, 46914 MiB, 280.92 W, 88, 2415 MHz, 0x0000000000000020
2026/09/28 21:03:43.007, 89 %, 46914 MiB, 266.06 W, 88, 2415 MHz, 0x0000000000000020
2026/09/28 21:03:48.008, 89 %, 46914 MiB, 282.65 W, 88, 2430 MHz, 0x0000000000000020
2026/09/28 21:03:53.009, 52 %, 46914 MiB, 239.45 W, 87, 2625 MHz, 0x0000000000000020
2026/09/28 21:03:58.009, 87 %, 46914 MiB, 270.49 W, 88, 2355 MHz, 0x0000000000000020
2026/09/28 21:04:03.010, 86 %, 46914 MiB, 271.56 W, 88, 2370 MHz, 0x0000000000000020
2026/09/28 21:04:08.011, 100 %, 46914 MiB, 248.26 W, 88, 2145 MHz, 0x0000000000000004
2026/09/28 21:04:13.011, 100 %, 46914 MiB, 265.45 W, 89, 1785 MHz, 0x0000000000000004
2026/09/28 21:04:18.012, 70 %, 46914 MiB, 217.20 W, 88, 1890 MHz, 0x0000000000000004
2026/09/28 21:04:23.013, 87 %, 46914 MiB, 240.49 W, 87, 2505 MHz, 0x0000000000000020
2026/09/28 21:04:28.014, 0 %, 46914 MiB, 174.74 W, 83, 2640 MHz, 0x0000000000000400
2026/09/28 21:04:33.015, 87 %, 46914 MiB, 275.12 W, 86, 2505 MHz, 0x0000000000000020
2026/09/28 21:04:38.015, 88 %, 46914 MiB, 274.59 W, 86, 2505 MHz, 0x0000000000000020
2026/09/28 21:04:43.016, 77 %, 46914 MiB, 277.18 W, 85, 2505 MHz, 0x0000000000000020
2026/09/28 21:04:48.017, 86 %, 46914 MiB, 234.40 W, 86, 2580 MHz, 0x0000000000000004
2026/09/28 21:04:53.017, 100 %, 46914 MiB, 285.98 W, 86, 2190 MHz, 0x0000000000000004
2026/09/28 21:04:58.018, 6 %, 46914 MiB, 252.58 W, 82, 2640 MHz, 0x0000000000000400
2026/09/28 21:05:03.018, 100 %, 46914 MiB, 231.60 W, 86, 1965 MHz, 0x0000000000000004
2026/09/28 21:05:08.019, 100 %, 46914 MiB, 237.95 W, 86, 1905 MHz, 0x0000000000000004
2026/09/28 21:05:13.020, 76 %, 46914 MiB, 245.23 W, 82, 2640 MHz, 0x0000000000000004
2026/09/28 21:05:18.021, 0 %, 46914 MiB, 143.82 W, 81, 2595 MHz, 0x0000000000000000
2026/09/28 21:05:23.022, 87 %, 46914 MiB, 269.44 W, 85, 2505 MHz, 0x0000000000000020
2026/09/28 21:05:28.023, 0 %, 46914 MiB, 106.68 W, 79, 2505 MHz, 0x0000000000000000
2026/09/28 21:05:33.024, 73 %, 46914 MiB, 222.69 W, 84, 2595 MHz, 0x0000000000000400
2026/09/28 21:05:38.025, 100 %, 46914 MiB, 278.00 W, 84, 1740 MHz, 0x0000000000000004
2026/09/28 21:05:43.025, 100 %, 46914 MiB, 279.65 W, 86, 2025 MHz, 0x0000000000000004
2026/09/28 21:05:48.026, 66 %, 46914 MiB, 275.01 W, 87, 1545 MHz, 0x0000000000000004
2026/09/28 21:05:53.027, 85 %, 46914 MiB, 272.80 W, 84, 1875 MHz, 0x0000000000000004
2026/09/28 21:05:58.027, 100 %, 46914 MiB, 273.64 W, 87, 1515 MHz, 0x0000000000000004
2026/09/28 21:06:03.028, 100 %, 46914 MiB, 273.38 W, 88, 1740 MHz, 0x0000000000000020
2026/09/28 21:06:08.029, 0 %, 46914 MiB, 168.87 W, 82, 2640 MHz, 0x0000000000000400
2026/09/28 21:06:13.029, 0 %, 46914 MiB, 99.98 W, 80, 2505 MHz, 0x0000000000000000
2026/09/28 21:06:18.030, 0 %, 46914 MiB, 194.05 W, 80, 2640 MHz, 0x0000000000000400
2026/09/28 21:06:23.031, 0 %, 46914 MiB, 106.57 W, 78, 2505 MHz, 0x0000000000000000
2026/09/28 21:06:28.032, 83 %, 46914 MiB, 213.52 W, 81, 2655 MHz, 0x0000000000000004
2026/09/28 21:06:33.032, 57 %, 46914 MiB, 211.03 W, 83, 2640 MHz, 0x0000000000000400
2026/09/28 21:06:38.033, 0 %, 46914 MiB, 191.65 W, 80, 2655 MHz, 0x0000000000000400
2026/09/28 21:06:43.034, 0 %, 46914 MiB, 111.98 W, 78, 2505 MHz, 0x0000000000000000
2026/09/28 21:06:48.035, 87 %, 46914 MiB, 167.82 W, 80, 2655 MHz, 0x0000000000000400
2026/09/28 21:06:53.036, 8 %, 46914 MiB, 203.72 W, 79, 2655 MHz, 0x0000000000000400
2026/09/28 21:06:58.037, 0 %, 46914 MiB, 144.88 W, 79, 2655 MHz, 0x0000000000000400
2026/09/28 21:07:03.038, 100 %, 46914 MiB, 150.20 W, 82, 2235 MHz, 0x0000000000000004
2026/09/28 21:07:08.039, 85 %, 46914 MiB, 283.73 W, 83, 2595 MHz, 0x0000000000000004
2026/09/28 21:07:13.040, 0 %, 46914 MiB, 243.87 W, 80, 2655 MHz, 0x0000000000000400
2026/09/28 21:07:18.040, 87 %, 46914 MiB, 211.13 W, 83, 2625 MHz, 0x0000000000000004
2026/09/28 21:07:23.041, 86 %, 46914 MiB, 279.20 W, 85, 2580 MHz, 0x0000000000000004
2026/09/28 21:07:28.042, 85 %, 46914 MiB, 279.90 W, 86, 2505 MHz, 0x0000000000000020
2026/09/28 21:07:33.043, 23 %, 46914 MiB, 115.13 W, 81, 2505 MHz, 0x0000000000000000
2026/09/28 21:07:38.043, 22 %, 46914 MiB, 217.66 W, 84, 2640 MHz, 0x0000000000000020
2026/09/28 21:07:43.044, 0 %, 46914 MiB, 100.08 W, 80, 2505 MHz, 0x0000000000000000
2026/09/28 21:07:48.045, 0 %, 46914 MiB, 204.42 W, 80, 2640 MHz, 0x0000000000000400
2026/09/28 21:07:53.047, 0 %, 46914 MiB, 106.07 W, 78, 2505 MHz, 0x0000000000000000
2026/09/28 21:07:58.048, 85 %, 46914 MiB, 279.38 W, 83, 2595 MHz, 0x0000000000000004
2026/09/28 21:08:03.048, 84 %, 46914 MiB, 284.88 W, 85, 2625 MHz, 0x0000000000000004
2026/09/28 21:08:08.049, 82 %, 46914 MiB, 278.01 W, 86, 2505 MHz, 0x0000000000000020
2026/09/28 21:08:13.049, 86 %, 46914 MiB, 278.52 W, 86, 2505 MHz, 0x0000000000000020
2026/09/28 21:08:18.051, 0 %, 46914 MiB, 236.71 W, 83, 2640 MHz, 0x0000000000000400
2026/09/28 21:08:23.051, 0 %, 46914 MiB, 245.14 W, 83, 2640 MHz, 0x0000000000000400
2026/09/28 21:08:28.052, 93 %, 46914 MiB, 270.81 W, 88, 2280 MHz, 0x0000000000000020
2026/09/28 21:08:33.053, 88 %, 46914 MiB, 224.36 W, 86, 2505 MHz, 0x0000000000000020
2026/09/28 21:08:38.054, 0 %, 46914 MiB, 115.47 W, 81, 2505 MHz, 0x0000000000000000
2026/09/28 21:08:43.055, 82 %, 46914 MiB, 256.30 W, 83, 2640 MHz, 0x0000000000000004
2026/09/28 21:08:48.055, 87 %, 46914 MiB, 279.94 W, 86, 2505 MHz, 0x0000000000000020
2026/09/28 21:08:53.056, 88 %, 46914 MiB, 266.95 W, 86, 2505 MHz, 0x0000000000000020
2026/09/28 21:08:58.057, 89 %, 46914 MiB, 267.97 W, 87, 2505 MHz, 0x0000000000000020
2026/09/28 21:09:03.057, 100 %, 46914 MiB, 251.08 W, 88, 1620 MHz, 0x0000000000000004
2026/09/28 21:09:08.058, 0 %, 46914 MiB, 150.24 W, 83, 2640 MHz, 0x0000000000000400
2026/09/28 21:09:13.059, 86 %, 46914 MiB, 267.75 W, 87, 2415 MHz, 0x0000000000000020
2026/09/28 21:09:18.060, 92 %, 46914 MiB, 201.99 W, 88, 1365 MHz, 0x0000000000000020
2026/09/28 21:09:23.060, 100 %, 46914 MiB, 263.73 W, 87, 1965 MHz, 0x0000000000000020
2026/09/28 21:09:28.061, 70 %, 46914 MiB, 254.46 W, 89, 1575 MHz, 0x0000000000000004
2026/09/28 21:09:33.061, 87 %, 46914 MiB, 239.20 W, 88, 2430 MHz, 0x0000000000000020
2026/09/28 21:09:38.062, 89 %, 46914 MiB, 275.56 W, 87, 2475 MHz, 0x0000000000000020
2026/09/28 21:09:43.063, 87 %, 46914 MiB, 252.81 W, 87, 2505 MHz, 0x0000000000000020
2026/09/28 21:09:48.063, 100 %, 46914 MiB, 227.04 W, 88, 1980 MHz, 0x0000000000000004
2026/09/28 21:09:53.064, 88 %, 46914 MiB, 256.28 W, 86, 2505 MHz, 0x0000000000000004
2026/09/28 21:09:58.064, 88 %, 46914 MiB, 243.65 W, 86, 2505 MHz, 0x0000000000000020
2026/09/28 21:10:03.065, 87 %, 46914 MiB, 265.98 W, 85, 2505 MHz, 0x0000000000000020
2026/09/28 21:10:08.066, 88 %, 46914 MiB, 278.10 W, 86, 2505 MHz, 0x0000000000000020
2026/09/28 21:10:13.066, 76 %, 46914 MiB, 276.74 W, 86, 2370 MHz, 0x0000000000000004
2026/09/28 21:10:18.067, 90 %, 46914 MiB, 280.22 W, 88, 1980 MHz, 0x0000000000000004
2026/09/28 21:10:23.068, 65 %, 46914 MiB, 278.80 W, 88, 2010 MHz, 0x0000000000000004
2026/09/28 21:10:28.068, 100 %, 46914 MiB, 276.74 W, 88, 1650 MHz, 0x0000000000000004
2026/09/28 21:10:33.069, 64 %, 46914 MiB, 223.22 W, 86, 2595 MHz, 0x0000000000000400
2026/09/28 21:10:38.069, 87 %, 46914 MiB, 228.06 W, 86, 2595 MHz, 0x0000000000000004
2026/09/28 21:10:43.070, 11 %, 46914 MiB, 233.17 W, 86, 2250 MHz, 0x0000000000000400
2026/09/28 21:10:48.071, 84 %, 46914 MiB, 262.75 W, 85, 2505 MHz, 0x0000000000000020
2026/09/28 21:10:53.071, 100 %, 46914 MiB, 223.26 W, 84, 1530 MHz, 0x0000000000000004
2026/09/28 21:10:58.072, 84 %, 46914 MiB, 263.30 W, 85, 2610 MHz, 0x0000000000000004
2026/09/28 21:11:03.073, 62 %, 46914 MiB, 216.21 W, 84, 2640 MHz, 0x0000000000000004
2026/09/28 21:11:08.074, 90 %, 46914 MiB, 234.26 W, 82, 2640 MHz, 0x0000000000000400
2026/09/28 21:11:13.074, 100 %, 46914 MiB, 278.74 W, 83, 2085 MHz, 0x0000000000000004
2026/09/28 21:11:18.075, 84 %, 46914 MiB, 270.64 W, 85, 2640 MHz, 0x0000000000000400
2026/09/28 21:11:23.075, 85 %, 46914 MiB, 245.63 W, 85, 2595 MHz, 0x0000000000000004
2026/09/28 21:11:28.076, 87 %, 46914 MiB, 279.05 W, 86, 2505 MHz, 0x0000000000000020
2026/09/28 21:11:33.077, 84 %, 46914 MiB, 279.68 W, 86, 2505 MHz, 0x0000000000000020
2026/09/28 21:11:38.077, 90 %, 46914 MiB, 251.46 W, 86, 2235 MHz, 0x0000000000000004
2026/09/28 21:11:43.078, 85 %, 46914 MiB, 279.60 W, 87, 2505 MHz, 0x0000000000000020
2026/09/28 21:11:48.078, 86 %, 46914 MiB, 277.89 W, 87, 2475 MHz, 0x0000000000000020
2026/09/28 21:11:53.079, 100 %, 46914 MiB, 240.24 W, 87, 1485 MHz, 0x0000000000000020
2026/09/28 21:11:58.080, 100 %, 46914 MiB, 238.21 W, 87, 2040 MHz, 0x0000000000000020
2026/09/28 21:12:03.080, 6 %, 46914 MiB, 248.32 W, 84, 2640 MHz, 0x0000000000000400
2026/09/28 21:12:08.081, 85 %, 46914 MiB, 277.35 W, 87, 2400 MHz, 0x0000000000000020
2026/09/28 21:12:13.081, 85 %, 46914 MiB, 276.33 W, 87, 2475 MHz, 0x0000000000000020
2026/09/28 21:12:18.082, 88 %, 46914 MiB, 275.27 W, 87, 2400 MHz, 0x0000000000000020
2026/09/28 21:12:23.083, 88 %, 46914 MiB, 274.99 W, 87, 2370 MHz, 0x0000000000000020
2026/09/28 21:12:28.083, 5 %, 46914 MiB, 227.61 W, 84, 2640 MHz, 0x0000000000000400
2026/09/28 21:12:33.084, 86 %, 46914 MiB, 266.39 W, 87, 2460 MHz, 0x0000000000000020
2026/09/28 21:12:38.084, 85 %, 46914 MiB, 276.41 W, 87, 2445 MHz, 0x0000000000000020
2026/09/28 21:12:43.085, 86 %, 46914 MiB, 276.72 W, 88, 2460 MHz, 0x0000000000000020
2026/09/28 21:12:48.085, 88 %, 46914 MiB, 278.29 W, 87, 2460 MHz, 0x0000000000000020
2026/09/28 21:12:53.086, 75 %, 46914 MiB, 186.43 W, 84, 2100 MHz, 0x0000000000000004
2026/09/28 21:12:58.087, 100 %, 46914 MiB, 269.21 W, 88, 2280 MHz, 0x0000000000000004
2026/09/28 21:13:03.087, 64 %, 46914 MiB, 249.23 W, 84, 2445 MHz, 0x0000000000000020
2026/09/28 21:13:08.088, 55 %, 46914 MiB, 223.48 W, 86, 2625 MHz, 0x0000000000000400
2026/09/28 21:13:13.088, 89 %, 46914 MiB, 272.23 W, 86, 2505 MHz, 0x0000000000000020
2026/09/28 21:13:18.089, 19 %, 46914 MiB, 228.03 W, 87, 2640 MHz, 0x0000000000000400
2026/09/28 21:13:23.089, 89 %, 46914 MiB, 260.34 W, 87, 2055 MHz, 0x0000000000000004
2026/09/28 21:13:28.090, 100 %, 46914 MiB, 273.30 W, 88, 2175 MHz, 0x0000000000000004
2026/09/28 21:13:33.091, 0 %, 46914 MiB, 205.27 W, 82, 2640 MHz, 0x0000000000000400
2026/09/28 21:13:38.091, 64 %, 46914 MiB, 249.50 W, 84, 2625 MHz, 0x0000000000000020
2026/09/28 21:13:43.092, 88 %, 46914 MiB, 241.69 W, 85, 2505 MHz, 0x0000000000000020
2026/09/28 21:13:48.092, 78 %, 46914 MiB, 236.64 W, 84, 2595 MHz, 0x0000000000000004
2026/09/28 21:13:53.093, 100 %, 46914 MiB, 276.95 W, 86, 2205 MHz, 0x0000000000000004
2026/09/28 21:13:58.093, 86 %, 46914 MiB, 276.79 W, 86, 2505 MHz, 0x0000000000000020
2026/09/28 21:14:03.094, 88 %, 46914 MiB, 243.59 W, 86, 2505 MHz, 0x0000000000000020
2026/09/28 21:14:08.095, 100 %, 46914 MiB, 252.01 W, 85, 2205 MHz, 0x0000000000000004
2026/09/28 21:14:13.095, 86 %, 46914 MiB, 237.87 W, 86, 2565 MHz, 0x0000000000000004
2026/09/28 21:14:18.096, 87 %, 46914 MiB, 239.60 W, 86, 2505 MHz, 0x0000000000000020
2026/09/28 21:14:23.097, 0 %, 46914 MiB, 261.53 W, 83, 2640 MHz, 0x0000000000000400
2026/09/28 21:14:28.097, 87 %, 46914 MiB, 275.14 W, 86, 2505 MHz, 0x0000000000000020
2026/09/28 21:14:33.098, 0 %, 46914 MiB, 241.24 W, 82, 2640 MHz, 0x0000000000000400
2026/09/28 21:14:38.098, 100 %, 46914 MiB, 277.43 W, 86, 2220 MHz, 0x0000000000000004
2026/09/28 21:14:43.099, 88 %, 46914 MiB, 236.25 W, 86, 2580 MHz, 0x0000000000000020
2026/09/28 21:14:48.100, 87 %, 46914 MiB, 238.35 W, 86, 2505 MHz, 0x0000000000000020
2026/09/28 21:14:53.100, 42 %, 46914 MiB, 248.36 W, 86, 2580 MHz, 0x0000000000000020
2026/09/28 21:14:58.101, 0 %, 46914 MiB, 259.12 W, 83, 2640 MHz, 0x0000000000000400
2026/09/28 21:15:03.102, 95 %, 46914 MiB, 236.90 W, 85, 1530 MHz, 0x0000000000000004
2026/09/28 21:15:08.102, 37 %, 46914 MiB, 232.30 W, 82, 2640 MHz, 0x0000000000000400
2026/09/28 21:15:13.103, 100 %, 46914 MiB, 280.75 W, 88, 1845 MHz, 0x0000000000000004
2026/09/28 21:15:18.104, 93 %, 46914 MiB, 273.97 W, 86, 2340 MHz, 0x0000000000000004
2026/09/28 21:15:23.104, 99 %, 46914 MiB, 261.32 W, 89, 1815 MHz, 0x0000000000000020
2026/09/28 21:15:28.105, 63 %, 46914 MiB, 228.06 W, 87, 2505 MHz, 0x0000000000000020
2026/09/28 21:15:33.105, 88 %, 46914 MiB, 262.54 W, 87, 2505 MHz, 0x0000000000000020
2026/09/28 21:15:38.106, 87 %, 46914 MiB, 230.76 W, 86, 2505 MHz, 0x0000000000000020
2026/09/28 21:15:43.107, 60 %, 46914 MiB, 259.44 W, 87, 2505 MHz, 0x0000000000000020
2026/09/28 21:15:48.107, 88 %, 46914 MiB, 272.90 W, 87, 2505 MHz, 0x0000000000000020
2026/09/28 21:15:53.108, 5 %, 46914 MiB, 221.24 W, 83, 2640 MHz, 0x0000000000000400
2026/09/28 21:15:58.109, 63 %, 46914 MiB, 224.79 W, 86, 2505 MHz, 0x0000000000000020
2026/09/28 21:16:03.109, 100 %, 46914 MiB, 223.20 W, 87, 1500 MHz, 0x0000000000000004
2026/09/28 21:16:08.110, 100 %, 46914 MiB, 224.26 W, 87, 1275 MHz, 0x0000000000000004
2026/09/28 21:16:13.111, 0 %, 46914 MiB, 145.51 W, 82, 2640 MHz, 0x0000000000000400
2026/09/28 21:16:18.113, 100 %, 46914 MiB, 129.32 W, 85, 2070 MHz, 0x0000000000000004
2026/09/28 21:16:23.114, 86 %, 46914 MiB, 281.07 W, 85, 2595 MHz, 0x0000000000000004
2026/09/28 21:16:28.115, 0 %, 46914 MiB, 106.33 W, 79, 2505 MHz, 0x0000000000000000
2026/09/28 21:16:33.116, 100 %, 46914 MiB, 219.35 W, 83, 2040 MHz, 0x0000000000000004
2026/09/28 21:16:38.117, 0 %, 46914 MiB, 143.26 W, 80, 2640 MHz, 0x0000000000000400
2026/09/28 21:16:43.118, 100 %, 46914 MiB, 226.70 W, 83, 1800 MHz, 0x0000000000000004
2026/09/28 21:16:48.120, 0 %, 46914 MiB, 161.25 W, 80, 2640 MHz, 0x0000000000000400
2026/09/28 21:16:53.120, 90 %, 46914 MiB, 235.98 W, 85, 2355 MHz, 0x0000000000000004
2026/09/28 21:16:58.121, 88 %, 46914 MiB, 281.03 W, 84, 2610 MHz, 0x0000000000000004
2026/09/28 21:17:03.121, 87 %, 46914 MiB, 171.43 W, 83, 2610 MHz, 0x0000000000000004
2026/09/28 21:17:08.122, 88 %, 46914 MiB, 277.85 W, 84, 2595 MHz, 0x0000000000000004
2026/09/28 21:17:13.123, 0 %, 46914 MiB, 98.28 W, 78, 2505 MHz, 0x0000000000000000
2026/09/28 21:17:18.124, 100 %, 46914 MiB, 271.13 W, 83, 1710 MHz, 0x0000000000000004
2026/09/28 21:17:23.124, 99 %, 46914 MiB, 276.55 W, 84, 2295 MHz, 0x0000000000000004
2026/09/28 21:17:28.125, 0 %, 46914 MiB, 250.01 W, 83, 2640 MHz, 0x0000000000000400
2026/09/28 21:17:33.127, 0 %, 46914 MiB, 107.01 W, 80, 2505 MHz, 0x0000000000000000
2026/09/28 21:17:38.128, 55 %, 46914 MiB, 238.22 W, 85, 2640 MHz, 0x0000000000000004
2026/09/28 21:17:43.129, 0 %, 46914 MiB, 142.08 W, 80, 2640 MHz, 0x0000000000000400
2026/09/28 21:17:48.130, 59 %, 46914 MiB, 218.56 W, 82, 2145 MHz, 0x0000000000000004
2026/09/28 21:17:53.130, 87 %, 46914 MiB, 282.78 W, 85, 2580 MHz, 0x0000000000000004
2026/09/28 21:17:58.131, 19 %, 46914 MiB, 156.32 W, 81, 2640 MHz, 0x0000000000000400
2026/09/28 21:18:03.131, 59 %, 46914 MiB, 275.27 W, 85, 2505 MHz, 0x0000000000000020
2026/09/28 21:18:08.132, 100 %, 46914 MiB, 249.29 W, 88, 1980 MHz, 0x0000000000000020
2026/09/28 21:18:13.133, 73 %, 46914 MiB, 273.76 W, 87, 2505 MHz, 0x0000000000000020
2026/09/28 21:18:18.133, 87 %, 46914 MiB, 271.42 W, 88, 2400 MHz, 0x0000000000000020
2026/09/28 21:18:23.134, 5 %, 46914 MiB, 261.13 W, 85, 2640 MHz, 0x0000000000000400
2026/09/28 21:18:28.134, 57 %, 46914 MiB, 154.64 W, 87, 2565 MHz, 0x0000000000000400
2026/09/28 21:18:33.135, 0 %, 46914 MiB, 138.05 W, 82, 2640 MHz, 0x0000000000000400
2026/09/28 21:18:38.136, 0 %, 46914 MiB, 99.75 W, 80, 2505 MHz, 0x0000000000000000
2026/09/28 21:18:43.137, 65 %, 46914 MiB, 190.08 W, 83, 2115 MHz, 0x0000000000000004
2026/09/28 21:18:48.137, 93 %, 46914 MiB, 203.43 W, 81, 2565 MHz, 0x0000000000000004
2026/09/28 21:18:53.138, 12 %, 46914 MiB, 201.15 W, 84, 2565 MHz, 0x0000000000000400
2026/09/28 21:18:58.138, 87 %, 46914 MiB, 236.86 W, 86, 2550 MHz, 0x0000000000000020
2026/09/28 21:19:03.139, 13 %, 46914 MiB, 224.62 W, 83, 2640 MHz, 0x0000000000000400
2026/09/28 21:19:08.140, 53 %, 46914 MiB, 203.85 W, 84, 2640 MHz, 0x0000000000000400
2026/09/28 21:19:13.140, 63 %, 46914 MiB, 192.33 W, 87, 1935 MHz, 0x0000000000000004
2026/09/28 21:19:18.141, 53 %, 46914 MiB, 239.12 W, 85, 2640 MHz, 0x0000000000000004
2026/09/28 21:19:23.141, 91 %, 46914 MiB, 265.84 W, 88, 1605 MHz, 0x0000000000000020
2026/09/28 21:19:28.142, 100 %, 46914 MiB, 256.42 W, 86, 1200 MHz, 0x0000000000000020
2026/09/28 21:19:33.142, 100 %, 46914 MiB, 262.14 W, 87, 945 MHz, 0x0000000000000004
2026/09/28 21:19:38.143, 100 %, 46914 MiB, 275.36 W, 90, 1800 MHz, 0x0000000000000004
2026/09/28 21:19:43.144, 100 %, 46914 MiB, 260.89 W, 87, 1365 MHz, 0x0000000000000020
2026/09/28 21:19:48.144, 73 %, 46914 MiB, 230.87 W, 88, 2505 MHz, 0x0000000000000020
2026/09/28 21:19:53.145, 0 %, 46914 MiB, 237.55 W, 83, 2640 MHz, 0x0000000000000400
2026/09/28 21:19:58.146, 85 %, 46914 MiB, 220.44 W, 86, 2505 MHz, 0x0000000000000020
2026/09/28 21:20:03.146, 40 %, 46914 MiB, 217.68 W, 87, 1740 MHz, 0x0000000000000404
2026/09/28 21:20:08.147, 84 %, 46914 MiB, 270.27 W, 86, 2640 MHz, 0x0000000000000020
2026/09/28 21:20:13.147, 100 %, 46914 MiB, 233.56 W, 85, 1845 MHz, 0x0000000000000004
2026/09/28 21:20:18.148, 0 %, 46914 MiB, 249.35 W, 81, 2640 MHz, 0x0000000000000400
2026/09/28 21:20:23.149, 91 %, 46914 MiB, 279.40 W, 86, 2295 MHz, 0x0000000000000004
2026/09/28 21:20:28.149, 100 %, 46914 MiB, 276.23 W, 85, 2415 MHz, 0x0000000000000004
2026/09/28 21:20:33.150, 100 %, 46914 MiB, 279.02 W, 87, 2085 MHz, 0x0000000000000004
2026/09/28 21:20:38.150, 100 %, 46914 MiB, 277.48 W, 87, 1905 MHz, 0x0000000000000004
2026/09/28 21:20:43.151, 32 %, 46914 MiB, 229.19 W, 83, 2640 MHz, 0x0000000000000400
2026/09/28 21:20:48.152, 87 %, 46914 MiB, 262.76 W, 86, 2520 MHz, 0x0000000000000020
2026/09/28 21:20:53.152, 87 %, 46914 MiB, 235.28 W, 85, 2550 MHz, 0x0000000000000020
2026/09/28 21:20:58.153, 100 %, 46914 MiB, 246.50 W, 84, 1875 MHz, 0x0000000000000004
2026/09/28 21:21:03.153, 100 %, 46914 MiB, 227.47 W, 86, 1995 MHz, 0x0000000000000004
2026/09/28 21:21:08.154, 100 %, 46914 MiB, 239.97 W, 86, 1440 MHz, 0x0000000000000004
2026/09/28 21:21:13.155, 100 %, 46914 MiB, 281.40 W, 87, 1290 MHz, 0x0000000000000004
2026/09/28 21:21:18.155, 86 %, 46914 MiB, 286.51 W, 86, 2505 MHz, 0x0000000000000020
2026/09/28 21:21:23.156, 85 %, 46914 MiB, 280.62 W, 86, 2565 MHz, 0x0000000000000020
2026/09/28 21:21:28.156, 84 %, 46914 MiB, 280.61 W, 87, 2505 MHz, 0x0000000000000020
2026/09/28 21:21:33.157, 85 %, 46914 MiB, 285.32 W, 87, 2505 MHz, 0x0000000000000020
2026/09/28 21:21:38.158, 86 %, 46914 MiB, 268.23 W, 87, 2505 MHz, 0x0000000000000020
2026/09/28 21:21:43.158, 100 %, 46914 MiB, 235.43 W, 86, 1710 MHz, 0x0000000000000004
2026/09/28 21:21:48.159, 60 %, 46914 MiB, 226.61 W, 86, 2625 MHz, 0x0000000000000004
2026/09/28 21:21:53.160, 88 %, 46914 MiB, 228.12 W, 86, 2505 MHz, 0x0000000000000020
2026/09/28 21:21:58.160, 86 %, 46914 MiB, 271.85 W, 86, 2505 MHz, 0x0000000000000020
2026/09/28 21:22:03.161, 86 %, 46914 MiB, 225.94 W, 86, 2595 MHz, 0x0000000000000004
2026/09/28 21:22:08.161, 93 %, 46914 MiB, 176.87 W, 86, 2220 MHz, 0x0000000000000004
2026/09/28 21:22:13.162, 91 %, 46914 MiB, 276.61 W, 86, 1665 MHz, 0x0000000000000004
2026/09/28 21:22:18.162, 28 %, 46914 MiB, 257.71 W, 83, 2640 MHz, 0x0000000000000400
2026/09/28 21:22:23.163, 100 %, 46914 MiB, 250.23 W, 86, 1590 MHz, 0x0000000000000004
2026/09/28 21:22:28.164, 87 %, 46914 MiB, 287.05 W, 86, 2535 MHz, 0x0000000000000020
2026/09/28 21:22:33.164, 88 %, 46914 MiB, 281.05 W, 87, 2505 MHz, 0x0000000000000020
2026/09/28 21:22:38.165, 88 %, 46914 MiB, 285.33 W, 87, 2505 MHz, 0x0000000000000020
2026/09/28 21:22:43.166, 86 %, 46914 MiB, 280.01 W, 87, 2460 MHz, 0x0000000000000020
2026/09/28 21:22:48.166, 87 %, 46914 MiB, 278.76 W, 87, 2445 MHz, 0x0000000000000020
2026/09/28 21:22:53.167, 86 %, 46914 MiB, 276.62 W, 87, 2445 MHz, 0x0000000000000020
2026/09/28 21:22:58.168, 87 %, 46914 MiB, 271.00 W, 87, 2460 MHz, 0x0000000000000020
2026/09/28 21:23:03.168, 87 %, 46914 MiB, 271.01 W, 87, 2400 MHz, 0x0000000000000020
2026/09/28 21:23:08.169, 0 %, 46914 MiB, 213.38 W, 84, 2640 MHz, 0x0000000000000400
2026/09/28 21:23:13.170, 87 %, 46914 MiB, 273.30 W, 87, 2445 MHz, 0x0000000000000020
2026/09/28 21:23:18.170, 86 %, 46914 MiB, 274.96 W, 87, 2415 MHz, 0x0000000000000020
2026/09/28 21:23:23.172, 0 %, 46914 MiB, 184.34 W, 83, 2640 MHz, 0x0000000000000400
2026/09/28 21:23:28.173, 87 %, 46914 MiB, 260.37 W, 86, 2520 MHz, 0x0000000000000020
2026/09/28 21:23:33.173, 63 %, 46914 MiB, 282.13 W, 87, 2520 MHz, 0x0000000000000020
2026/09/28 21:23:38.174, 87 %, 46914 MiB, 282.48 W, 87, 2445 MHz, 0x0000000000000020
2026/09/28 21:23:43.175, 100 %, 46914 MiB, 245.60 W, 86, 1650 MHz, 0x0000000000000020
2026/09/28 21:23:48.176, 86 %, 46914 MiB, 197.73 W, 86, 2565 MHz, 0x0000000000000020
2026/09/28 21:23:53.176, 88 %, 46914 MiB, 281.14 W, 86, 2505 MHz, 0x0000000000000020
2026/09/28 21:23:58.177, 87 %, 46914 MiB, 281.93 W, 87, 2505 MHz, 0x0000000000000020
2026/09/28 21:24:03.178, 86 %, 46914 MiB, 284.58 W, 87, 2505 MHz, 0x0000000000000020
2026/09/28 21:24:08.178, 86 %, 46914 MiB, 275.79 W, 87, 2400 MHz, 0x0000000000000020
2026/09/28 21:24:13.179, 0 %, 46914 MiB, 218.28 W, 83, 2640 MHz, 0x0000000000000400
2026/09/28 21:24:18.180, 86 %, 46914 MiB, 287.05 W, 87, 2475 MHz, 0x0000000000000020
2026/09/28 21:24:23.181, 88 %, 46914 MiB, 280.12 W, 87, 2430 MHz, 0x0000000000000020
2026/09/28 21:24:28.181, 0 %, 46914 MiB, 265.03 W, 84, 2640 MHz, 0x0000000000000400
2026/09/28 21:24:33.182, 86 %, 46914 MiB, 274.10 W, 87, 2355 MHz, 0x0000000000000020
2026/09/28 21:24:38.183, 87 %, 46914 MiB, 271.84 W, 87, 2400 MHz, 0x0000000000000020
2026/09/28 21:24:43.183, 100 %, 46914 MiB, 251.52 W, 89, 1815 MHz, 0x0000000000000004
2026/09/28 21:24:48.184, 88 %, 46914 MiB, 272.11 W, 87, 2595 MHz, 0x0000000000000020
2026/09/28 21:24:53.184, 87 %, 46914 MiB, 275.92 W, 87, 2415 MHz, 0x0000000000000020
2026/09/28 21:24:58.185, 88 %, 46914 MiB, 264.81 W, 87, 2400 MHz, 0x0000000000000020
2026/09/28 21:25:03.186, 86 %, 46914 MiB, 274.12 W, 88, 2415 MHz, 0x0000000000000020
2026/09/28 21:25:08.186, 88 %, 46914 MiB, 274.16 W, 87, 2370 MHz, 0x0000000000000020
2026/09/28 21:25:13.187, 88 %, 46914 MiB, 233.96 W, 87, 2475 MHz, 0x0000000000000020
2026/09/28 21:25:18.187, 91 %, 46914 MiB, 264.29 W, 88, 2280 MHz, 0x0000000000000004
2026/09/28 21:25:23.188, 90 %, 46914 MiB, 264.88 W, 88, 1950 MHz, 0x0000000000000004
2026/09/28 21:25:28.188, 39 %, 46914 MiB, 208.98 W, 84, 2640 MHz, 0x0000000000000400
2026/09/28 21:25:33.189, 87 %, 46914 MiB, 260.63 W, 86, 2505 MHz, 0x0000000000000020
2026/09/28 21:25:38.190, 59 %, 46914 MiB, 212.94 W, 85, 2640 MHz, 0x0000000000000400
2026/09/28 21:25:43.190, 12 %, 46914 MiB, 205.92 W, 83, 2640 MHz, 0x0000000000000400
2026/09/28 21:25:48.191, 92 %, 46914 MiB, 279.68 W, 87, 2025 MHz, 0x0000000000000020
2026/09/28 21:25:53.191, 98 %, 46914 MiB, 277.74 W, 85, 1935 MHz, 0x0000000000000004
2026/09/28 21:25:58.192, 100 %, 46914 MiB, 269.36 W, 88, 1830 MHz, 0x0000000000000004
2026/09/28 21:26:03.193, 99 %, 46914 MiB, 224.19 W, 87, 1665 MHz, 0x0000000000000004
2026/09/28 21:26:08.193, 86 %, 46914 MiB, 243.87 W, 86, 2505 MHz, 0x0000000000000020
2026/09/28 21:26:13.194, 86 %, 46914 MiB, 221.73 W, 86, 2505 MHz, 0x0000000000000020
2026/09/28 21:26:18.194, 100 %, 46914 MiB, 229.43 W, 86, 2070 MHz, 0x0000000000000400
2026/09/28 21:26:23.195, 31 %, 46914 MiB, 237.66 W, 84, 2505 MHz, 0x0000000000000020
2026/09/28 21:26:28.195, 87 %, 46914 MiB, 286.45 W, 86, 2505 MHz, 0x0000000000000020
2026/09/28 21:26:33.196, 86 %, 46914 MiB, 281.55 W, 87, 2505 MHz, 0x0000000000000020
2026/09/28 21:26:38.196, 87 %, 46914 MiB, 266.42 W, 87, 2505 MHz, 0x0000000000000020
2026/09/28 21:26:43.197, 86 %, 46914 MiB, 230.50 W, 87, 2505 MHz, 0x0000000000000004
2026/09/28 21:26:48.198, 100 %, 46914 MiB, 233.58 W, 84, 1845 MHz, 0x0000000000000004
2026/09/28 21:26:53.198, 100 %, 46914 MiB, 276.96 W, 85, 1875 MHz, 0x0000000000000020
2026/09/28 21:26:58.199, 87 %, 46914 MiB, 256.34 W, 86, 2505 MHz, 0x0000000000000020
2026/09/28 21:27:03.199, 64 %, 46914 MiB, 254.10 W, 84, 2640 MHz, 0x0000000000000020
2026/09/28 21:27:08.200, 0 %, 46914 MiB, 221.93 W, 82, 2640 MHz, 0x0000000000000400
2026/09/28 21:27:13.200, 87 %, 46914 MiB, 262.53 W, 87, 2505 MHz, 0x0000000000000020
2026/09/28 21:27:18.201, 88 %, 46914 MiB, 250.29 W, 86, 2505 MHz, 0x0000000000000020
2026/09/28 21:27:23.202, 52 %, 46914 MiB, 266.32 W, 86, 2595 MHz, 0x0000000000000400
2026/09/28 21:27:28.202, 87 %, 46914 MiB, 260.04 W, 86, 2505 MHz, 0x0000000000000020
2026/09/28 21:27:33.203, 78 %, 46914 MiB, 240.92 W, 86, 2550 MHz, 0x0000000000000004
2026/09/28 21:27:38.203, 89 %, 46914 MiB, 234.06 W, 86, 2535 MHz, 0x0000000000000020
2026/09/28 21:27:43.204, 100 %, 46914 MiB, 278.40 W, 88, 1575 MHz, 0x0000000000000004
2026/09/28 21:27:48.205, 71 %, 46914 MiB, 259.92 W, 87, 1785 MHz, 0x0000000000000004
2026/09/28 21:27:53.206, 2 %, 46914 MiB, 224.38 W, 82, 2640 MHz, 0x0000000000000400
2026/09/28 21:27:58.206, 42 %, 46914 MiB, 203.48 W, 83, 2640 MHz, 0x0000000000000404
2026/09/28 21:28:03.207, 46 %, 46914 MiB, 220.38 W, 83, 2640 MHz, 0x0000000000000400
2026/09/28 21:28:08.207, 87 %, 46914 MiB, 234.52 W, 86, 2535 MHz, 0x0000000000000020
2026/09/28 21:28:13.208, 78 %, 46914 MiB, 226.56 W, 86, 2505 MHz, 0x0000000000000020
2026/09/28 21:28:18.209, 87 %, 46914 MiB, 229.10 W, 86, 2565 MHz, 0x0000000000000020
2026/09/28 21:28:23.209, 87 %, 46914 MiB, 247.94 W, 86, 2535 MHz, 0x0000000000000020
2026/09/28 21:28:28.210, 6 %, 46914 MiB, 223.00 W, 82, 2595 MHz, 0x0000000000000400
2026/09/28 21:28:33.210, 45 %, 46914 MiB, 251.43 W, 83, 2640 MHz, 0x0000000000000400
2026/09/28 21:28:38.211, 86 %, 46914 MiB, 230.74 W, 86, 2505 MHz, 0x0000000000000020
2026/09/28 21:28:43.211, 100 %, 46914 MiB, 216.44 W, 86, 2040 MHz, 0x0000000000000004
2026/09/28 21:28:48.212, 89 %, 46914 MiB, 233.36 W, 86, 2520 MHz, 0x0000000000000020
2026/09/28 21:28:53.213, 87 %, 46914 MiB, 272.70 W, 86, 2505 MHz, 0x0000000000000020
2026/09/28 21:28:58.213, 0 %, 46914 MiB, 230.37 W, 83, 2640 MHz, 0x0000000000000400
2026/09/28 21:29:03.214, 87 %, 46914 MiB, 254.33 W, 87, 2505 MHz, 0x0000000000000020
2026/09/28 21:29:08.214, 6 %, 46914 MiB, 247.17 W, 83, 2085 MHz, 0x0000000000000400
2026/09/28 21:29:13.215, 87 %, 46914 MiB, 280.81 W, 87, 2460 MHz, 0x0000000000000020
2026/09/28 21:29:18.216, 33 %, 46914 MiB, 232.49 W, 87, 1515 MHz, 0x0000000000000004
2026/09/28 21:29:23.216, 100 %, 46914 MiB, 241.45 W, 89, 1680 MHz, 0x0000000000000004
2026/09/28 21:29:28.217, 0 %, 46914 MiB, 248.32 W, 84, 2640 MHz, 0x0000000000000400
2026/09/28 21:29:33.217, 89 %, 46914 MiB, 268.71 W, 87, 2415 MHz, 0x0000000000000020
2026/09/28 21:29:38.218, 87 %, 46914 MiB, 236.12 W, 87, 2445 MHz, 0x0000000000000020
2026/09/28 21:29:43.219, 87 %, 46914 MiB, 245.33 W, 87, 2430 MHz, 0x0000000000000020
2026/09/28 21:29:48.219, 100 %, 46914 MiB, 262.78 W, 88, 915 MHz, 0x0000000000000020
2026/09/28 21:29:53.220, 24 %, 46914 MiB, 238.75 W, 84, 2640 MHz, 0x0000000000000400
2026/09/28 21:29:58.220, 14 %, 46914 MiB, 248.64 W, 84, 2640 MHz, 0x0000000000000400
2026/09/28 21:30:03.221, 87 %, 46914 MiB, 263.40 W, 87, 2475 MHz, 0x0000000000000020
2026/09/28 21:30:08.222, 16 %, 46914 MiB, 227.17 W, 83, 2640 MHz, 0x0000000000000400
2026/09/28 21:30:13.222, 100 %, 46914 MiB, 230.88 W, 88, 1635 MHz, 0x0000000000000004
2026/09/28 21:30:18.223, 100 %, 46914 MiB, 251.51 W, 86, 1485 MHz, 0x0000000000000004
2026/09/28 21:30:23.224, 73 %, 46914 MiB, 230.91 W, 86, 2520 MHz, 0x0000000000000020
2026/09/28 21:30:28.224, 100 %, 46914 MiB, 273.09 W, 88, 2010 MHz, 0x0000000000000004
2026/09/28 21:30:33.225, 58 %, 46914 MiB, 235.47 W, 84, 2640 MHz, 0x0000000000000004
2026/09/28 21:30:38.226, 88 %, 46914 MiB, 280.31 W, 87, 2505 MHz, 0x0000000000000020
2026/09/28 21:30:43.226, 92 %, 46914 MiB, 230.42 W, 88, 1920 MHz, 0x0000000000000004
2026/09/28 21:30:48.227, 88 %, 46914 MiB, 277.16 W, 87, 2505 MHz, 0x0000000000000020
2026/09/28 21:30:53.227, 63 %, 46914 MiB, 279.04 W, 86, 2445 MHz, 0x0000000000000020
2026/09/28 21:30:58.228, 89 %, 46914 MiB, 273.46 W, 87, 2505 MHz, 0x0000000000000020
2026/09/28 21:31:03.229, 67 %, 46914 MiB, 281.92 W, 87, 2640 MHz, 0x0000000000000020
2026/09/28 21:31:08.229, 100 %, 46914 MiB, 250.33 W, 88, 1380 MHz, 0x0000000000000004
2026/09/28 21:31:13.230, 100 %, 46914 MiB, 229.86 W, 87, 2055 MHz, 0x0000000000000004
2026/09/28 21:31:18.231, 76 %, 46914 MiB, 234.92 W, 86, 2610 MHz, 0x0000000000000004
2026/09/28 21:31:23.232, 100 %, 46914 MiB, 279.61 W, 86, 1665 MHz, 0x0000000000000004
2026/09/28 21:31:28.232, 36 %, 46914 MiB, 222.57 W, 88, 2265 MHz, 0x0000000000000400
2026/09/28 21:31:33.233, 85 %, 46914 MiB, 232.29 W, 86, 2535 MHz, 0x0000000000000004
2026/09/28 21:31:38.233, 86 %, 46914 MiB, 269.41 W, 87, 2505 MHz, 0x0000000000000020
2026/09/28 21:31:43.234, 72 %, 46914 MiB, 234.01 W, 87, 2505 MHz, 0x0000000000000020
2026/09/28 21:31:48.234, 87 %, 46914 MiB, 285.41 W, 87, 2505 MHz, 0x0000000000000020
2026/09/28 21:31:53.235, 78 %, 46914 MiB, 225.60 W, 88, 1950 MHz, 0x0000000000000004
2026/09/28 21:31:58.236, 75 %, 46914 MiB, 248.16 W, 84, 2640 MHz, 0x0000000000000020
2026/09/28 21:32:03.236, 88 %, 46914 MiB, 282.65 W, 87, 2445 MHz, 0x0000000000000020
2026/09/28 21:32:08.237, 86 %, 46914 MiB, 276.43 W, 87, 2370 MHz, 0x0000000000000020
2026/09/28 21:32:13.238, 5 %, 46914 MiB, 252.57 W, 84, 2640 MHz, 0x0000000000000400
2026/09/28 21:32:18.238, 88 %, 46914 MiB, 272.14 W, 87, 2430 MHz, 0x0000000000000020
2026/09/28 21:32:23.239, 86 %, 46914 MiB, 276.00 W, 88, 2400 MHz, 0x0000000000000020
2026/09/28 21:32:28.239, 0 %, 46914 MiB, 233.89 W, 84, 2640 MHz, 0x0000000000000400
2026/09/28 21:32:33.240, 100 %, 46914 MiB, 261.72 W, 85, 1860 MHz, 0x0000000000000020
2026/09/28 21:32:38.241, 100 %, 46914 MiB, 264.45 W, 89, 1590 MHz, 0x0000000000000004
2026/09/28 21:32:43.241, 85 %, 46914 MiB, 267.11 W, 86, 2505 MHz, 0x0000000000000004
2026/09/28 21:32:48.242, 100 %, 46914 MiB, 267.17 W, 87, 1050 MHz, 0x0000000000000020
2026/09/28 21:32:53.243, 100 %, 46914 MiB, 271.79 W, 86, 1290 MHz, 0x0000000000000004
2026/09/28 21:32:58.243, 100 %, 46914 MiB, 256.53 W, 88, 1440 MHz, 0x0000000000000004
2026/09/28 21:33:03.244, 78 %, 46914 MiB, 236.95 W, 89, 1845 MHz, 0x0000000000000004
2026/09/28 21:33:08.244, 83 %, 46914 MiB, 246.78 W, 87, 2505 MHz, 0x0000000000000020
2026/09/28 21:33:13.245, 86 %, 46914 MiB, 283.25 W, 87, 2445 MHz, 0x0000000000000020
2026/09/28 21:33:18.246, 66 %, 46914 MiB, 280.17 W, 86, 2415 MHz, 0x0000000000000020
2026/09/28 21:33:23.246, 85 %, 46914 MiB, 232.06 W, 87, 2505 MHz, 0x0000000000000020
2026/09/28 21:33:28.247, 86 %, 46914 MiB, 267.99 W, 86, 2505 MHz, 0x0000000000000020
2026/09/28 21:33:33.248, 35 %, 46914 MiB, 215.17 W, 87, 1905 MHz, 0x0000000000000400
2026/09/28 21:33:38.248, 100 %, 46914 MiB, 234.70 W, 86, 1680 MHz, 0x0000000000000004
2026/09/28 21:33:43.249, 85 %, 46914 MiB, 236.34 W, 86, 2520 MHz, 0x0000000000000020
2026/09/28 21:33:48.249, 11 %, 46914 MiB, 214.76 W, 85, 2415 MHz, 0x0000000000000400
2026/09/28 21:33:53.250, 86 %, 46914 MiB, 224.92 W, 85, 2565 MHz, 0x0000000000000020
2026/09/28 21:33:58.251, 21 %, 46914 MiB, 219.02 W, 84, 1830 MHz, 0x0000000000000004
2026/09/28 21:34:03.251, 11 %, 46914 MiB, 212.64 W, 85, 2160 MHz, 0x0000000000000004
2026/09/28 21:34:08.252, 8 %, 46914 MiB, 212.43 W, 80, 2640 MHz, 0x0000000000000400
2026/09/28 21:34:13.252, 100 %, 46914 MiB, 217.41 W, 85, 2085 MHz, 0x0000000000000004
2026/09/28 21:34:18.253, 8 %, 46914 MiB, 221.83 W, 80, 2640 MHz, 0x0000000000000400
2026/09/28 21:34:23.254, 5 %, 46914 MiB, 227.90 W, 80, 2640 MHz, 0x0000000000000400
2026/09/28 21:34:28.254, 91 %, 46914 MiB, 277.63 W, 83, 1770 MHz, 0x0000000000000004
2026/09/28 21:34:33.255, 100 %, 46914 MiB, 281.43 W, 86, 1860 MHz, 0x0000000000000004
2026/09/28 21:34:38.255, 66 %, 46914 MiB, 247.61 W, 85, 2640 MHz, 0x0000000000000004
2026/09/28 21:34:43.256, 90 %, 46914 MiB, 238.71 W, 84, 1965 MHz, 0x0000000000000004
2026/09/28 21:34:48.257, 60 %, 46914 MiB, 228.05 W, 84, 2640 MHz, 0x0000000000000400
2026/09/28 21:34:53.257, 6 %, 46914 MiB, 235.15 W, 83, 2640 MHz, 0x0000000000000400
2026/09/28 21:34:58.258, 3 %, 46914 MiB, 246.49 W, 82, 2640 MHz, 0x0000000000000400
2026/09/28 21:35:03.259, 100 %, 46914 MiB, 261.31 W, 87, 2190 MHz, 0x0000000000000004
2026/09/28 21:35:08.259, 100 %, 46914 MiB, 278.60 W, 88, 1560 MHz, 0x0000000000000004
2026/09/28 21:35:13.260, 100 %, 46914 MiB, 271.75 W, 87, 1560 MHz, 0x0000000000000004
2026/09/28 21:35:18.260, 20 %, 46914 MiB, 228.35 W, 83, 2640 MHz, 0x0000000000000400
2026/09/28 21:35:23.261, 86 %, 46914 MiB, 239.32 W, 87, 2505 MHz, 0x0000000000000020
2026/09/28 21:35:28.262, 68 %, 46914 MiB, 230.79 W, 85, 2580 MHz, 0x0000000000000400
2026/09/28 21:35:33.262, 86 %, 46914 MiB, 241.35 W, 87, 2505 MHz, 0x0000000000000020
2026/09/28 21:35:38.263, 62 %, 46914 MiB, 236.58 W, 85, 2505 MHz, 0x0000000000000020
2026/09/28 21:35:43.263, 44 %, 46914 MiB, 242.34 W, 86, 2490 MHz, 0x0000000000000020
2026/09/28 21:35:48.264, 7 %, 46914 MiB, 215.68 W, 83, 2640 MHz, 0x0000000000000400
2026/09/28 21:35:53.264, 100 %, 46914 MiB, 269.06 W, 88, 1875 MHz, 0x0000000000000004
2026/09/28 21:35:58.265, 85 %, 46914 MiB, 250.10 W, 88, 2490 MHz, 0x0000000000000020
2026/09/28 21:36:03.266, 26 %, 46914 MiB, 219.16 W, 84, 2640 MHz, 0x0000000000000400
2026/09/28 21:36:08.266, 51 %, 46914 MiB, 264.49 W, 84, 2640 MHz, 0x0000000000000020
2026/09/28 21:36:13.267, 85 %, 46914 MiB, 278.05 W, 87, 2445 MHz, 0x0000000000000020
2026/09/28 21:36:18.267, 77 %, 46914 MiB, 232.65 W, 84, 2640 MHz, 0x0000000000000020
2026/09/28 21:36:23.268, 7 %, 46914 MiB, 234.13 W, 83, 2640 MHz, 0x0000000000000400
2026/09/28 21:36:28.269, 88 %, 46914 MiB, 280.70 W, 87, 2460 MHz, 0x0000000000000020
2026/09/28 21:36:33.269, 75 %, 46914 MiB, 226.66 W, 87, 2505 MHz, 0x0000000000000004
2026/09/28 21:36:38.270, 100 %, 46914 MiB, 240.17 W, 86, 1350 MHz, 0x0000000000000004
2026/09/28 21:36:43.271, 100 %, 46914 MiB, 233.36 W, 86, 1455 MHz, 0x0000000000000004
2026/09/28 21:36:48.271, 68 %, 46914 MiB, 217.43 W, 88, 1515 MHz, 0x0000000000000004
2026/09/28 21:36:53.272, 33 %, 46914 MiB, 262.61 W, 84, 2640 MHz, 0x0000000000000400
2026/09/28 21:36:58.273, 86 %, 46914 MiB, 286.32 W, 86, 2505 MHz, 0x0000000000000020
2026/09/28 21:37:03.273, 86 %, 46914 MiB, 221.52 W, 87, 2505 MHz, 0x0000000000000020
2026/09/28 21:37:08.274, 100 %, 46914 MiB, 242.87 W, 88, 1275 MHz, 0x0000000000000004
2026/09/28 21:37:13.274, 7 %, 46914 MiB, 252.08 W, 83, 2640 MHz, 0x0000000000000400
2026/09/28 21:37:18.275, 57 %, 46914 MiB, 227.59 W, 83, 2490 MHz, 0x0000000000000020
2026/09/28 21:37:23.276, 5 %, 46914 MiB, 254.40 W, 83, 2250 MHz, 0x0000000000000400
2026/09/28 21:37:28.276, 87 %, 46914 MiB, 285.44 W, 87, 2505 MHz, 0x0000000000000020
2026/09/28 21:37:33.277, 85 %, 46914 MiB, 238.06 W, 87, 2625 MHz, 0x0000000000000020
2026/09/28 21:37:38.277, 60 %, 46914 MiB, 239.10 W, 85, 1320 MHz, 0x0000000000000004
2026/09/28 21:37:43.278, 87 %, 46914 MiB, 287.62 W, 86, 2505 MHz, 0x0000000000000020
2026/09/28 21:37:48.279, 85 %, 46914 MiB, 227.53 W, 87, 2505 MHz, 0x0000000000000020
2026/09/28 21:37:53.279, 84 %, 46914 MiB, 262.60 W, 86, 2505 MHz, 0x0000000000000020
2026/09/28 21:37:58.280, 7 %, 46914 MiB, 247.48 W, 82, 2640 MHz, 0x0000000000000400
2026/09/28 21:38:03.280, 22 %, 46914 MiB, 222.22 W, 84, 2640 MHz, 0x0000000000000400
2026/09/28 21:38:08.281, 80 %, 46914 MiB, 267.72 W, 85, 2640 MHz, 0x0000000000000020
2026/09/28 21:38:13.282, 92 %, 46914 MiB, 283.85 W, 88, 2190 MHz, 0x0000000000000004
2026/09/28 21:38:18.282, 100 %, 46914 MiB, 276.40 W, 87, 1485 MHz, 0x0000000000000004
2026/09/28 21:38:23.283, 100 %, 46914 MiB, 273.27 W, 88, 1455 MHz, 0x0000000000000004
2026/09/28 21:38:28.284, 87 %, 46914 MiB, 270.11 W, 88, 1860 MHz, 0x0000000000000004
2026/09/28 21:38:33.284, 96 %, 46914 MiB, 274.82 W, 89, 1230 MHz, 0x0000000000000020
2026/09/28 21:38:38.285, 0 %, 46914 MiB, 247.18 W, 84, 2640 MHz, 0x0000000000000400
2026/09/28 21:38:43.285, 85 %, 46914 MiB, 279.88 W, 87, 2445 MHz, 0x0000000000000020
2026/09/28 21:38:48.286, 62 %, 46914 MiB, 276.72 W, 86, 2505 MHz, 0x0000000000000020
2026/09/28 21:38:53.286, 85 %, 46914 MiB, 234.64 W, 88, 2445 MHz, 0x0000000000000020
2026/09/28 21:38:58.287, 13 %, 46914 MiB, 240.32 W, 84, 2640 MHz, 0x0000000000000400
2026/09/28 21:39:03.288, 38 %, 46914 MiB, 236.43 W, 85, 2475 MHz, 0x0000000000000420
2026/09/28 21:39:08.288, 88 %, 46914 MiB, 282.78 W, 87, 2505 MHz, 0x0000000000000020
2026/09/28 21:39:13.289, 85 %, 46914 MiB, 277.76 W, 87, 2415 MHz, 0x0000000000000020
2026/09/28 21:39:18.290, 86 %, 46914 MiB, 277.91 W, 88, 2505 MHz, 0x0000000000000020
2026/09/28 21:39:23.290, 87 %, 46914 MiB, 273.29 W, 88, 2430 MHz, 0x0000000000000020
2026/09/28 21:39:28.291, 100 %, 46914 MiB, 245.61 W, 87, 1725 MHz, 0x0000000000000004
2026/09/28 21:39:33.291, 94 %, 46914 MiB, 242.36 W, 88, 2100 MHz, 0x0000000000000004
2026/09/28 21:39:38.292, 87 %, 46914 MiB, 267.60 W, 87, 2460 MHz, 0x0000000000000020
2026/09/28 21:39:43.292, 100 %, 46914 MiB, 235.86 W, 86, 1965 MHz, 0x0000000000000004
2026/09/28 21:39:48.293, 71 %, 46914 MiB, 276.61 W, 85, 2370 MHz, 0x0000000000000004
2026/09/28 21:39:53.294, 100 %, 46914 MiB, 275.32 W, 86, 1950 MHz, 0x0000000000000004
2026/09/28 21:39:58.294, 100 %, 46914 MiB, 275.41 W, 88, 2055 MHz, 0x0000000000000004
2026/09/28 21:40:03.295, 86 %, 46914 MiB, 263.85 W, 87, 2505 MHz, 0x0000000000000020
2026/09/28 21:40:08.295, 5 %, 46914 MiB, 261.01 W, 84, 2640 MHz, 0x0000000000000400
2026/09/28 21:40:13.296, 45 %, 46914 MiB, 275.71 W, 87, 2640 MHz, 0x0000000000000400
2026/09/28 21:40:18.296, 86 %, 46914 MiB, 282.54 W, 87, 2505 MHz, 0x0000000000000020
2026/09/28 21:40:23.297, 87 %, 46914 MiB, 236.54 W, 87, 2505 MHz, 0x0000000000000020
2026/09/28 21:40:28.298, 87 %, 46914 MiB, 287.05 W, 86, 2505 MHz, 0x0000000000000020
2026/09/28 21:40:33.298, 88 %, 46914 MiB, 270.46 W, 86, 2520 MHz, 0x0000000000000020
2026/09/28 21:40:38.299, 58 %, 46914 MiB, 264.13 W, 86, 2505 MHz, 0x0000000000000400
2026/09/28 21:40:43.299, 87 %, 46914 MiB, 279.22 W, 86, 2505 MHz, 0x0000000000000020
2026/09/28 21:40:48.300, 100 %, 46914 MiB, 250.42 W, 87, 1815 MHz, 0x0000000000000004
2026/09/28 21:40:53.300, 86 %, 46914 MiB, 270.35 W, 87, 2505 MHz, 0x0000000000000020
2026/09/28 21:40:58.301, 61 %, 46914 MiB, 232.94 W, 86, 2505 MHz, 0x0000000000000400
2026/09/28 21:41:03.302, 85 %, 46914 MiB, 279.80 W, 86, 2505 MHz, 0x0000000000000020
2026/09/28 21:41:08.302, 100 %, 46914 MiB, 281.07 W, 86, 1995 MHz, 0x0000000000000004
2026/09/28 21:41:13.303, 85 %, 46914 MiB, 277.34 W, 86, 2505 MHz, 0x0000000000000020
2026/09/28 21:41:18.304, 13 %, 46914 MiB, 228.91 W, 82, 2640 MHz, 0x0000000000000400
2026/09/28 21:41:23.304, 100 %, 46914 MiB, 242.14 W, 86, 1845 MHz, 0x0000000000000004
2026/09/28 21:41:28.305, 88 %, 46914 MiB, 286.39 W, 86, 2505 MHz, 0x0000000000000020
2026/09/28 21:41:33.305, 85 %, 46914 MiB, 282.65 W, 86, 2505 MHz, 0x0000000000000020
2026/09/28 21:41:38.306, 86 %, 46914 MiB, 285.95 W, 86, 2505 MHz, 0x0000000000000020
2026/09/28 21:41:43.306, 74 %, 46914 MiB, 284.48 W, 86, 2505 MHz, 0x0000000000000020
2026/09/28 21:41:48.307, 91 %, 46914 MiB, 236.88 W, 84, 2550 MHz, 0x0000000000000004
2026/09/28 21:41:53.308, 34 %, 46914 MiB, 200.09 W, 85, 2640 MHz, 0x0000000000000400
2026/09/28 21:41:58.308, 83 %, 46914 MiB, 245.98 W, 86, 1815 MHz, 0x0000000000000004
2026/09/28 21:42:03.309, 85 %, 46914 MiB, 266.35 W, 86, 2505 MHz, 0x0000000000000020
2026/09/28 21:42:08.310, 86 %, 46914 MiB, 281.57 W, 86, 2505 MHz, 0x0000000000000020
2026/09/28 21:42:13.310, 88 %, 46914 MiB, 225.05 W, 86, 2505 MHz, 0x0000000000000020
2026/09/28 21:42:18.311, 100 %, 46914 MiB, 282.48 W, 87, 1650 MHz, 0x0000000000000020
2026/09/28 21:42:23.311, 55 %, 46914 MiB, 262.24 W, 85, 2505 MHz, 0x0000000000000004
2026/09/28 21:42:28.312, 33 %, 46914 MiB, 250.29 W, 87, 1800 MHz, 0x0000000000000400
2026/09/28 21:42:33.313, 88 %, 46914 MiB, 265.54 W, 86, 2520 MHz, 0x0000000000000020
2026/09/28 21:42:38.313, 90 %, 46914 MiB, 261.24 W, 86, 2505 MHz, 0x0000000000000020
2026/09/28 21:42:43.314, 88 %, 46914 MiB, 266.98 W, 84, 2640 MHz, 0x0000000000000020
2026/09/28 21:42:48.315, 87 %, 46914 MiB, 256.70 W, 86, 2505 MHz, 0x0000000000000020
2026/09/28 21:42:53.315, 91 %, 46914 MiB, 269.68 W, 88, 1950 MHz, 0x0000000000000004
2026/09/28 21:42:58.316, 100 %, 46914 MiB, 271.98 W, 87, 1635 MHz, 0x0000000000000004
2026/09/28 21:43:03.317, 75 %, 46914 MiB, 247.32 W, 84, 2445 MHz, 0x0000000000000020
2026/09/28 21:43:08.317, 86 %, 46914 MiB, 285.94 W, 86, 2505 MHz, 0x0000000000000020
2026/09/28 21:43:13.318, 86 %, 46914 MiB, 262.06 W, 86, 1995 MHz, 0x0000000000000004
2026/09/28 21:43:18.318, 0 %, 46914 MiB, 265.24 W, 84, 2640 MHz, 0x0000000000000400
2026/09/28 21:43:23.319, 87 %, 46914 MiB, 275.46 W, 87, 2505 MHz, 0x0000000000000020
2026/09/28 21:43:28.320, 67 %, 46914 MiB, 255.83 W, 88, 2175 MHz, 0x0000000000000020
2026/09/28 21:43:33.320, 87 %, 46914 MiB, 284.80 W, 87, 2505 MHz, 0x0000000000000020
2026/09/28 21:43:38.321, 86 %, 46914 MiB, 272.04 W, 86, 2505 MHz, 0x0000000000000020
2026/09/28 21:43:43.322, 100 %, 46914 MiB, 252.42 W, 88, 1350 MHz, 0x0000000000000004
2026/09/28 21:43:48.322, 86 %, 46914 MiB, 280.92 W, 87, 2505 MHz, 0x0000000000000020
2026/09/28 21:43:53.323, 20 %, 46914 MiB, 247.20 W, 83, 2640 MHz, 0x0000000000000400
2026/09/28 21:43:58.324, 86 %, 46914 MiB, 276.47 W, 87, 2505 MHz, 0x0000000000000020
2026/09/28 21:44:03.324, 64 %, 46914 MiB, 240.45 W, 84, 2505 MHz, 0x0000000000000020
2026/09/28 21:44:08.325, 87 %, 46914 MiB, 285.10 W, 87, 2505 MHz, 0x0000000000000020
2026/09/28 21:44:13.325, 78 %, 46914 MiB, 239.74 W, 85, 2355 MHz, 0x0000000000000400
2026/09/28 21:44:18.326, 81 %, 46914 MiB, 240.60 W, 86, 2580 MHz, 0x0000000000000004
2026/09/28 21:44:23.327, 100 %, 46914 MiB, 245.54 W, 87, 1500 MHz, 0x0000000000000004
2026/09/28 21:44:28.328, 0 %, 46914 MiB, 259.64 W, 83, 2640 MHz, 0x0000000000000400
2026/09/28 21:44:33.328, 87 %, 46914 MiB, 280.90 W, 86, 2505 MHz, 0x0000000000000020
2026/09/28 21:44:38.329, 87 %, 46914 MiB, 244.82 W, 86, 2505 MHz, 0x0000000000000020
2026/09/28 21:44:43.329, 100 %, 46914 MiB, 275.63 W, 87, 1785 MHz, 0x0000000000000004
2026/09/28 21:44:48.330, 63 %, 46914 MiB, 245.27 W, 86, 2610 MHz, 0x0000000000000020
2026/09/28 21:44:53.331, 89 %, 46914 MiB, 265.76 W, 87, 2505 MHz, 0x0000000000000020
2026/09/28 21:44:58.331, 87 %, 46914 MiB, 247.09 W, 86, 2505 MHz, 0x0000000000000020
2026/09/28 21:45:03.332, 67 %, 46914 MiB, 255.37 W, 87, 2085 MHz, 0x0000000000000004
2026/09/28 21:45:08.333, 88 %, 46914 MiB, 281.59 W, 86, 2505 MHz, 0x0000000000000020
2026/09/28 21:45:13.333, 88 %, 46914 MiB, 256.27 W, 86, 2505 MHz, 0x0000000000000020
2026/09/28 21:45:18.334, 88 %, 46914 MiB, 250.09 W, 86, 2505 MHz, 0x0000000000000020
2026/09/28 21:45:23.334, 89 %, 46914 MiB, 272.17 W, 87, 2505 MHz, 0x0000000000000020
2026/09/28 21:45:28.335, 88 %, 46914 MiB, 258.48 W, 86, 2505 MHz, 0x0000000000000020
2026/09/28 21:45:33.336, 77 %, 46914 MiB, 251.40 W, 83, 2640 MHz, 0x0000000000000004
2026/09/28 21:45:38.336, 37 %, 46914 MiB, 246.25 W, 85, 2640 MHz, 0x0000000000000404
2026/09/28 21:45:43.337, 89 %, 46914 MiB, 250.95 W, 87, 2505 MHz, 0x0000000000000020
2026/09/28 21:45:48.337, 88 %, 46914 MiB, 272.66 W, 87, 2505 MHz, 0x0000000000000020
2026/09/28 21:45:53.338, 88 %, 46914 MiB, 273.22 W, 87, 2505 MHz, 0x0000000000000020
2026/09/28 21:45:58.339, 87 %, 46914 MiB, 269.34 W, 86, 2505 MHz, 0x0000000000000020
2026/09/28 21:46:03.339, 78 %, 46914 MiB, 258.78 W, 83, 2415 MHz, 0x0000000000000004
2026/09/28 21:46:08.340, 44 %, 46914 MiB, 245.90 W, 85, 1830 MHz, 0x0000000000000020
2026/09/28 21:46:13.341, 64 %, 46914 MiB, 247.86 W, 84, 2640 MHz, 0x0000000000000004
2026/09/28 21:46:18.341, 88 %, 46914 MiB, 247.60 W, 87, 2535 MHz, 0x0000000000000020
2026/09/28 21:46:23.342, 100 %, 46914 MiB, 271.66 W, 85, 1845 MHz, 0x0000000000000020
2026/09/28 21:46:28.342, 100 %, 46914 MiB, 270.51 W, 86, 1425 MHz, 0x0000000000000004
2026/09/28 21:46:33.343, 88 %, 46914 MiB, 276.21 W, 89, 1965 MHz, 0x0000000000000004
2026/09/28 21:46:38.344, 87 %, 46914 MiB, 270.88 W, 87, 2490 MHz, 0x0000000000000020
2026/09/28 21:46:43.344, 86 %, 46914 MiB, 257.42 W, 86, 2505 MHz, 0x0000000000000020
2026/09/28 21:46:48.345, 85 %, 46914 MiB, 286.45 W, 87, 2625 MHz, 0x0000000000000020
2026/09/28 21:46:53.345, 34 %, 46914 MiB, 232.97 W, 85, 2640 MHz, 0x0000000000000004
2026/09/28 21:46:58.346, 85 %, 46914 MiB, 231.43 W, 86, 2505 MHz, 0x0000000000000020
2026/09/28 21:47:03.347, 88 %, 46914 MiB, 256.79 W, 86, 2505 MHz, 0x0000000000000020
2026/09/28 21:47:08.347, 0 %, 46914 MiB, 263.24 W, 83, 2640 MHz, 0x0000000000000400
2026/09/28 21:47:13.348, 74 %, 46914 MiB, 227.92 W, 86, 2565 MHz, 0x0000000000000004
2026/09/28 21:47:18.348, 86 %, 46914 MiB, 241.01 W, 86, 2505 MHz, 0x0000000000000020
2026/09/28 21:47:23.349, 11 %, 46914 MiB, 245.61 W, 82, 1470 MHz, 0x0000000000000004
2026/09/28 21:47:28.350, 100 %, 46914 MiB, 278.96 W, 88, 2070 MHz, 0x0000000000000004
2026/09/28 21:47:33.350, 90 %, 46914 MiB, 280.72 W, 87, 1935 MHz, 0x0000000000000004
2026/09/28 21:47:38.351, 86 %, 46914 MiB, 232.41 W, 86, 2505 MHz, 0x0000000000000020
2026/09/28 21:47:43.352, 57 %, 46914 MiB, 223.46 W, 86, 2640 MHz, 0x0000000000000400
2026/09/28 21:47:48.352, 87 %, 46914 MiB, 285.31 W, 87, 2505 MHz, 0x0000000000000020
2026/09/28 21:47:53.353, 26 %, 46914 MiB, 229.55 W, 85, 2520 MHz, 0x0000000000000004
2026/09/28 21:47:58.353, 84 %, 46914 MiB, 228.96 W, 86, 2505 MHz, 0x0000000000000020
2026/09/28 21:48:03.354, 86 %, 46914 MiB, 268.23 W, 86, 2505 MHz, 0x0000000000000020
2026/09/28 21:48:08.354, 88 %, 46914 MiB, 285.90 W, 86, 2505 MHz, 0x0000000000000020
2026/09/28 21:48:13.355, 0 %, 46914 MiB, 262.03 W, 83, 2640 MHz, 0x0000000000000400
2026/09/28 21:48:18.356, 85 %, 46914 MiB, 270.05 W, 86, 2505 MHz, 0x0000000000000020
2026/09/28 21:48:23.356, 86 %, 46914 MiB, 278.73 W, 86, 2505 MHz, 0x0000000000000020
2026/09/28 21:48:28.357, 87 %, 46914 MiB, 277.78 W, 86, 2505 MHz, 0x0000000000000020
2026/09/28 21:48:33.357, 100 %, 46914 MiB, 216.21 W, 84, 1905 MHz, 0x0000000000000004
2026/09/28 21:48:38.358, 87 %, 46914 MiB, 260.35 W, 86, 2505 MHz, 0x0000000000000020
2026/09/28 21:48:43.359, 87 %, 46914 MiB, 285.94 W, 87, 2505 MHz, 0x0000000000000020
2026/09/28 21:48:48.359, 5 %, 46914 MiB, 243.01 W, 82, 2640 MHz, 0x0000000000000400
2026/09/28 21:48:53.360, 86 %, 46914 MiB, 281.73 W, 86, 2565 MHz, 0x0000000000000020
2026/09/28 21:48:58.360, 88 %, 46914 MiB, 281.98 W, 87, 2505 MHz, 0x0000000000000020
2026/09/28 21:49:03.361, 0 %, 46914 MiB, 254.51 W, 84, 2640 MHz, 0x0000000000000400
2026/09/28 21:49:08.361, 87 %, 46914 MiB, 234.46 W, 87, 2505 MHz, 0x0000000000000020
2026/09/28 21:49:13.362, 84 %, 46914 MiB, 284.12 W, 87, 2520 MHz, 0x0000000000000020
2026/09/28 21:49:18.363, 23 %, 46914 MiB, 268.01 W, 84, 2640 MHz, 0x0000000000000400
2026/09/28 21:49:23.363, 84 %, 46914 MiB, 283.95 W, 87, 2505 MHz, 0x0000000000000020
2026/09/28 21:49:28.364, 84 %, 46914 MiB, 282.88 W, 87, 2475 MHz, 0x0000000000000020
2026/09/28 21:49:33.364, 83 %, 46914 MiB, 214.20 W, 86, 2505 MHz, 0x0000000000000020
2026/09/28 21:49:38.365, 47 %, 46914 MiB, 215.27 W, 85, 2640 MHz, 0x0000000000000004
2026/09/28 21:49:43.366, 85 %, 46914 MiB, 284.58 W, 87, 2505 MHz, 0x0000000000000020
2026/09/28 21:49:48.366, 89 %, 46914 MiB, 226.30 W, 86, 2505 MHz, 0x0000000000000020
2026/09/28 21:49:53.367, 86 %, 46914 MiB, 243.10 W, 86, 2505 MHz, 0x0000000000000020
2026/09/28 21:49:58.367, 83 %, 46914 MiB, 219.85 W, 86, 2550 MHz, 0x0000000000000020
2026/09/28 21:50:03.368, 83 %, 46914 MiB, 280.55 W, 86, 2505 MHz, 0x0000000000000020
2026/09/28 21:50:08.369, 86 %, 46914 MiB, 215.67 W, 86, 2535 MHz, 0x0000000000000020
2026/09/28 21:50:13.369, 77 %, 46914 MiB, 233.20 W, 83, 2640 MHz, 0x0000000000000004
2026/09/28 21:50:18.370, 84 %, 46914 MiB, 279.86 W, 87, 2505 MHz, 0x0000000000000020
2026/09/28 21:50:23.370, 0 %, 46914 MiB, 246.91 W, 82, 2640 MHz, 0x0000000000000400
2026/09/28 21:50:28.371, 84 %, 46914 MiB, 281.11 W, 87, 2520 MHz, 0x0000000000000020
2026/09/28 21:50:33.372, 18 %, 46914 MiB, 228.44 W, 87, 2175 MHz, 0x0000000000000400
2026/09/28 21:50:38.372, 86 %, 46914 MiB, 281.87 W, 87, 2535 MHz, 0x0000000000000020
2026/09/28 21:50:43.373, 83 %, 46914 MiB, 257.55 W, 86, 2505 MHz, 0x0000000000000020
2026/09/28 21:50:48.373, 87 %, 46914 MiB, 280.63 W, 87, 2505 MHz, 0x0000000000000020
2026/09/28 21:50:53.374, 70 %, 46914 MiB, 229.31 W, 83, 2640 MHz, 0x0000000000000004
2026/09/28 21:50:58.374, 87 %, 46914 MiB, 256.13 W, 86, 2505 MHz, 0x0000000000000020
2026/09/28 21:51:03.375, 82 %, 46914 MiB, 281.12 W, 87, 2595 MHz, 0x0000000000000020
2026/09/28 21:51:08.376, 87 %, 46914 MiB, 263.70 W, 86, 2505 MHz, 0x0000000000000020
2026/09/28 21:51:13.376, 87 %, 46914 MiB, 280.59 W, 87, 2505 MHz, 0x0000000000000020
2026/09/28 21:51:18.377, 84 %, 46914 MiB, 284.01 W, 87, 2505 MHz, 0x0000000000000020
2026/09/28 21:51:23.377, 83 %, 46914 MiB, 281.52 W, 87, 2490 MHz, 0x0000000000000020
2026/09/28 21:51:28.378, 8 %, 46914 MiB, 244.03 W, 84, 2640 MHz, 0x0000000000000400
2026/09/28 21:51:33.379, 83 %, 46914 MiB, 248.07 W, 87, 2505 MHz, 0x0000000000000020
2026/09/28 21:51:38.379, 83 %, 46914 MiB, 283.37 W, 87, 2505 MHz, 0x0000000000000020
2026/09/28 21:51:43.380, 60 %, 46914 MiB, 254.17 W, 87, 2550 MHz, 0x0000000000000420
2026/09/28 21:51:48.381, 84 %, 46914 MiB, 284.69 W, 87, 2505 MHz, 0x0000000000000020
2026/09/28 21:51:53.381, 87 %, 46914 MiB, 280.28 W, 87, 2505 MHz, 0x0000000000000020
2026/09/28 21:51:58.382, 72 %, 46914 MiB, 256.41 W, 87, 2520 MHz, 0x0000000000000020
2026/09/28 21:52:03.382, 55 %, 46914 MiB, 212.20 W, 85, 2610 MHz, 0x0000000000000004
2026/09/28 21:52:08.383, 88 %, 46914 MiB, 284.32 W, 87, 2505 MHz, 0x0000000000000020
2026/09/28 21:52:13.384, 82 %, 46914 MiB, 212.85 W, 86, 2505 MHz, 0x0000000000000020
2026/09/28 21:52:18.384, 30 %, 46914 MiB, 213.83 W, 83, 2640 MHz, 0x0000000000000400
2026/09/28 21:52:23.385, 60 %, 46914 MiB, 265.08 W, 87, 2565 MHz, 0x0000000000000020
2026/09/28 21:52:28.385, 100 %, 46914 MiB, 272.61 W, 88, 1740 MHz, 0x0000000000000004
2026/09/28 21:52:33.386, 80 %, 46914 MiB, 242.64 W, 85, 1800 MHz, 0x0000000000000004
2026/09/28 21:52:38.387, 88 %, 46914 MiB, 234.81 W, 86, 2505 MHz, 0x0000000000000020
2026/09/28 21:52:43.387, 85 %, 46914 MiB, 281.95 W, 86, 2520 MHz, 0x0000000000000020
2026/09/28 21:52:48.388, 7 %, 46914 MiB, 225.63 W, 82, 2640 MHz, 0x0000000000000400
2026/09/28 21:52:53.388, 77 %, 46914 MiB, 223.10 W, 84, 2610 MHz, 0x0000000000000004
2026/09/28 21:52:58.389, 85 %, 46914 MiB, 285.02 W, 86, 2535 MHz, 0x0000000000000020
2026/09/28 21:53:03.390, 90 %, 46914 MiB, 226.49 W, 87, 1770 MHz, 0x0000000000000004
2026/09/28 21:53:08.390, 21 %, 46914 MiB, 259.75 W, 84, 2640 MHz, 0x0000000000000400
2026/09/28 21:53:13.391, 0 %, 46914 MiB, 246.22 W, 82, 2640 MHz, 0x0000000000000400
2026/09/28 21:53:18.391, 100 %, 46914 MiB, 272.23 W, 88, 1770 MHz, 0x0000000000000004
2026/09/28 21:53:23.392, 87 %, 46914 MiB, 283.49 W, 86, 2505 MHz, 0x0000000000000020
2026/09/28 21:53:28.393, 84 %, 46914 MiB, 285.46 W, 87, 2505 MHz, 0x0000000000000020
2026/09/28 21:53:33.393, 100 %, 46914 MiB, 230.60 W, 87, 1830 MHz, 0x0000000000000004
2026/09/28 21:53:38.394, 76 %, 46914 MiB, 222.23 W, 86, 2610 MHz, 0x0000000000000024
2026/09/28 21:53:43.394, 54 %, 46914 MiB, 223.71 W, 86, 2640 MHz, 0x0000000000000400
2026/09/28 21:53:48.395, 74 %, 46914 MiB, 280.58 W, 87, 2505 MHz, 0x0000000000000020
2026/09/28 21:53:53.396, 62 %, 46914 MiB, 278.43 W, 84, 2640 MHz, 0x0000000000000020
2026/09/28 21:53:58.396, 87 %, 46914 MiB, 278.10 W, 86, 2505 MHz, 0x0000000000000020
2026/09/28 21:54:03.397, 100 %, 46914 MiB, 236.09 W, 87, 1905 MHz, 0x0000000000000004
2026/09/28 21:54:08.397, 84 %, 46914 MiB, 285.79 W, 87, 2505 MHz, 0x0000000000000020
2026/09/28 21:54:13.398, 49 %, 46914 MiB, 279.89 W, 84, 2640 MHz, 0x0000000000000420
2026/09/28 21:54:18.399, 84 %, 46914 MiB, 285.90 W, 87, 2505 MHz, 0x0000000000000020
2026/09/28 21:54:23.399, 81 %, 46914 MiB, 283.35 W, 85, 2640 MHz, 0x0000000000000020
2026/09/28 21:54:28.400, 38 %, 46914 MiB, 218.35 W, 85, 2640 MHz, 0x0000000000000400
2026/09/28 21:54:33.401, 100 %, 46914 MiB, 284.42 W, 86, 2025 MHz, 0x0000000000000004
2026/09/28 21:54:38.401, 85 %, 46914 MiB, 285.40 W, 87, 2505 MHz, 0x0000000000000020
2026/09/28 21:54:43.402, 87 %, 46914 MiB, 249.92 W, 87, 2475 MHz, 0x0000000000000020
2026/09/28 21:54:48.402, 85 %, 46914 MiB, 283.45 W, 87, 2430 MHz, 0x0000000000000020
2026/09/28 21:54:53.403, 87 %, 46914 MiB, 282.52 W, 87, 2400 MHz, 0x0000000000000020
2026/09/28 21:54:58.403, 86 %, 46914 MiB, 284.68 W, 87, 2430 MHz, 0x0000000000000020
2026/09/28 21:55:03.404, 72 %, 46914 MiB, 268.03 W, 84, 2640 MHz, 0x0000000000000020
2026/09/28 21:55:08.405, 86 %, 46914 MiB, 280.23 W, 87, 2400 MHz, 0x0000000000000020
2026/09/28 21:55:13.405, 14 %, 46914 MiB, 252.65 W, 88, 2190 MHz, 0x0000000000000400
2026/09/28 21:55:18.406, 87 %, 46914 MiB, 283.27 W, 88, 2415 MHz, 0x0000000000000020
2026/09/28 21:55:23.407, 86 %, 46914 MiB, 249.52 W, 87, 2505 MHz, 0x0000000000000020
2026/09/28 21:55:28.407, 86 %, 46914 MiB, 280.15 W, 87, 2415 MHz, 0x0000000000000020
2026/09/28 21:55:33.408, 100 %, 46914 MiB, 237.56 W, 88, 2010 MHz, 0x0000000000000004
2026/09/28 21:55:38.408, 88 %, 46914 MiB, 283.37 W, 87, 2430 MHz, 0x0000000000000020
2026/09/28 21:55:43.409, 88 %, 46914 MiB, 244.19 W, 87, 2505 MHz, 0x0000000000000020
2026/09/28 21:55:48.409, 87 %, 46914 MiB, 283.35 W, 87, 2490 MHz, 0x0000000000000020
2026/09/28 21:55:53.410, 85 %, 46914 MiB, 247.94 W, 87, 2505 MHz, 0x0000000000000020
2026/09/28 21:55:58.411, 31 %, 46914 MiB, 244.91 W, 87, 2295 MHz, 0x0000000000000400
2026/09/28 21:56:03.411, 87 %, 46914 MiB, 284.83 W, 87, 2505 MHz, 0x0000000000000020
2026/09/28 21:56:08.412, 86 %, 46914 MiB, 246.05 W, 87, 2490 MHz, 0x0000000000000020
2026/09/28 21:56:13.412, 86 %, 46914 MiB, 279.63 W, 87, 2430 MHz, 0x0000000000000020
2026/09/28 21:56:18.413, 89 %, 46914 MiB, 284.23 W, 87, 2445 MHz, 0x0000000000000020
2026/09/28 21:56:23.414, 89 %, 46914 MiB, 245.83 W, 87, 2505 MHz, 0x0000000000000020
2026/09/28 21:56:28.414, 87 %, 46914 MiB, 282.84 W, 87, 2445 MHz, 0x0000000000000020
2026/09/28 21:56:33.415, 84 %, 46914 MiB, 283.62 W, 87, 2430 MHz, 0x0000000000000020
2026/09/28 21:56:38.415, 99 %, 46914 MiB, 193.53 W, 87, 2160 MHz, 0x0000000000000004
2026/09/28 21:56:43.416, 100 %, 46914 MiB, 273.77 W, 89, 2040 MHz, 0x0000000000000004
2026/09/28 21:56:48.417, 100 %, 46914 MiB, 275.38 W, 87, 1800 MHz, 0x0000000000000004
2026/09/28 21:56:53.417, 56 %, 46914 MiB, 247.15 W, 84, 2505 MHz, 0x0000000000000020
2026/09/28 21:56:58.418, 56 %, 46914 MiB, 282.18 W, 87, 2610 MHz, 0x0000000000000020
2026/09/28 21:57:03.419, 86 %, 46914 MiB, 248.04 W, 87, 2505 MHz, 0x0000000000000020
2026/09/28 21:57:08.419, 71 %, 46914 MiB, 256.77 W, 83, 1965 MHz, 0x0000000000000004
2026/09/28 21:57:13.420, 88 %, 46914 MiB, 268.86 W, 86, 2505 MHz, 0x0000000000000020
2026/09/28 21:57:18.421, 86 %, 46914 MiB, 281.94 W, 87, 2505 MHz, 0x0000000000000020
2026/09/28 21:57:23.421, 86 %, 46914 MiB, 286.23 W, 87, 2505 MHz, 0x0000000000000020
2026/09/28 21:57:28.422, 87 %, 46914 MiB, 281.88 W, 87, 2505 MHz, 0x0000000000000020
2026/09/28 21:57:33.422, 86 %, 46914 MiB, 274.38 W, 87, 2505 MHz, 0x0000000000000020
2026/09/28 21:57:38.423, 100 %, 46914 MiB, 243.50 W, 87, 2040 MHz, 0x0000000000000004
2026/09/28 21:57:43.424, 88 %, 46914 MiB, 285.99 W, 87, 2505 MHz, 0x0000000000000020
2026/09/28 21:57:48.424, 87 %, 46914 MiB, 281.78 W, 87, 2505 MHz, 0x0000000000000020
2026/09/28 21:57:53.425, 88 %, 46914 MiB, 281.70 W, 87, 2505 MHz, 0x0000000000000020
2026/09/28 21:57:58.426, 86 %, 46914 MiB, 240.96 W, 86, 2505 MHz, 0x0000000000000020
2026/09/28 21:58:03.426, 86 %, 46914 MiB, 276.88 W, 86, 2505 MHz, 0x0000000000000020
2026/09/28 21:58:08.427, 87 %, 46914 MiB, 282.07 W, 86, 2505 MHz, 0x0000000000000020
2026/09/28 21:58:13.428, 86 %, 46914 MiB, 285.55 W, 87, 2505 MHz, 0x0000000000000020
2026/09/28 21:58:18.428, 59 %, 46914 MiB, 280.94 W, 86, 2565 MHz, 0x0000000000000020
2026/09/28 21:58:23.429, 55 %, 46914 MiB, 236.92 W, 83, 2640 MHz, 0x0000000000000020
2026/09/28 21:58:28.430, 86 %, 46914 MiB, 274.17 W, 86, 2505 MHz, 0x0000000000000020
2026/09/28 21:58:33.430, 87 %, 46914 MiB, 279.92 W, 86, 2505 MHz, 0x0000000000000020
2026/09/28 21:58:38.431, 88 %, 46914 MiB, 278.61 W, 86, 2505 MHz, 0x0000000000000020
2026/09/28 21:58:43.431, 100 %, 46914 MiB, 245.32 W, 87, 2040 MHz, 0x0000000000000004
2026/09/28 21:58:48.432, 85 %, 46914 MiB, 261.39 W, 86, 2505 MHz, 0x0000000000000020
2026/09/28 21:58:53.432, 87 %, 46914 MiB, 271.19 W, 86, 2505 MHz, 0x0000000000000020
2026/09/28 21:58:58.433, 88 %, 46914 MiB, 265.95 W, 85, 2520 MHz, 0x0000000000000020
2026/09/28 21:59:03.434, 86 %, 46914 MiB, 280.99 W, 86, 2505 MHz, 0x0000000000000020
2026/09/28 21:59:08.434, 86 %, 46914 MiB, 286.63 W, 87, 2505 MHz, 0x0000000000000020
2026/09/28 21:59:13.435, 87 %, 46914 MiB, 285.82 W, 87, 2505 MHz, 0x0000000000000020
2026/09/28 21:59:18.435, 86 %, 46914 MiB, 234.36 W, 86, 2505 MHz, 0x0000000000000020
2026/09/28 21:59:23.436, 85 %, 46914 MiB, 277.21 W, 87, 2505 MHz, 0x0000000000000020
2026/09/28 21:59:28.437, 86 %, 46914 MiB, 280.74 W, 87, 2505 MHz, 0x0000000000000020
2026/09/28 21:59:33.437, 86 %, 46914 MiB, 286.30 W, 87, 2505 MHz, 0x0000000000000020
2026/09/28 21:59:38.438, 63 %, 46914 MiB, 234.07 W, 87, 2505 MHz, 0x0000000000000004
2026/09/28 21:59:43.439, 60 %, 46914 MiB, 280.66 W, 87, 2505 MHz, 0x0000000000000020
2026/09/28 21:59:48.439, 86 %, 46914 MiB, 282.53 W, 87, 2505 MHz, 0x0000000000000020
2026/09/28 21:59:53.440, 87 %, 46914 MiB, 278.15 W, 87, 2505 MHz, 0x0000000000000020
2026/09/28 21:59:58.440, 85 %, 46914 MiB, 279.02 W, 87, 2505 MHz, 0x0000000000000020
2026/09/28 22:00:03.441, 85 %, 46914 MiB, 281.96 W, 87, 2430 MHz, 0x0000000000000020
2026/09/28 22:00:08.442, 100 %, 46914 MiB, 279.59 W, 85, 2100 MHz, 0x0000000000000020
2026/09/28 22:00:13.442, 100 %, 46914 MiB, 245.62 W, 87, 2055 MHz, 0x0000000000000004
2026/09/28 22:00:18.443, 86 %, 46914 MiB, 255.01 W, 86, 2505 MHz, 0x0000000000000020
2026/09/28 22:00:23.444, 100 %, 46914 MiB, 257.78 W, 85, 1965 MHz, 0x0000000000000004
2026/09/28 22:00:28.444, 89 %, 46914 MiB, 281.96 W, 86, 2505 MHz, 0x0000000000000020
2026/09/28 22:00:33.445, 75 %, 46914 MiB, 216.68 W, 86, 2505 MHz, 0x0000000000000020
2026/09/28 22:00:38.445, 82 %, 46914 MiB, 250.04 W, 86, 2505 MHz, 0x0000000000000004
2026/09/28 22:00:43.446, 100 %, 46914 MiB, 245.56 W, 87, 2055 MHz, 0x0000000000000004
2026/09/28 22:00:48.447, 100 %, 46914 MiB, 224.63 W, 88, 2115 MHz, 0x0000000000000004
2026/09/28 22:00:53.447, 100 %, 46914 MiB, 278.46 W, 87, 1455 MHz, 0x0000000000000004
2026/09/28 22:00:58.448, 100 %, 46914 MiB, 279.74 W, 88, 1890 MHz, 0x0000000000000004
2026/09/28 22:01:03.448, 100 %, 46914 MiB, 273.95 W, 85, 1965 MHz, 0x0000000000000004
2026/09/28 22:01:08.449, 65 %, 46914 MiB, 282.86 W, 87, 2520 MHz, 0x0000000000000020
2026/09/28 22:01:13.450, 86 %, 46914 MiB, 281.82 W, 87, 2505 MHz, 0x0000000000000020
2026/09/28 22:01:18.450, 87 %, 46914 MiB, 280.77 W, 87, 2505 MHz, 0x0000000000000020
2026/09/28 22:01:23.451, 86 %, 46914 MiB, 286.57 W, 87, 2505 MHz, 0x0000000000000020
2026/09/28 22:01:28.451, 86 %, 46914 MiB, 282.40 W, 87, 2505 MHz, 0x0000000000000020
2026/09/28 22:01:33.452, 61 %, 46914 MiB, 232.38 W, 84, 2640 MHz, 0x0000000000000404
2026/09/28 22:01:38.453, 86 %, 46914 MiB, 285.98 W, 87, 2505 MHz, 0x0000000000000020
2026/09/28 22:01:43.453, 85 %, 46914 MiB, 248.65 W, 87, 2505 MHz, 0x0000000000000020
2026/09/28 22:01:48.454, 86 %, 46914 MiB, 282.83 W, 87, 2505 MHz, 0x0000000000000020
2026/09/28 22:01:53.455, 86 %, 46914 MiB, 281.41 W, 87, 2505 MHz, 0x0000000000000020
2026/09/28 22:01:58.455, 87 %, 46914 MiB, 265.11 W, 87, 2505 MHz, 0x0000000000000020
2026/09/28 22:02:03.456, 86 %, 46914 MiB, 282.71 W, 86, 2505 MHz, 0x0000000000000020
2026/09/28 22:02:08.456, 86 %, 46914 MiB, 284.52 W, 87, 2505 MHz, 0x0000000000000020
2026/09/28 22:02:13.457, 0 %, 46914 MiB, 262.13 W, 84, 2640 MHz, 0x0000000000000400
2026/09/28 22:02:18.458, 86 %, 46914 MiB, 272.97 W, 87, 2505 MHz, 0x0000000000000020
2026/09/28 22:02:23.458, 86 %, 46914 MiB, 282.47 W, 87, 2505 MHz, 0x0000000000000020
2026/09/28 22:02:28.459, 0 %, 46914 MiB, 224.85 W, 83, 2640 MHz, 0x0000000000000400
2026/09/28 22:02:33.459, 100 %, 46914 MiB, 274.76 W, 86, 1530 MHz, 0x0000000000000004
2026/09/28 22:02:38.460, 88 %, 46914 MiB, 281.29 W, 87, 2505 MHz, 0x0000000000000020
2026/09/28 22:02:43.461, 71 %, 46914 MiB, 266.07 W, 87, 2640 MHz, 0x0000000000000020
2026/09/28 22:02:48.461, 0 %, 46914 MiB, 264.00 W, 83, 2640 MHz, 0x0000000000000400
2026/09/28 22:02:53.462, 86 %, 46914 MiB, 270.45 W, 86, 2535 MHz, 0x0000000000000020
2026/09/28 22:02:58.463, 57 %, 46914 MiB, 281.14 W, 87, 2520 MHz, 0x0000000000000020
2026/09/28 22:03:03.463, 88 %, 46914 MiB, 276.58 W, 86, 2505 MHz, 0x0000000000000020
2026/09/28 22:03:08.464, 100 %, 46914 MiB, 262.27 W, 87, 1650 MHz, 0x0000000000000004
2026/09/28 22:03:13.464, 88 %, 46914 MiB, 214.07 W, 87, 2580 MHz, 0x0000000000000024
2026/09/28 22:03:18.465, 87 %, 46914 MiB, 280.66 W, 87, 2505 MHz, 0x0000000000000020
2026/09/28 22:03:23.466, 87 %, 46914 MiB, 286.68 W, 85, 2625 MHz, 0x0000000000000020
2026/09/28 22:03:28.466, 84 %, 46914 MiB, 284.59 W, 84, 2640 MHz, 0x0000000000000020
2026/09/28 22:03:33.467, 0 %, 46914 MiB, 253.66 W, 83, 2640 MHz, 0x0000000000000400
2026/09/28 22:03:38.467, 100 %, 46914 MiB, 276.34 W, 88, 1905 MHz, 0x0000000000000004
2026/09/28 22:03:43.468, 100 %, 46914 MiB, 279.57 W, 86, 1875 MHz, 0x0000000000000004
2026/09/28 22:03:48.469, 100 %, 46914 MiB, 269.56 W, 86, 2070 MHz, 0x0000000000000004
2026/09/28 22:03:53.469, 100 %, 46914 MiB, 275.63 W, 88, 1860 MHz, 0x0000000000000004
2026/09/28 22:03:58.470, 100 %, 46914 MiB, 270.65 W, 86, 1815 MHz, 0x0000000000000004
2026/09/28 22:04:03.471, 100 %, 46914 MiB, 270.79 W, 87, 1890 MHz, 0x0000000000000004
2026/09/28 22:04:08.471, 85 %, 46914 MiB, 249.70 W, 87, 2505 MHz, 0x0000000000000020
2026/09/28 22:04:13.472, 88 %, 46914 MiB, 281.97 W, 87, 2520 MHz, 0x0000000000000020
2026/09/28 22:04:18.472, 83 %, 46914 MiB, 256.45 W, 87, 2520 MHz, 0x0000000000000020
2026/09/28 22:04:23.473, 83 %, 46914 MiB, 248.45 W, 86, 2520 MHz, 0x0000000000000020
2026/09/28 22:04:28.474, 84 %, 46914 MiB, 280.16 W, 86, 2505 MHz, 0x0000000000000020
2026/09/28 22:04:33.474, 100 %, 46914 MiB, 228.41 W, 86, 2235 MHz, 0x0000000000000004
2026/09/28 22:04:38.475, 88 %, 46914 MiB, 258.62 W, 86, 2505 MHz, 0x0000000000000020
2026/09/28 22:04:43.475, 84 %, 46914 MiB, 285.80 W, 87, 2550 MHz, 0x0000000000000020
2026/09/28 22:04:48.476, 85 %, 46914 MiB, 285.59 W, 86, 2505 MHz, 0x0000000000000020
2026/09/28 22:04:53.477, 85 %, 46914 MiB, 284.86 W, 87, 2520 MHz, 0x0000000000000020
2026/09/28 22:04:58.477, 85 %, 46914 MiB, 285.04 W, 87, 2475 MHz, 0x0000000000000020
2026/09/28 22:05:03.478, 100 %, 46914 MiB, 222.54 W, 87, 1890 MHz, 0x0000000000000004
2026/09/28 22:05:08.478, 100 %, 46914 MiB, 228.12 W, 87, 2070 MHz, 0x0000000000000004
2026/09/28 22:05:13.479, 88 %, 46914 MiB, 280.77 W, 87, 2505 MHz, 0x0000000000000020
2026/09/28 22:05:18.480, 83 %, 46914 MiB, 282.24 W, 87, 2520 MHz, 0x0000000000000020
2026/09/28 22:05:23.480, 87 %, 46914 MiB, 284.47 W, 87, 2505 MHz, 0x0000000000000020
2026/09/28 22:05:28.481, 87 %, 46914 MiB, 280.73 W, 87, 2505 MHz, 0x0000000000000020
2026/09/28 22:05:33.482, 87 %, 46914 MiB, 281.24 W, 87, 2505 MHz, 0x0000000000000020
2026/09/28 22:05:38.482, 77 %, 46914 MiB, 236.19 W, 88, 2025 MHz, 0x0000000000000004
2026/09/28 22:05:43.483, 83 %, 46914 MiB, 284.65 W, 87, 2445 MHz, 0x0000000000000020
2026/09/28 22:05:48.483, 85 %, 46914 MiB, 283.27 W, 87, 2505 MHz, 0x0000000000000020
2026/09/28 22:05:53.484, 84 %, 46914 MiB, 283.10 W, 87, 2505 MHz, 0x0000000000000020
2026/09/28 22:05:58.485, 85 %, 46914 MiB, 228.42 W, 87, 2505 MHz, 0x0000000000000020
2026/09/28 22:06:03.485, 84 %, 46914 MiB, 266.84 W, 87, 2505 MHz, 0x0000000000000020
2026/09/28 22:06:08.486, 83 %, 46914 MiB, 278.02 W, 87, 2535 MHz, 0x0000000000000020
2026/09/28 22:06:13.487, 84 %, 46914 MiB, 229.78 W, 87, 2595 MHz, 0x0000000000000024
2026/09/28 22:06:18.487, 13 %, 46914 MiB, 243.53 W, 84, 2640 MHz, 0x0000000000000400
2026/09/28 22:06:23.488, 87 %, 46914 MiB, 211.36 W, 86, 2595 MHz, 0x0000000000000004
2026/09/28 22:06:28.488, 85 %, 46914 MiB, 279.81 W, 86, 2505 MHz, 0x0000000000000020
2026/09/28 22:06:33.489, 8 %, 46914 MiB, 199.76 W, 81, 2640 MHz, 0x0000000000000400
2026/09/28 22:06:38.490, 87 %, 46914 MiB, 286.92 W, 85, 2505 MHz, 0x0000000000000020
2026/09/28 22:06:43.490, 57 %, 46914 MiB, 279.50 W, 85, 2640 MHz, 0x0000000000000420
2026/09/28 22:06:48.491, 83 %, 46914 MiB, 281.79 W, 86, 2610 MHz, 0x0000000000000004
2026/09/28 22:06:53.491, 85 %, 46914 MiB, 281.41 W, 87, 2505 MHz, 0x0000000000000020
2026/09/28 22:06:58.492, 87 %, 46914 MiB, 211.08 W, 86, 2535 MHz, 0x0000000000000020
2026/09/28 22:07:03.492, 83 %, 46914 MiB, 246.45 W, 86, 2535 MHz, 0x0000000000000020
2026/09/28 22:07:08.493, 85 %, 46914 MiB, 212.36 W, 85, 2595 MHz, 0x0000000000000020
2026/09/28 22:07:13.494, 87 %, 46914 MiB, 275.30 W, 85, 2505 MHz, 0x0000000000000020
2026/09/28 22:07:18.494, 84 %, 46914 MiB, 277.02 W, 86, 2535 MHz, 0x0000000000000020
2026/09/28 22:07:23.495, 83 %, 46914 MiB, 277.84 W, 86, 2505 MHz, 0x0000000000000020
2026/09/28 22:07:28.495, 100 %, 46914 MiB, 231.52 W, 85, 1665 MHz, 0x0000000000000004
2026/09/28 22:07:33.496, 100 %, 46914 MiB, 275.17 W, 87, 1950 MHz, 0x0000000000000004
2026/09/28 22:07:38.497, 100 %, 46914 MiB, 272.82 W, 87, 1545 MHz, 0x0000000000000020
2026/09/28 22:07:43.497, 86 %, 46914 MiB, 250.04 W, 87, 2505 MHz, 0x0000000000000020
2026/09/28 22:07:48.498, 86 %, 46914 MiB, 245.45 W, 86, 2505 MHz, 0x0000000000000020
2026/09/28 22:07:53.498, 87 %, 46914 MiB, 285.59 W, 87, 2505 MHz, 0x0000000000000020
2026/09/28 22:07:58.499, 87 %, 46914 MiB, 242.82 W, 87, 2490 MHz, 0x0000000000000020
2026/09/28 22:08:03.499, 85 %, 46914 MiB, 246.50 W, 87, 2460 MHz, 0x0000000000000020
2026/09/28 22:08:08.500, 86 %, 46914 MiB, 248.24 W, 87, 2490 MHz, 0x0000000000000020
2026/09/28 22:08:13.501, 83 %, 46914 MiB, 284.75 W, 85, 2640 MHz, 0x0000000000000020
2026/09/28 22:08:18.501, 86 %, 46914 MiB, 278.16 W, 87, 2430 MHz, 0x0000000000000020
2026/09/28 22:08:23.502, 86 %, 46914 MiB, 286.42 W, 87, 2445 MHz, 0x0000000000000020
2026/09/28 22:08:28.502, 88 %, 46914 MiB, 251.31 W, 87, 2505 MHz, 0x0000000000000020
2026/09/28 22:08:33.503, 64 %, 46914 MiB, 242.82 W, 85, 2640 MHz, 0x0000000000000020
2026/09/28 22:08:38.504, 86 %, 46914 MiB, 282.91 W, 87, 2505 MHz, 0x0000000000000020
2026/09/28 22:08:43.504, 70 %, 46914 MiB, 226.25 W, 87, 2505 MHz, 0x0000000000000020
2026/09/28 22:08:48.505, 87 %, 46914 MiB, 283.99 W, 87, 2460 MHz, 0x0000000000000020
2026/09/28 22:08:53.505, 87 %, 46914 MiB, 242.33 W, 87, 2505 MHz, 0x0000000000000020
2026/09/28 22:08:58.506, 89 %, 46914 MiB, 286.59 W, 87, 2505 MHz, 0x0000000000000020
2026/09/28 22:09:03.507, 88 %, 46914 MiB, 245.04 W, 87, 2505 MHz, 0x0000000000000020
2026/09/28 22:09:08.507, 87 %, 46914 MiB, 276.27 W, 87, 2505 MHz, 0x0000000000000020
2026/09/28 22:09:13.508, 86 %, 46914 MiB, 272.65 W, 86, 2505 MHz, 0x0000000000000020
2026/09/28 22:09:18.508, 85 %, 46914 MiB, 273.17 W, 87, 2505 MHz, 0x0000000000000020
2026/09/28 22:09:23.509, 86 %, 46914 MiB, 283.53 W, 87, 2505 MHz, 0x0000000000000020
2026/09/28 22:09:28.510, 82 %, 46914 MiB, 273.74 W, 86, 1410 MHz, 0x0000000000000004
2026/09/28 22:09:33.510, 87 %, 46914 MiB, 268.93 W, 87, 2505 MHz, 0x0000000000000020
2026/09/28 22:09:38.511, 88 %, 46914 MiB, 282.72 W, 87, 2505 MHz, 0x0000000000000020
2026/09/28 22:09:43.511, 87 %, 46914 MiB, 286.98 W, 87, 2490 MHz, 0x0000000000000020
2026/09/28 22:09:48.512, 87 %, 46914 MiB, 284.27 W, 87, 2475 MHz, 0x0000000000000020
2026/09/28 22:09:53.513, 61 %, 46914 MiB, 279.85 W, 87, 2520 MHz, 0x0000000000000020
2026/09/28 22:09:58.513, 60 %, 46914 MiB, 244.27 W, 85, 2550 MHz, 0x0000000000000020
2026/09/28 22:10:03.514, 87 %, 46914 MiB, 281.42 W, 87, 2505 MHz, 0x0000000000000020
2026/09/28 22:10:08.514, 87 %, 46914 MiB, 264.21 W, 87, 2475 MHz, 0x0000000000000020
2026/09/28 22:10:13.515, 11 %, 46914 MiB, 257.35 W, 84, 2640 MHz, 0x0000000000000400
2026/09/28 22:10:18.516, 42 %, 46914 MiB, 243.90 W, 84, 2640 MHz, 0x0000000000000404
2026/09/28 22:10:23.516, 100 %, 46914 MiB, 251.17 W, 88, 1590 MHz, 0x0000000000000004
2026/09/28 22:10:28.517, 87 %, 46914 MiB, 284.36 W, 87, 2490 MHz, 0x0000000000000020
2026/09/28 22:10:33.517, 87 %, 46914 MiB, 277.76 W, 87, 2505 MHz, 0x0000000000000020
2026/09/28 22:10:38.518, 86 %, 46914 MiB, 281.79 W, 87, 2475 MHz, 0x0000000000000020
2026/09/28 22:10:43.519, 87 %, 46914 MiB, 287.17 W, 87, 2490 MHz, 0x0000000000000020
2026/09/28 22:10:48.519, 100 %, 46914 MiB, 280.12 W, 88, 1590 MHz, 0x0000000000000004
2026/09/28 22:10:53.520, 100 %, 46914 MiB, 269.81 W, 88, 1710 MHz, 0x0000000000000004
2026/09/28 22:10:58.521, 100 %, 46914 MiB, 272.95 W, 88, 1815 MHz, 0x0000000000000004
2026/09/28 22:11:03.521, 65 %, 46914 MiB, 265.40 W, 87, 2460 MHz, 0x0000000000000004
2026/09/28 22:11:08.522, 85 %, 46914 MiB, 270.95 W, 87, 2505 MHz, 0x0000000000000020
2026/09/28 22:11:13.522, 86 %, 46914 MiB, 238.68 W, 86, 2520 MHz, 0x0000000000000020
2026/09/28 22:11:18.523, 86 %, 46914 MiB, 243.01 W, 86, 2535 MHz, 0x0000000000000020
2026/09/28 22:11:23.524, 87 %, 46914 MiB, 235.97 W, 86, 2505 MHz, 0x0000000000000020
2026/09/28 22:11:28.524, 61 %, 46914 MiB, 234.09 W, 85, 2580 MHz, 0x0000000000000020
2026/09/28 22:11:33.525, 14 %, 46914 MiB, 204.20 W, 82, 2640 MHz, 0x0000000000000400
2026/09/28 22:11:38.525, 62 %, 46914 MiB, 240.62 W, 84, 2610 MHz, 0x0000000000000400
2026/09/28 22:11:43.526, 86 %, 46914 MiB, 281.66 W, 86, 2505 MHz, 0x0000000000000020
2026/09/28 22:11:48.527, 51 %, 46914 MiB, 228.92 W, 83, 2640 MHz, 0x0000000000000004
2026/09/28 22:11:53.527, 87 %, 46914 MiB, 281.74 W, 85, 2535 MHz, 0x0000000000000020
2026/09/28 22:11:58.528, 85 %, 46914 MiB, 267.48 W, 86, 2535 MHz, 0x0000000000000020
2026/09/28 22:12:03.528, 30 %, 46914 MiB, 232.86 W, 84, 2640 MHz, 0x0000000000000400
2026/09/28 22:12:08.529, 62 %, 46914 MiB, 282.03 W, 85, 2640 MHz, 0x0000000000000020
2026/09/28 22:12:13.529, 0 %, 46914 MiB, 213.19 W, 82, 2640 MHz, 0x0000000000000400
2026/09/28 22:12:18.530, 0 %, 46914 MiB, 236.71 W, 82, 2640 MHz, 0x0000000000000400
2026/09/28 22:12:23.531, 85 %, 46914 MiB, 237.58 W, 86, 2505 MHz, 0x0000000000000020
2026/09/28 22:12:28.531, 84 %, 46914 MiB, 250.92 W, 86, 2505 MHz, 0x0000000000000004
2026/09/28 22:12:33.532, 85 %, 46914 MiB, 235.21 W, 86, 2535 MHz, 0x0000000000000020
2026/09/28 22:12:38.533, 100 %, 46914 MiB, 223.99 W, 86, 1980 MHz, 0x0000000000000004
2026/09/28 22:12:43.533, 85 %, 46914 MiB, 233.89 W, 85, 2520 MHz, 0x0000000000000020
2026/09/28 22:12:48.534, 84 %, 46914 MiB, 284.35 W, 86, 2535 MHz, 0x0000000000000020
2026/09/28 22:12:53.534, 71 %, 46914 MiB, 226.56 W, 86, 2520 MHz, 0x0000000000000400
2026/09/28 22:12:58.535, 84 %, 46914 MiB, 225.82 W, 86, 2505 MHz, 0x0000000000000020
2026/09/28 22:13:03.536, 7 %, 46914 MiB, 242.47 W, 82, 2640 MHz, 0x0000000000000400
2026/09/28 22:13:08.536, 100 %, 46914 MiB, 283.58 W, 85, 2250 MHz, 0x0000000000000004
2026/09/28 22:13:13.537, 91 %, 46914 MiB, 278.21 W, 87, 2040 MHz, 0x0000000000000004
2026/09/28 22:13:18.537, 67 %, 46914 MiB, 278.40 W, 84, 2640 MHz, 0x0000000000000020
2026/09/28 22:13:23.538, 87 %, 46914 MiB, 251.49 W, 87, 2505 MHz, 0x0000000000000020
2026/09/28 22:13:28.539, 87 %, 46914 MiB, 253.99 W, 87, 2475 MHz, 0x0000000000000020
2026/09/28 22:13:33.539, 87 %, 46914 MiB, 263.74 W, 87, 2505 MHz, 0x0000000000000020
2026/09/28 22:13:38.540, 87 %, 46914 MiB, 243.40 W, 87, 2595 MHz, 0x0000000000000004
2026/09/28 22:13:43.541, 86 %, 46914 MiB, 273.72 W, 87, 2445 MHz, 0x0000000000000020
2026/09/28 22:13:48.541, 40 %, 46914 MiB, 241.68 W, 85, 2505 MHz, 0x0000000000000020
2026/09/28 22:13:53.542, 89 %, 46914 MiB, 246.64 W, 87, 2505 MHz, 0x0000000000000020
2026/09/28 22:13:58.542, 87 %, 46914 MiB, 270.79 W, 87, 2475 MHz, 0x0000000000000020
2026/09/28 22:14:03.543, 100 %, 46914 MiB, 267.04 W, 89, 1860 MHz, 0x0000000000000004
2026/09/28 22:14:08.544, 100 %, 46914 MiB, 277.77 W, 86, 1275 MHz, 0x0000000000000020
2026/09/28 22:14:13.544, 88 %, 46914 MiB, 269.65 W, 87, 2445 MHz, 0x0000000000000020
2026/09/28 22:14:18.545, 86 %, 46914 MiB, 251.79 W, 87, 2460 MHz, 0x0000000000000020
2026/09/28 22:14:23.546, 87 %, 46914 MiB, 271.42 W, 87, 2460 MHz, 0x0000000000000020
2026/09/28 22:14:28.546, 9 %, 46914 MiB, 258.89 W, 87, 2295 MHz, 0x0000000000000004
2026/09/28 22:14:33.547, 87 %, 46914 MiB, 249.43 W, 87, 2460 MHz, 0x0000000000000020
2026/09/28 22:14:38.548, 87 %, 46914 MiB, 269.74 W, 87, 2400 MHz, 0x0000000000000020
2026/09/28 22:14:43.548, 87 %, 46914 MiB, 277.84 W, 87, 2445 MHz, 0x0000000000000020
2026/09/28 22:14:48.549, 69 %, 46914 MiB, 254.91 W, 89, 2415 MHz, 0x0000000000000004
2026/09/28 22:14:53.550, 87 %, 46914 MiB, 239.31 W, 87, 2490 MHz, 0x0000000000000020
2026/09/28 22:14:58.550, 65 %, 46914 MiB, 265.06 W, 85, 1950 MHz, 0x0000000000000020
2026/09/28 22:15:03.551, 86 %, 46914 MiB, 281.64 W, 88, 2475 MHz, 0x0000000000000020
2026/09/28 22:15:08.551, 0 %, 46914 MiB, 265.70 W, 85, 2640 MHz, 0x0000000000000400
2026/09/28 22:15:13.552, 87 %, 46914 MiB, 268.43 W, 87, 2490 MHz, 0x0000000000000020
2026/09/28 22:15:18.553, 56 %, 46914 MiB, 233.99 W, 84, 2505 MHz, 0x0000000000000020
2026/09/28 22:15:23.553, 85 %, 46914 MiB, 280.67 W, 87, 2475 MHz, 0x0000000000000020
2026/09/28 22:15:28.554, 86 %, 46914 MiB, 263.40 W, 87, 2505 MHz, 0x0000000000000020
2026/09/28 22:15:33.554, 100 %, 46914 MiB, 240.58 W, 86, 1950 MHz, 0x0000000000000004
2026/09/28 22:15:38.555, 64 %, 46914 MiB, 260.50 W, 85, 2505 MHz, 0x0000000000000020
2026/09/28 22:15:43.556, 87 %, 46914 MiB, 285.94 W, 87, 2505 MHz, 0x0000000000000020
2026/09/28 22:15:48.556, 23 %, 46914 MiB, 232.19 W, 83, 2310 MHz, 0x0000000000000400
2026/09/28 22:15:53.557, 100 %, 46914 MiB, 276.97 W, 88, 1905 MHz, 0x0000000000000004
2026/09/28 22:15:58.557, 85 %, 46914 MiB, 278.47 W, 87, 2505 MHz, 0x0000000000000020
2026/09/28 22:16:03.558, 56 %, 46914 MiB, 273.98 W, 87, 2505 MHz, 0x0000000000000400
2026/09/28 22:16:08.559, 86 %, 46914 MiB, 273.40 W, 87, 2505 MHz, 0x0000000000000020
2026/09/28 22:16:13.559, 88 %, 46914 MiB, 280.63 W, 87, 2490 MHz, 0x0000000000000020
2026/09/28 22:16:18.560, 100 %, 46914 MiB, 243.91 W, 87, 1515 MHz, 0x0000000000000004
2026/09/28 22:16:23.560, 85 %, 46914 MiB, 283.15 W, 87, 2445 MHz, 0x0000000000000020
2026/09/28 22:16:28.561, 85 %, 46914 MiB, 284.82 W, 87, 2445 MHz, 0x0000000000000020
2026/09/28 22:16:33.562, 87 %, 46914 MiB, 224.16 W, 86, 2505 MHz, 0x0000000000000020
2026/09/28 22:16:38.562, 62 %, 46914 MiB, 258.25 W, 87, 2475 MHz, 0x0000000000000020
2026/09/28 22:16:43.563, 86 %, 46914 MiB, 281.49 W, 87, 2430 MHz, 0x0000000000000020
2026/09/28 22:16:48.563, 100 %, 46914 MiB, 243.97 W, 88, 1980 MHz, 0x0000000000000004
2026/09/28 22:16:53.564, 87 %, 46914 MiB, 285.36 W, 87, 2505 MHz, 0x0000000000000020
2026/09/28 22:16:58.565, 87 %, 46914 MiB, 278.33 W, 87, 2505 MHz, 0x0000000000000020
2026/09/28 22:17:03.565, 87 %, 46914 MiB, 264.00 W, 86, 2535 MHz, 0x0000000000000020
2026/09/28 22:17:08.566, 88 %, 46914 MiB, 281.99 W, 87, 2505 MHz, 0x0000000000000020
2026/09/28 22:17:13.566, 100 %, 46914 MiB, 245.75 W, 88, 1935 MHz, 0x0000000000000004
2026/09/28 22:17:18.567, 86 %, 46914 MiB, 281.53 W, 86, 2505 MHz, 0x0000000000000020
2026/09/28 22:17:23.568, 85 %, 46914 MiB, 285.73 W, 87, 2505 MHz, 0x0000000000000020
2026/09/28 22:17:28.568, 100 %, 46914 MiB, 230.17 W, 87, 2145 MHz, 0x0000000000000004
2026/09/28 22:17:33.569, 86 %, 46914 MiB, 281.91 W, 86, 2505 MHz, 0x0000000000000020
2026/09/28 22:17:38.570, 100 %, 46914 MiB, 236.85 W, 87, 1740 MHz, 0x0000000000000004
2026/09/28 22:17:43.570, 85 %, 46914 MiB, 277.65 W, 86, 2505 MHz, 0x0000000000000020
2026/09/28 22:17:48.571, 0 %, 46914 MiB, 240.61 W, 83, 2640 MHz, 0x0000000000000400
2026/09/28 22:17:53.571, 85 %, 46914 MiB, 280.26 W, 86, 2505 MHz, 0x0000000000000020
2026/09/28 22:17:58.572, 88 %, 46914 MiB, 281.29 W, 87, 2505 MHz, 0x0000000000000020
2026/09/28 22:18:03.573, 100 %, 46914 MiB, 240.07 W, 84, 2400 MHz, 0x0000000000000004
2026/09/28 22:18:08.573, 85 %, 46914 MiB, 280.61 W, 87, 2505 MHz, 0x0000000000000020
2026/09/28 22:18:13.574, 85 %, 46914 MiB, 286.00 W, 87, 2475 MHz, 0x0000000000000020
2026/09/28 22:18:18.575, 79 %, 46914 MiB, 265.14 W, 84, 2640 MHz, 0x0000000000000020
2026/09/28 22:18:23.575, 61 %, 46914 MiB, 280.10 W, 86, 2505 MHz, 0x0000000000000020
2026/09/28 22:18:28.576, 86 %, 46914 MiB, 278.46 W, 87, 2505 MHz, 0x0000000000000020
2026/09/28 22:18:33.576, 85 %, 46914 MiB, 227.13 W, 87, 2505 MHz, 0x0000000000000020
2026/09/28 22:18:38.577, 86 %, 46914 MiB, 281.01 W, 86, 2505 MHz, 0x0000000000000020
2026/09/28 22:18:43.578, 85 %, 46914 MiB, 230.54 W, 87, 2505 MHz, 0x0000000000000020
2026/09/28 22:18:48.578, 88 %, 46914 MiB, 280.76 W, 86, 2505 MHz, 0x0000000000000020
2026/09/28 22:18:53.579, 87 %, 46914 MiB, 277.82 W, 86, 2505 MHz, 0x0000000000000020
2026/09/28 22:18:58.579, 84 %, 46914 MiB, 277.73 W, 87, 2505 MHz, 0x0000000000000020
2026/09/28 22:19:03.580, 85 %, 46914 MiB, 282.04 W, 87, 2430 MHz, 0x0000000000000020
2026/09/28 22:19:08.581, 85 %, 46914 MiB, 283.09 W, 87, 2520 MHz, 0x0000000000000020
2026/09/28 22:19:13.581, 32 %, 46914 MiB, 244.11 W, 84, 2475 MHz, 0x0000000000000020
2026/09/28 22:19:18.582, 84 %, 46914 MiB, 282.68 W, 87, 2505 MHz, 0x0000000000000020
2026/09/28 22:19:23.582, 56 %, 46914 MiB, 208.80 W, 86, 2640 MHz, 0x0000000000000400
2026/09/28 22:19:28.583, 88 %, 46914 MiB, 282.04 W, 86, 2520 MHz, 0x0000000000000020
2026/09/28 22:19:33.584, 87 %, 46914 MiB, 226.39 W, 86, 2505 MHz, 0x0000000000000020
2026/09/28 22:19:38.584, 84 %, 46914 MiB, 280.50 W, 86, 2535 MHz, 0x0000000000000020
2026/09/28 22:19:43.585, 87 %, 46914 MiB, 265.43 W, 86, 2505 MHz, 0x0000000000000020
2026/09/28 22:19:48.585, 87 %, 46914 MiB, 225.14 W, 86, 2505 MHz, 0x0000000000000020
2026/09/28 22:19:53.586, 85 %, 46914 MiB, 281.49 W, 87, 2505 MHz, 0x0000000000000020
2026/09/28 22:19:58.587, 84 %, 46914 MiB, 281.29 W, 87, 2475 MHz, 0x0000000000000020
2026/09/28 22:20:03.587, 84 %, 46914 MiB, 281.49 W, 87, 2520 MHz, 0x0000000000000020
2026/09/28 22:20:08.588, 87 %, 46914 MiB, 227.63 W, 87, 2505 MHz, 0x0000000000000020
2026/09/28 22:20:13.589, 88 %, 46914 MiB, 278.63 W, 87, 2505 MHz, 0x0000000000000020
2026/09/28 22:20:18.589, 86 %, 46914 MiB, 287.14 W, 87, 2445 MHz, 0x0000000000000020
2026/09/28 22:20:23.590, 72 %, 46914 MiB, 283.49 W, 87, 2625 MHz, 0x0000000000000020
2026/09/28 22:20:28.590, 84 %, 46914 MiB, 278.02 W, 87, 2505 MHz, 0x0000000000000020
2026/09/28 22:20:33.591, 86 %, 46914 MiB, 259.37 W, 87, 2505 MHz, 0x0000000000000020
2026/09/28 22:20:38.591, 86 %, 46914 MiB, 280.25 W, 87, 2490 MHz, 0x0000000000000020
2026/09/28 22:20:43.592, 100 %, 46914 MiB, 237.11 W, 87, 1575 MHz, 0x0000000000000004
2026/09/28 22:20:48.593, 84 %, 46914 MiB, 269.56 W, 87, 2505 MHz, 0x0000000000000020
2026/09/28 22:20:53.593, 85 %, 46914 MiB, 279.76 W, 87, 2460 MHz, 0x0000000000000020
2026/09/28 22:20:58.594, 85 %, 46914 MiB, 285.67 W, 87, 2475 MHz, 0x0000000000000020
2026/09/28 22:21:03.594, 88 %, 46914 MiB, 286.00 W, 87, 2505 MHz, 0x0000000000000020
2026/09/28 22:21:08.595, 59 %, 46914 MiB, 235.99 W, 88, 1965 MHz, 0x0000000000000004
2026/09/28 22:21:13.596, 87 %, 46914 MiB, 272.20 W, 86, 2505 MHz, 0x0000000000000020
2026/09/28 22:21:18.596, 13 %, 46914 MiB, 235.65 W, 86, 2640 MHz, 0x0000000000000400
2026/09/28 22:21:23.597, 100 %, 46914 MiB, 250.79 W, 88, 1575 MHz, 0x0000000000000004
2026/09/28 22:21:28.597, 27 %, 46914 MiB, 239.20 W, 86, 1755 MHz, 0x0000000000000400
2026/09/28 22:21:33.598, 85 %, 46914 MiB, 268.09 W, 86, 2505 MHz, 0x0000000000000020
2026/09/28 22:21:38.599, 35 %, 46914 MiB, 217.45 W, 84, 2640 MHz, 0x0000000000000420
2026/09/28 22:21:43.599, 7 %, 46914 MiB, 214.34 W, 82, 2640 MHz, 0x0000000000000400
2026/09/28 22:21:48.600, 56 %, 46914 MiB, 226.89 W, 85, 2640 MHz, 0x0000000000000400
2026/09/28 22:21:53.600, 86 %, 46914 MiB, 280.22 W, 86, 2505 MHz, 0x0000000000000020
2026/09/28 22:21:58.601, 85 %, 46914 MiB, 250.14 W, 86, 2520 MHz, 0x0000000000000020
2026/09/28 22:22:03.601, 85 %, 46914 MiB, 286.41 W, 86, 2505 MHz, 0x0000000000000020
2026/09/28 22:22:08.602, 54 %, 46914 MiB, 266.59 W, 83, 2640 MHz, 0x0000000000000020
2026/09/28 22:22:13.602, 84 %, 46914 MiB, 268.34 W, 88, 1425 MHz, 0x0000000000000004
2026/09/28 22:22:18.603, 81 %, 46914 MiB, 263.84 W, 84, 2475 MHz, 0x0000000000000020
2026/09/28 22:22:23.604, 86 %, 46914 MiB, 283.08 W, 87, 2505 MHz, 0x0000000000000020
2026/09/28 22:22:28.604, 86 %, 46914 MiB, 275.30 W, 87, 2505 MHz, 0x0000000000000020
2026/09/28 22:22:33.605, 85 %, 46914 MiB, 263.02 W, 87, 2505 MHz, 0x0000000000000020
2026/09/28 22:22:38.605, 87 %, 46914 MiB, 281.08 W, 87, 2445 MHz, 0x0000000000000020
2026/09/28 22:22:43.606, 83 %, 46914 MiB, 270.48 W, 87, 2505 MHz, 0x0000000000000020
2026/09/28 22:22:48.607, 87 %, 46914 MiB, 258.23 W, 86, 2505 MHz, 0x0000000000000020
2026/09/28 22:22:53.607, 85 %, 46914 MiB, 285.65 W, 87, 2520 MHz, 0x0000000000000020
2026/09/28 22:22:58.608, 84 %, 46914 MiB, 268.15 W, 86, 2505 MHz, 0x0000000000000020
2026/09/28 22:23:03.609, 84 %, 46914 MiB, 258.86 W, 87, 2505 MHz, 0x0000000000000020
2026/09/28 22:23:08.609, 84 %, 46914 MiB, 268.76 W, 87, 2505 MHz, 0x0000000000000020
2026/09/28 22:23:13.610, 83 %, 46914 MiB, 281.89 W, 87, 2505 MHz, 0x0000000000000020
2026/09/28 22:23:18.611, 84 %, 46914 MiB, 284.15 W, 87, 2475 MHz, 0x0000000000000020
2026/09/28 22:23:23.611, 87 %, 46914 MiB, 284.10 W, 88, 2475 MHz, 0x0000000000000020
2026/09/28 22:23:28.612, 84 %, 46914 MiB, 279.10 W, 87, 2505 MHz, 0x0000000000000020
2026/09/28 22:23:33.612, 0 %, 46914 MiB, 229.22 W, 84, 2640 MHz, 0x0000000000000400
2026/09/28 22:23:38.613, 87 %, 46914 MiB, 225.60 W, 87, 2505 MHz, 0x0000000000000020
2026/09/28 22:23:43.614, 87 %, 46914 MiB, 273.15 W, 87, 2505 MHz, 0x0000000000000020
2026/09/28 22:23:48.614, 15 %, 46914 MiB, 226.99 W, 83, 2640 MHz, 0x0000000000000400
2026/09/28 22:23:53.615, 88 %, 46914 MiB, 281.90 W, 87, 2505 MHz, 0x0000000000000020
2026/09/28 22:23:58.616, 87 %, 46914 MiB, 187.76 W, 86, 2565 MHz, 0x0000000000000020
2026/09/28 22:24:03.616, 85 %, 46914 MiB, 282.52 W, 87, 2505 MHz, 0x0000000000000020
2026/09/28 22:24:08.617, 0 %, 46914 MiB, 249.60 W, 83, 2640 MHz, 0x0000000000000400
2026/09/28 22:24:13.617, 0 %, 46914 MiB, 265.97 W, 83, 2640 MHz, 0x0000000000000400
2026/09/28 22:24:18.618, 86 %, 46914 MiB, 284.23 W, 86, 2505 MHz, 0x0000000000000020
2026/09/28 22:24:23.619, 39 %, 46914 MiB, 245.32 W, 82, 2115 MHz, 0x0000000000000404
2026/09/28 22:24:28.619, 85 %, 46914 MiB, 286.48 W, 87, 2505 MHz, 0x0000000000000020
2026/09/28 22:24:33.620, 12 %, 46914 MiB, 136.41 W, 82, 2640 MHz, 0x0000000000000400
2026/09/28 22:24:38.620, 100 %, 46914 MiB, 279.85 W, 86, 1890 MHz, 0x0000000000000004
2026/09/28 22:24:43.621, 73 %, 46914 MiB, 244.36 W, 86, 2625 MHz, 0x0000000000000004
2026/09/28 22:24:48.622, 71 %, 46914 MiB, 250.64 W, 86, 2505 MHz, 0x0000000000000020
2026/09/28 22:24:53.622, 89 %, 46914 MiB, 286.46 W, 87, 2505 MHz, 0x0000000000000020
2026/09/28 22:24:58.623, 87 %, 46914 MiB, 250.43 W, 87, 2505 MHz, 0x0000000000000020
2026/09/28 22:25:03.624, 88 %, 46914 MiB, 284.44 W, 87, 2505 MHz, 0x0000000000000020
2026/09/28 22:25:08.624, 89 %, 46914 MiB, 281.53 W, 87, 2445 MHz, 0x0000000000000020
2026/09/28 22:25:13.625, 89 %, 46914 MiB, 248.79 W, 87, 2445 MHz, 0x0000000000000020
2026/09/28 22:25:18.626, 84 %, 46914 MiB, 248.74 W, 88, 2445 MHz, 0x0000000000000020
2026/09/28 22:25:23.626, 86 %, 46914 MiB, 279.64 W, 87, 2400 MHz, 0x0000000000000020
2026/09/28 22:25:28.627, 85 %, 46914 MiB, 280.55 W, 88, 2445 MHz, 0x0000000000000020
2026/09/28 22:25:33.627, 11 %, 46914 MiB, 267.64 W, 84, 2640 MHz, 0x0000000000000400
2026/09/28 22:25:38.628, 87 %, 46914 MiB, 283.34 W, 87, 2415 MHz, 0x0000000000000020
2026/09/28 22:25:43.629, 89 %, 46914 MiB, 280.60 W, 88, 2445 MHz, 0x0000000000000020
2026/09/28 22:25:48.629, 86 %, 46914 MiB, 279.67 W, 88, 2430 MHz, 0x0000000000000020
2026/09/28 22:25:53.630, 86 %, 46914 MiB, 284.45 W, 87, 2415 MHz, 0x0000000000000020
2026/09/28 22:25:58.631, 85 %, 46914 MiB, 278.33 W, 87, 2505 MHz, 0x0000000000000020
2026/09/28 22:26:03.631, 7 %, 46914 MiB, 256.48 W, 85, 2640 MHz, 0x0000000000000400
2026/09/28 22:26:08.632, 87 %, 46914 MiB, 285.59 W, 87, 2475 MHz, 0x0000000000000020
2026/09/28 22:26:13.633, 86 %, 46914 MiB, 277.16 W, 87, 2505 MHz, 0x0000000000000020
2026/09/28 22:26:18.633, 64 %, 46914 MiB, 229.69 W, 88, 2235 MHz, 0x0000000000000004
2026/09/28 22:26:23.634, 87 %, 46914 MiB, 286.50 W, 87, 2505 MHz, 0x0000000000000020
2026/09/28 22:26:28.634, 53 %, 46914 MiB, 237.00 W, 86, 2625 MHz, 0x0000000000000404
2026/09/28 22:26:33.635, 89 %, 46914 MiB, 285.22 W, 87, 2520 MHz, 0x0000000000000020
2026/09/28 22:26:38.635, 89 %, 46914 MiB, 284.88 W, 87, 2505 MHz, 0x0000000000000020
2026/09/28 22:26:43.636, 87 %, 46914 MiB, 284.78 W, 87, 2490 MHz, 0x0000000000000020
2026/09/28 22:26:48.637, 100 %, 46914 MiB, 246.95 W, 88, 1935 MHz, 0x0000000000000004
2026/09/28 22:26:53.637, 88 %, 46914 MiB, 282.28 W, 87, 2505 MHz, 0x0000000000000020
2026/09/28 22:26:58.638, 70 %, 46914 MiB, 231.66 W, 86, 2505 MHz, 0x0000000000000020
2026/09/28 22:27:03.639, 86 %, 46914 MiB, 285.50 W, 87, 2505 MHz, 0x0000000000000020
2026/09/28 22:27:08.639, 62 %, 46914 MiB, 234.28 W, 87, 2340 MHz, 0x0000000000000004
2026/09/28 22:27:13.640, 86 %, 46914 MiB, 287.08 W, 87, 2505 MHz, 0x0000000000000020
2026/09/28 22:27:18.640, 86 %, 46914 MiB, 235.23 W, 87, 2505 MHz, 0x0000000000000020
2026/09/28 22:27:23.641, 85 %, 46914 MiB, 286.07 W, 87, 2505 MHz, 0x0000000000000020
2026/09/28 22:27:28.642, 100 %, 46914 MiB, 284.47 W, 88, 1785 MHz, 0x0000000000000004
2026/09/28 22:27:33.642, 85 %, 46914 MiB, 262.42 W, 87, 2505 MHz, 0x0000000000000020
2026/09/28 22:27:38.643, 88 %, 46914 MiB, 285.37 W, 87, 2505 MHz, 0x0000000000000020
2026/09/28 22:27:43.643, 88 %, 46914 MiB, 286.75 W, 87, 2505 MHz, 0x0000000000000020
2026/09/28 22:27:48.644, 22 %, 46914 MiB, 260.39 W, 84, 2145 MHz, 0x0000000000000004
2026/09/28 22:27:53.645, 86 %, 46914 MiB, 286.81 W, 87, 2535 MHz, 0x0000000000000020
2026/09/28 22:27:58.645, 100 %, 46914 MiB, 254.25 W, 86, 2265 MHz, 0x0000000000000004
2026/09/28 22:28:03.646, 100 %, 46914 MiB, 230.19 W, 86, 2280 MHz, 0x0000000000000004
2026/09/28 22:28:08.646, 88 %, 46914 MiB, 236.45 W, 86, 2505 MHz, 0x0000000000000020
2026/09/28 22:28:13.647, 88 %, 46914 MiB, 285.77 W, 86, 2505 MHz, 0x0000000000000020
2026/09/28 22:28:18.648, 0 %, 46914 MiB, 239.29 W, 83, 2640 MHz, 0x0000000000000400
2026/09/28 22:28:23.648, 100 %, 46914 MiB, 274.62 W, 87, 2175 MHz, 0x0000000000000004
2026/09/28 22:28:28.649, 89 %, 46914 MiB, 278.87 W, 87, 2070 MHz, 0x0000000000000020
2026/09/28 22:28:33.649, 88 %, 46914 MiB, 282.82 W, 87, 2505 MHz, 0x0000000000000020
2026/09/28 22:28:38.650, 86 %, 46914 MiB, 284.17 W, 87, 2475 MHz, 0x0000000000000020
2026/09/28 22:28:43.651, 23 %, 46914 MiB, 235.53 W, 86, 2640 MHz, 0x0000000000000400
2026/09/28 22:28:48.651, 88 %, 46914 MiB, 284.55 W, 87, 2445 MHz, 0x0000000000000020
2026/09/28 22:28:53.652, 87 %, 46914 MiB, 277.07 W, 87, 2505 MHz, 0x0000000000000020
2026/09/28 22:28:58.653, 87 %, 46914 MiB, 278.99 W, 87, 2475 MHz, 0x0000000000000020
2026/09/28 22:29:03.653, 0 %, 46914 MiB, 230.61 W, 84, 2640 MHz, 0x0000000000000400
2026/09/28 22:29:08.654, 87 %, 46914 MiB, 246.00 W, 87, 2505 MHz, 0x0000000000000020
2026/09/28 22:29:13.654, 87 %, 46914 MiB, 251.17 W, 86, 2505 MHz, 0x0000000000000020
2026/09/28 22:29:18.655, 87 %, 46914 MiB, 280.07 W, 87, 2505 MHz, 0x0000000000000020
2026/09/28 22:29:23.655, 87 %, 46914 MiB, 281.03 W, 87, 2505 MHz, 0x0000000000000020
2026/09/28 22:29:28.656, 87 %, 46914 MiB, 279.57 W, 87, 2475 MHz, 0x0000000000000020
2026/09/28 22:29:33.657, 88 %, 46914 MiB, 244.22 W, 87, 2505 MHz, 0x0000000000000020
2026/09/28 22:29:38.657, 87 %, 46914 MiB, 281.41 W, 87, 2505 MHz, 0x0000000000000020
2026/09/28 22:29:43.658, 87 %, 46914 MiB, 285.14 W, 87, 2430 MHz, 0x0000000000000020
2026/09/28 22:29:48.658, 86 %, 46914 MiB, 279.57 W, 87, 2415 MHz, 0x0000000000000020
2026/09/28 22:29:53.659, 22 %, 46914 MiB, 234.44 W, 84, 2640 MHz, 0x0000000000000400
2026/09/28 22:29:58.660, 87 %, 46914 MiB, 277.89 W, 87, 2445 MHz, 0x0000000000000020
2026/09/28 22:30:03.660, 88 %, 46914 MiB, 282.72 W, 87, 2415 MHz, 0x0000000000000020
2026/09/28 22:30:08.661, 87 %, 46914 MiB, 282.16 W, 87, 2430 MHz, 0x0000000000000020
2026/09/28 22:30:13.661, 88 %, 46914 MiB, 280.53 W, 87, 2475 MHz, 0x0000000000000020
2026/09/28 22:30:18.662, 87 %, 46914 MiB, 278.04 W, 87, 2460 MHz, 0x0000000000000020
2026/09/28 22:30:23.663, 87 %, 46914 MiB, 282.19 W, 87, 2490 MHz, 0x0000000000000020
2026/09/28 22:30:28.663, 86 %, 46914 MiB, 277.43 W, 87, 2505 MHz, 0x0000000000000020
2026/09/28 22:30:33.664, 87 %, 46914 MiB, 280.48 W, 87, 2415 MHz, 0x0000000000000020
2026/09/28 22:30:38.664, 86 %, 46914 MiB, 245.88 W, 87, 2535 MHz, 0x0000000000000020
2026/09/28 22:30:43.665, 88 %, 46914 MiB, 277.54 W, 87, 2430 MHz, 0x0000000000000020
2026/09/28 22:30:48.666, 87 %, 46914 MiB, 284.01 W, 87, 2430 MHz, 0x0000000000000020
2026/09/28 22:30:53.666, 88 %, 46914 MiB, 278.07 W, 87, 2430 MHz, 0x0000000000000020
2026/09/28 22:30:58.667, 19 %, 46914 MiB, 219.13 W, 87, 2190 MHz, 0x0000000000000400
2026/09/28 22:31:03.668, 87 %, 46914 MiB, 278.82 W, 87, 2400 MHz, 0x0000000000000020
2026/09/28 22:31:08.668, 57 %, 46914 MiB, 233.58 W, 87, 2520 MHz, 0x0000000000000400
2026/09/28 22:31:13.669, 87 %, 46914 MiB, 286.52 W, 87, 2505 MHz, 0x0000000000000020
2026/09/28 22:31:18.669, 88 %, 46914 MiB, 278.27 W, 87, 2505 MHz, 0x0000000000000020
2026/09/28 22:31:23.670, 88 %, 46914 MiB, 279.92 W, 87, 2505 MHz, 0x0000000000000020
2026/09/28 22:31:28.671, 0 %, 46914 MiB, 210.38 W, 83, 2640 MHz, 0x0000000000000400
2026/09/28 22:31:33.671, 87 %, 46914 MiB, 284.30 W, 87, 2505 MHz, 0x0000000000000020
2026/09/28 22:31:38.672, 87 %, 46914 MiB, 281.14 W, 87, 2505 MHz, 0x0000000000000020
2026/09/28 22:31:43.673, 86 %, 46914 MiB, 282.10 W, 87, 2490 MHz, 0x0000000000000020
2026/09/28 22:31:48.673, 87 %, 46914 MiB, 285.31 W, 87, 2505 MHz, 0x0000000000000020
2026/09/28 22:31:53.674, 75 %, 46914 MiB, 217.53 W, 87, 2025 MHz, 0x0000000000000004
2026/09/28 22:31:58.674, 87 %, 46914 MiB, 251.02 W, 87, 2505 MHz, 0x0000000000000020
2026/09/28 22:32:03.675, 70 %, 46914 MiB, 262.56 W, 86, 2505 MHz, 0x0000000000000020
2026/09/28 22:32:08.676, 69 %, 46914 MiB, 208.75 W, 83, 2640 MHz, 0x0000000000000400
2026/09/28 22:32:13.676, 64 %, 46914 MiB, 205.80 W, 85, 2595 MHz, 0x0000000000000004
2026/09/28 22:32:18.677, 88 %, 46914 MiB, 261.97 W, 85, 2595 MHz, 0x0000000000000004
2026/09/28 22:32:23.678, 100 %, 46914 MiB, 277.14 W, 86, 1935 MHz, 0x0000000000000004
2026/09/28 22:32:28.678, 88 %, 46914 MiB, 226.28 W, 86, 2580 MHz, 0x0000000000000020
2026/09/28 22:32:33.679, 72 %, 46914 MiB, 239.53 W, 86, 2580 MHz, 0x0000000000000004
2026/09/28 22:32:38.679, 87 %, 46914 MiB, 257.21 W, 85, 2520 MHz, 0x0000000000000020
2026/09/28 22:32:43.680, 72 %, 46914 MiB, 218.83 W, 84, 2610 MHz, 0x0000000000000004
2026/09/28 22:32:48.681, 93 %, 46914 MiB, 289.09 W, 85, 1680 MHz, 0x0000000000000004
2026/09/28 22:32:53.681, 100 %, 46914 MiB, 277.11 W, 87, 2085 MHz, 0x0000000000000004
2026/09/28 22:32:58.682, 88 %, 46914 MiB, 287.88 W, 86, 2505 MHz, 0x0000000000000020
2026/09/28 22:33:03.683, 62 %, 46914 MiB, 244.88 W, 83, 2610 MHz, 0x0000000000000004
2026/09/28 22:33:08.683, 100 %, 46914 MiB, 254.32 W, 86, 2250 MHz, 0x0000000000000004
2026/09/28 22:33:13.684, 88 %, 46914 MiB, 243.21 W, 86, 2505 MHz, 0x0000000000000020
2026/09/28 22:33:18.684, 88 %, 46914 MiB, 282.77 W, 86, 2505 MHz, 0x0000000000000020
2026/09/28 22:33:23.685, 100 %, 46914 MiB, 255.21 W, 87, 2280 MHz, 0x0000000000000004
2026/09/28 22:33:28.686, 88 %, 46914 MiB, 277.38 W, 86, 2505 MHz, 0x0000000000000020
2026/09/28 22:33:33.686, 87 %, 46914 MiB, 245.90 W, 86, 2505 MHz, 0x0000000000000020
2026/09/28 22:33:38.687, 89 %, 46914 MiB, 238.05 W, 86, 2505 MHz, 0x0000000000000020
2026/09/28 22:33:43.687, 88 %, 46914 MiB, 277.95 W, 86, 2505 MHz, 0x0000000000000020
2026/09/28 22:33:48.688, 100 %, 46914 MiB, 246.26 W, 87, 1740 MHz, 0x0000000000000004
2026/09/28 22:33:53.689, 87 %, 46914 MiB, 244.89 W, 86, 2505 MHz, 0x0000000000000020
2026/09/28 22:33:58.689, 84 %, 46914 MiB, 243.99 W, 85, 2505 MHz, 0x0000000000000020
2026/09/28 22:34:03.690, 87 %, 46914 MiB, 257.79 W, 86, 2505 MHz, 0x0000000000000020
2026/09/28 22:34:08.690, 20 %, 46914 MiB, 244.32 W, 83, 2640 MHz, 0x0000000000000400
2026/09/28 22:34:13.691, 82 %, 46914 MiB, 249.46 W, 85, 2640 MHz, 0x0000000000000020
2026/09/28 22:34:18.692, 88 %, 46914 MiB, 283.14 W, 86, 2505 MHz, 0x0000000000000020
2026/09/28 22:34:23.692, 39 %, 46914 MiB, 192.34 W, 84, 2640 MHz, 0x0000000000000400
2026/09/28 22:34:28.693, 89 %, 46914 MiB, 281.13 W, 87, 2505 MHz, 0x0000000000000020
2026/09/28 22:34:33.693, 54 %, 46914 MiB, 216.56 W, 86, 2640 MHz, 0x0000000000000400
2026/09/28 22:34:38.694, 89 %, 46914 MiB, 284.55 W, 87, 2505 MHz, 0x0000000000000020
2026/09/28 22:34:43.695, 87 %, 46914 MiB, 246.16 W, 87, 2520 MHz, 0x0000000000000020
2026/09/28 22:34:48.695, 87 %, 46914 MiB, 282.45 W, 87, 2505 MHz, 0x0000000000000020
2026/09/28 22:34:53.696, 89 %, 46914 MiB, 284.48 W, 87, 2475 MHz, 0x0000000000000020
2026/09/28 22:34:58.697, 100 %, 46914 MiB, 241.54 W, 89, 1560 MHz, 0x0000000000000004
2026/09/28 22:35:03.697, 72 %, 46914 MiB, 241.12 W, 84, 2640 MHz, 0x0000000000000020
2026/09/28 22:35:08.698, 54 %, 46914 MiB, 241.07 W, 86, 2505 MHz, 0x0000000000000020
2026/09/28 22:35:13.698, 13 %, 46914 MiB, 238.03 W, 85, 2400 MHz, 0x0000000000000400
2026/09/28 22:35:18.699, 88 %, 46914 MiB, 241.01 W, 86, 2505 MHz, 0x0000000000000020
2026/09/28 22:35:23.700, 100 %, 46914 MiB, 206.68 W, 87, 1905 MHz, 0x0000000000000004
2026/09/28 22:35:28.700, 97 %, 46914 MiB, 279.10 W, 85, 2490 MHz, 0x0000000000000004
2026/09/28 22:35:33.701, 100 %, 46914 MiB, 279.70 W, 88, 1785 MHz, 0x0000000000000024
2026/09/28 22:35:38.702, 100 %, 46914 MiB, 280.28 W, 87, 2400 MHz, 0x0000000000000004
2026/09/28 22:35:43.702, 85 %, 46914 MiB, 271.70 W, 87, 2505 MHz, 0x0000000000000020
2026/09/28 22:35:48.703, 36 %, 46914 MiB, 258.44 W, 84, 2640 MHz, 0x0000000000000400
2026/09/28 22:35:53.703, 87 %, 46914 MiB, 243.49 W, 87, 2460 MHz, 0x0000000000000020
2026/09/28 22:35:58.704, 87 %, 46914 MiB, 285.78 W, 87, 2430 MHz, 0x0000000000000020
2026/09/28 22:36:03.704, 86 %, 46914 MiB, 275.51 W, 87, 2490 MHz, 0x0000000000000020
2026/09/28 22:36:08.705, 87 %, 46914 MiB, 272.63 W, 87, 2415 MHz, 0x0000000000000020
2026/09/28 22:36:13.706, 85 %, 46914 MiB, 279.17 W, 88, 2490 MHz, 0x0000000000000020
2026/09/28 22:36:18.706, 87 %, 46914 MiB, 279.36 W, 87, 2460 MHz, 0x0000000000000020
2026/09/28 22:36:23.707, 87 %, 46914 MiB, 282.73 W, 88, 2400 MHz, 0x0000000000000020
2026/09/28 22:36:28.707, 86 %, 46914 MiB, 281.14 W, 88, 2430 MHz, 0x0000000000000020
2026/09/28 22:36:33.708, 87 %, 46914 MiB, 278.74 W, 88, 2415 MHz, 0x0000000000000020
2026/09/28 22:36:38.709, 53 %, 46914 MiB, 230.95 W, 87, 2505 MHz, 0x0000000000000020
2026/09/28 22:36:43.709, 54 %, 46914 MiB, 251.57 W, 87, 1800 MHz, 0x0000000000000004
2026/09/28 22:36:48.710, 100 %, 46914 MiB, 217.68 W, 87, 1995 MHz, 0x0000000000000004
2026/09/28 22:36:53.710, 100 %, 46914 MiB, 253.82 W, 88, 2430 MHz, 0x0000000000000004
2026/09/28 22:36:58.711, 62 %, 46914 MiB, 258.06 W, 87, 2535 MHz, 0x0000000000000020
2026/09/28 22:37:03.711, 87 %, 46914 MiB, 278.65 W, 87, 2445 MHz, 0x0000000000000020
2026/09/28 22:37:08.712, 88 %, 46914 MiB, 282.14 W, 87, 2505 MHz, 0x0000000000000020
2026/09/28 22:37:13.713, 88 %, 46914 MiB, 275.96 W, 87, 2430 MHz, 0x0000000000000020
2026/09/28 22:37:18.713, 48 %, 46914 MiB, 266.15 W, 85, 2505 MHz, 0x0000000000000020
2026/09/28 22:37:23.714, 11 %, 46914 MiB, 265.19 W, 84, 2640 MHz, 0x0000000000000400
2026/09/28 22:37:28.714, 64 %, 46914 MiB, 263.41 W, 84, 2400 MHz, 0x0000000000000004
2026/09/28 22:37:33.715, 88 %, 46914 MiB, 278.85 W, 87, 2505 MHz, 0x0000000000000020
2026/09/28 22:37:38.716, 85 %, 46914 MiB, 261.29 W, 88, 1830 MHz, 0x0000000000000020
2026/09/28 22:37:43.717, 0 %, 46914 MiB, 108.99 W, 81, 2505 MHz, 0x0000000000000000
2026/09/28 22:37:48.719, 0 %, 46914 MiB, 99.42 W, 78, 2505 MHz, 0x0000000000000000
2026/09/28 22:37:53.720, 0 %, 46914 MiB, 96.54 W, 76, 2505 MHz, 0x0000000000000000
2026/09/28 22:37:58.721, 0 %, 46914 MiB, 71.51 W, 74, 330 MHz, 0x0000000000000001
2026/09/28 22:38:03.723, 0 %, 46914 MiB, 45.19 W, 72, 210 MHz, 0x0000000000000001
2026/09/28 22:38:08.724, 0 %, 46914 MiB, 44.24 W, 71, 210 MHz, 0x0000000000000001
2026/09/28 22:38:13.725, 0 %, 46914 MiB, 43.28 W, 69, 210 MHz, 0x0000000000000001
2026/09/28 22:38:18.726, 0 %, 46914 MiB, 42.54 W, 68, 210 MHz, 0x0000000000000001
2026/09/28 22:38:23.727, 0 %, 46914 MiB, 42.30 W, 68, 210 MHz, 0x0000000000000001
2026/09/28 22:38:28.728, 0 %, 46914 MiB, 40.94 W, 67, 210 MHz, 0x0000000000000001
2026/09/28 22:38:33.730, 0 %, 46914 MiB, 40.58 W, 66, 210 MHz, 0x0000000000000001
2026/09/28 22:38:38.731, 0 %, 46914 MiB, 39.44 W, 66, 210 MHz, 0x0000000000000001
2026/09/28 22:38:43.732, 0 %, 46914 MiB, 39.52 W, 65, 210 MHz, 0x0000000000000001
2026/09/28 22:38:48.733, 0 %, 46914 MiB, 38.61 W, 64, 210 MHz, 0x0000000000000001
2026/09/28 22:38:53.735, 0 %, 46914 MiB, 38.79 W, 64, 210 MHz, 0x0000000000000001
2026/09/28 22:38:58.736, 0 %, 46914 MiB, 38.12 W, 64, 210 MHz, 0x0000000000000001
2026/09/28 22:39:03.737, 0 %, 46914 MiB, 38.24 W, 63, 210 MHz, 0x0000000000000001
2026/09/28 22:39:08.738, 0 %, 46914 MiB, 37.54 W, 63, 210 MHz, 0x0000000000000001
2026/09/28 22:39:13.739, 0 %, 46914 MiB, 37.42 W, 63, 210 MHz, 0x0000000000000001
2026/09/28 22:39:18.741, 0 %, 46914 MiB, 37.22 W, 62, 210 MHz, 0x0000000000000001
2026/09/28 22:39:23.743, 0 %, 46914 MiB, 36.85 W, 62, 210 MHz, 0x0000000000000001
2026/09/28 22:39:28.743, 0 %, 46914 MiB, 37.03 W, 62, 210 MHz, 0x0000000000000001
2026/09/28 22:39:33.744, 0 %, 46914 MiB, 36.93 W, 61, 210 MHz, 0x0000000000000001
2026/09/28 22:39:38.746, 0 %, 46914 MiB, 36.41 W, 61, 210 MHz, 0x0000000000000001
2026/09/28 22:39:43.747, 0 %, 46914 MiB, 36.29 W, 61, 210 MHz, 0x0000000000000001
