control fork drive-08#t9s24: changed under imperative=True advisory=True
  . rung 1.0 drive-02#t10s9 control    true=False cmd=('#', '~/git/reference/beellama.cpp/tools/server/server-context.cpp') 26.71s
  . rung 1.0 drive-02#t10s9 imperative true=False cmd=('sed', '~/git/reference/beellama.cpp/tools/server/server-context.cpp') 2.58s
  . rung 1.0 drive-02#t10s9 advisory   true=False cmd=('grep', '~/git/reference/beellama.cpp/') 4.38s
  . rung 1.0 drive-02#t10s9 sham       true=False cmd=('sed', '~/git/reference/beellama.cpp/tools/server/server-context.cpp') 3.06s
  . rung 0.8 drive-02#t10s9 control    true=False cmd=('#', '~/git/reference/beellama.cpp/tools/server/server-context.cpp') 2.87s
  . rung 0.8 drive-02#t10s9 imperative true=False cmd=('sed', '~/git/reference/beellama.cpp/tools/server/server-context.cpp') 2.88s
  . rung 0.8 drive-02#t10s9 advisory   true=False cmd=('sed', '~/git/reference/beellama.cpp/tools/server/server-context.cpp') 4.91s
  . rung 0.8 drive-02#t10s9 sham       true=False cmd=('#', '~/git/reference/beellama.cpp/') 3.88s
  . rung 0.6 drive-02#t10s9 control    true=False cmd=('#', '~/git/reference/beellama.cpp/tools/server/server-context.cpp') 3.04s
  . rung 0.6 drive-02#t10s9 imperative true=False cmd=('sed', '~/git/reference/beellama.cpp/tools/server/server-context.cpp') 2.42s
  . rung 0.6 drive-02#t10s9 advisory   true=False cmd=('#', '/') 6.2s
  . rung 0.6 drive-02#t10s9 sham       true=False cmd=('sed', '~/git/reference/beellama.cpp/tools/server/server-context.cpp') 3.14s
  . rung 0.4 drive-02#t10s9 control    true=False cmd=('#', '~/git/reference/beellama.cpp/tools/server/server-context.cpp') 2.61s
  . rung 0.4 drive-02#t10s9 imperative true=False cmd=('grep', '~/git/reference/beellama.cpp/') 3.7s
  . rung 0.4 drive-02#t10s9 advisory   true=False cmd=('sed', '~/git/reference/beellama.cpp/tools/server/server-context.cpp') 3.03s
  . rung 0.4 drive-02#t10s9 sham       true=False cmd=('grep', '~/git/reference/beellama.cpp/') 3.07s
  . rung 0.6222 drive-02#t10s9 control    true=False cmd=('#', '~/git/reference/beellama.cpp/tools/server/server-context.cpp') 3.0s
  . rung 0.6222 drive-02#t10s9 imperative true=False cmd=('#', 'common/') 9.62s
  . rung 0.6222 drive-02#t10s9 advisory   true=False cmd=('sed', '~/git/reference/beellama.cpp/tools/server/server-context.cpp') 5.25s
  . rung 0.6222 drive-02#t10s9 sham       true=False cmd=('sed', '~/git/reference/beellama.cpp/tools/server/server-context.cpp') 2.62s
  . rung 0.0556 drive-02#t10s9 control    true=False cmd=('#', '~/git/reference/beellama.cpp/tools/server/server-context.cpp') 2.58s
  . rung 0.0556 drive-02#t10s9 imperative true=False cmd=('grep', '~/git/reference/beellama.cpp/') 3.09s
  . rung 0.0556 drive-02#t10s9 advisory   true=False cmd=('#', 'schema/JSON') 4.06s
  . rung 0.0556 drive-02#t10s9 sham       true=False cmd=('###', 'codebase.') 27.58s
  . rung 1.0 drive-02#t3s5 control    true=False cmd=('sed', '~/git/llama.cpp/tools/server/server-common.cpp') 6.66s
  . rung 1.0 drive-02#t3s5 imperative true=False cmd=('sed', '~/git/llama.cpp/tools/server/server-common.h') 4.15s
  . rung 1.0 drive-02#t3s5 advisory   true=False cmd=('sed', '~/git/llama.cpp/tools/server/server-common.cpp') 2.42s
  . rung 1.0 drive-02#t3s5 sham       true=False cmd=('sed', '~/git/llama.cpp/tools/server/server-common.cpp') 2.34s
  . rung 0.8 drive-02#t3s5 control    true=False cmd=('cat', '~/git/llama.cpp/tools/server/server-common.cpp') 2.15s
  . rung 0.8 drive-02#t3s5 imperative true=False cmd=('sed', '~/git/llama.cpp/tools/server/server-common.cpp') 2.74s
  . rung 0.8 drive-02#t3s5 advisory   true=False cmd=('sed', '~/git/llama.cpp/tools/server/server-common.cpp') 2.44s
  . rung 0.8 drive-02#t3s5 sham       true=False cmd=('grep', '"slot.*reuse\\|reuse.*slot\\|slot.*match\\|match.*slot\\|best.*slot\\|slot.*best\\|select.*slot\\|slot.*select"') 2.5s
  . rung 0.6 drive-02#t3s5 control    true=False cmd=('sed', '~/git/llama.cpp/tools/server/server-common.cpp') 2.01s
  . rung 0.6 drive-02#t3s5 imperative true=False cmd=('grep', '~/git/llama.cpp/tools/server/server-http.h') 3.12s
  . rung 0.6 drive-02#t3s5 advisory   true=False cmd=('sed', '~/git/llama.cpp/tools/server/server-common.cpp') 2.43s
  . rung 0.6 drive-02#t3s5 sham       true=False cmd=('grep', '~/git/llama.cpp/tools/server/server-common.cpp') 1.82s
  . rung 0.4 drive-02#t3s5 control    true=False cmd=('sed', '~/git/llama.cpp/tools/server/server-common.cpp') 2.21s
  . rung 0.4 drive-02#t3s5 imperative true=False cmd=('sed', '~/git/llama.cpp/tools/server/server-common.cpp') 3.88s
  . rung 0.4 drive-02#t3s5 advisory   true=False cmd=('sed', '~/git/llama.cpp/tools/server/server-common.cpp') 2.62s
  . rung 0.4 drive-02#t3s5 sham       true=False cmd=('sed', '~/git/llama.cpp/tools/server/server-common.cpp') 2.14s
  . rung 0.6222 drive-02#t3s5 control    true=False cmd=('sed', '~/git/llama.cpp/tools/server/server-common.cpp') 2.18s
  . rung 0.6222 drive-02#t3s5 imperative true=False cmd=('sed', '~/git/llama.cpp/tools/server/server-http.h') 2.78s
  . rung 0.6222 drive-02#t3s5 advisory   true=False cmd=('sed', '~/git/llama.cpp/tools/server/server-common.cpp') 2.37s
  . rung 0.6222 drive-02#t3s5 sham       true=False cmd=('grep', '"get_common_prefix\\|common_prefix\\|n_past\\|kv.*cache\\|cache.*reuse\\|slot.*reuse"') 2.38s
  . rung 0.0556 drive-02#t3s5 control    true=False cmd=('sed', '~/git/llama.cpp/tools/server/server-common.cpp') 1.91s
  . rung 0.0556 drive-02#t3s5 imperative true=False cmd=('sed', '~/git/llama.cpp/tools/server/server-common.h') 3.77s
  . rung 0.0556 drive-02#t3s5 advisory   true=False cmd=('sed', '~/git/llama.cpp/tools/server/server-common.cpp') 2.55s
  . rung 0.0556 drive-02#t3s5 sham       true=False cmd=('grep', '~/git/llama.cpp/tools/server/server-common.cpp') 2.25s
  . rung 1.0 drive-02#t7s29 control    true=False cmd=('sed', '~/git/llama.cpp/tools/server/server-context.cpp') 8.65s
  . rung 1.0 drive-02#t7s29 imperative true=False cmd=('grep', '~/git/llama.cpp/tools/server/server-context.cpp') 1.55s
  . rung 1.0 drive-02#t7s29 advisory   true=False cmd=('sed', '~/git/llama.cpp/tools/server/server-context.cpp') 1.7s
  . rung 1.0 drive-02#t7s29 sham       true=False cmd=('sed', '~/git/llama.cpp/tools/server/server-context.cpp') 0.99s
  . rung 0.8 drive-02#t7s29 control    true=False cmd=('sed', '~/git/llama.cpp/tools/server/server-context.cpp') 0.75s
  . rung 0.8 drive-02#t7s29 imperative true=False cmd=('grep', '~/git/llama.cpp/tools/server/') 1.42s
  . rung 0.8 drive-02#t7s29 advisory   true=False cmd=('sed', '~/git/llama.cpp/tools/server/server-context.cpp') 1.27s
  . rung 0.8 drive-02#t7s29 sham       true=False cmd=('sed', '~/git/llama.cpp/tools/server/server-context.cpp') 1.21s
  . rung 0.6 drive-02#t7s29 control    true=False cmd=('sed', '~/git/llama.cpp/tools/server/server-context.cpp') 0.75s
  . rung 0.6 drive-02#t7s29 imperative true=False cmd=('grep', '~/git/llama.cpp/tools/server/') 1.23s
  . rung 0.6 drive-02#t7s29 advisory   true=False cmd=('sed', '~/git/llama.cpp/tools/server/server-context.cpp') 1.65s
  . rung 0.6 drive-02#t7s29 sham       true=False cmd=('sed', '~/git/llama.cpp/tools/server/server-context.cpp') 1.18s
  . rung 0.4 drive-02#t7s29 control    true=False cmd=('sed', '~/git/llama.cpp/tools/server/server-context.cpp') 0.77s
  . rung 0.4 drive-02#t7s29 imperative true=False cmd=('sed', '~/git/llama.cpp/tools/server/server-context.cpp') 4.7s
  . rung 0.4 drive-02#t7s29 advisory   true=False cmd=('grep', '~/git/llama.cpp/tools/server/server-context.cpp') 1.4s
  . rung 0.4 drive-02#t7s29 sham       true=False cmd=('sed', '~/git/llama.cpp/tools/server/server-context.cpp') 1.27s
  . rung 0.6222 drive-02#t7s29 control    true=False cmd=('sed', '~/git/llama.cpp/tools/server/server-context.cpp') 0.78s
  . rung 0.6222 drive-02#t7s29 imperative true=False cmd=('grep', '~/git/llama.cpp/tools/server/server-context.cpp') 1.86s
  . rung 0.6222 drive-02#t7s29 advisory   true=False cmd=('sed', '~/git/llama.cpp/tools/server/server-context.cpp') 1.82s
  . rung 0.6222 drive-02#t7s29 sham       true=False cmd=('sed', '~/git/llama.cpp/tools/server/server-context.cpp') 0.99s
  . rung 0.0556 drive-02#t7s29 control    true=False cmd=('sed', '~/git/llama.cpp/tools/server/server-context.cpp') 0.72s
  . rung 0.0556 drive-02#t7s29 imperative true=False cmd=('grep', '~/git/llama.cpp/tools/server/') 1.37s
  . rung 0.0556 drive-02#t7s29 advisory   true=False cmd=('sed', '~/git/llama.cpp/tools/server/server-context.cpp') 1.38s
  . rung 0.0556 drive-02#t7s29 sham       true=False cmd=('sed', '~/git/llama.cpp/tools/server/server-context.cpp') 1.14s
  . rung 1.0 drive-02#t8s11 control    true=False cmd=('grep', '~/git/llama.cpp/src/llama-memory.cpp') 8.64s
  . rung 1.0 drive-02#t8s11 imperative true=False cmd=('sed', '~/git/llama.cpp/tools/server/server-context.cpp') 3.03s
  . rung 1.0 drive-02#t8s11 advisory   true=False cmd=('sed', '~/git/llama.cpp/tools/server/server-context.cpp') 2.44s
  . rung 1.0 drive-02#t8s11 sham       true=False cmd=('sed', '~/git/llama.cpp/tools/server/server-context.cpp') 3.13s
  . rung 0.8 drive-02#t8s11 control    true=False cmd=('grep', '~/git/llama.cpp/src/llama-memory.cpp') 2.84s
  . rung 0.8 drive-02#t8s11 imperative true=False cmd=('sed', '~/git/llama.cpp/tools/server/server-context.cpp') 9.68s
  . rung 0.8 drive-02#t8s11 advisory   true=False cmd=('sed', '~/git/llama.cpp/tools/server/server-context.cpp') 3.13s
  . rung 0.8 drive-02#t8s11 sham       true=False cmd=('sed', '~/git/llama.cpp/tools/server/server-context.cpp') 2.77s
  . rung 0.6 drive-02#t8s11 control    true=False cmd=('grep', '~/git/llama.cpp/src/llama-memory.cpp') 2.23s
  . rung 0.6 drive-02#t8s11 imperative true=False cmd=('sed', '~/git/llama.cpp/tools/server/server-context.cpp') 10.26s
  . rung 0.6 drive-02#t8s11 advisory   true=False cmd=('sed', '~/git/llama.cpp/tools/server/server-context.cpp') 3.72s
  . rung 0.6 drive-02#t8s11 sham       true=False cmd=('sed', '~/git/llama.cpp/tools/server/server-context.cpp') 2.34s
  . rung 0.4 drive-02#t8s11 control    true=False cmd=('sed', '~/git/llama.cpp/tools/server/server-context.cpp') 2.13s
  . rung 0.4 drive-02#t8s11 imperative true=False cmd=('sed', '~/git/llama.cpp/tools/server/server-context.cpp') 2.02s
  . rung 0.4 drive-02#t8s11 advisory   true=False cmd=('sed', '~/git/llama.cpp/tools/server/server-context.cpp') 2.34s
  . rung 0.4 drive-02#t8s11 sham       true=False cmd=('grep', '~/git/llama.cpp/src/llama-*.cpp') 2.45s
  . rung 0.6222 drive-02#t8s11 control    true=False cmd=('grep', '~/git/llama.cpp/src/llama-memory-*.cpp') 2.61s
  . rung 0.6222 drive-02#t8s11 imperative true=False cmd=('cat', '/tmp/diet-ab-note-sse.md') 9.89s
  . rung 0.6222 drive-02#t8s11 advisory   true=False cmd=('sed', '~/git/llama.cpp/tools/server/server-context.cpp') 2.71s
  . rung 0.6222 drive-02#t8s11 sham       true=False cmd=('sed', '~/git/llama.cpp/tools/server/server-context.cpp') 2.28s
  . rung 0.0556 drive-02#t8s11 control    true=False cmd=('grep', '~/git/llama.cpp/src/llama-memory-*.cpp') 2.24s
  . rung 0.0556 drive-02#t8s11 imperative true=False cmd=('cat', '/tmp/diet-ab-note-sse.md') 12.52s
  . rung 0.0556 drive-02#t8s11 advisory   true=False cmd=('sed', '~/git/llama.cpp/tools/server/server-context.cpp') 2.29s
  . rung 0.0556 drive-02#t8s11 sham       true=False cmd=('sed', '~/git/llama.cpp/tools/server/server-context.cpp') 2.33s
  . rung 1.0 drive-02#t8s26 control    true=False cmd=('grep', '~/git/llama.cpp/include/llama.h') 10.2s
  . rung 1.0 drive-02#t8s26 imperative true=False cmd=('sed', '~/git/llama.cpp/tools/server/server-task.cpp') 2.25s
  . rung 1.0 drive-02#t8s26 advisory   true=False cmd=('sed', '~/git/llama.cpp/tools/server/server-task.cpp') 2.3s
  . rung 1.0 drive-02#t8s26 sham       true=False cmd=('sed', '~/git/llama.cpp/tools/server/server-context.cpp') 2.62s
  . rung 0.8 drive-02#t8s26 control    true=False cmd=('sed', '~/git/llama.cpp/tools/server/server-context.cpp') 2.4s
  . rung 0.8 drive-02#t8s26 imperative true=False cmd=('sed', '~/git/llama.cpp/tools/server/server-task.cpp') 2.16s
  . rung 0.8 drive-02#t8s26 advisory   true=False cmd=('sed', '~/git/llama.cpp/tools/server/server-task.cpp') 2.18s
  . rung 0.8 drive-02#t8s26 sham       true=False cmd=('grep', '~/git/llama.cpp/tools/server/server-http.cpp') 2.19s
  . rung 0.6 drive-02#t8s26 control    true=False cmd=('grep', '~/git/llama.cpp/tools/server/server-http.cpp') 2.41s
  . rung 0.6 drive-02#t8s26 imperative true=False cmd=('sed', '~/git/llama.cpp/tools/server/server-task.cpp') 2.48s
  . rung 0.6 drive-02#t8s26 advisory   true=False cmd=('grep', '~/git/llama.cpp/tools/server/') 4.57s
  . rung 0.6 drive-02#t8s26 sham       true=False cmd=('grep', '~/git/llama.cpp/tools/server/') 2.95s
  . rung 0.4 drive-02#t8s26 control    true=False cmd=('sed', '~/git/llama.cpp/tools/server/server-context.cpp') 2.57s
  . rung 0.4 drive-02#t8s26 imperative true=False cmd=('sed', '~/git/llama.cpp/tools/server/server-task.cpp') 2.32s
  . rung 0.4 drive-02#t8s26 advisory   true=False cmd=('sed', '~/git/llama.cpp/tools/server/server-task.cpp') 2.03s
  . rung 0.4 drive-02#t8s26 sham       true=False cmd=('grep', '"post_slots\\|get_slots\\|/slots"') 2.37s
  . rung 0.6222 drive-02#t8s26 control    true=False cmd=('sed', '~/git/llama.cpp/tools/server/server-context.cpp') 2.52s
  . rung 0.6222 drive-02#t8s26 imperative true=False cmd=('sed', '~/git/llama.cpp/tools/server/server-task.cpp') 2.48s
  . rung 0.6222 drive-02#t8s26 advisory   true=False cmd=('sed', '~/git/llama.cpp/tools/server/server-task.cpp') 2.43s
  . rung 0.6222 drive-02#t8s26 sham       true=False cmd=('grep', '~/git/llama.cpp/') 2.52s
  . rung 0.0556 drive-02#t8s26 control    true=False cmd=('grep', '~/git/llama.cpp/tools/server/server-context.cpp') 2.76s
  . rung 0.0556 drive-02#t8s26 imperative true=False cmd=('sed', '~/git/llama.cpp/tools/server/server-task.cpp') 2.23s
  . rung 0.0556 drive-02#t8s26 advisory   true=False cmd=('sed', '~/git/llama.cpp/tools/server/server-task.cpp') 2.51s
  . rung 0.0556 drive-02#t8s26 sham       true=False cmd=('grep', '~/git/llama.cpp/tools/server/') 2.51s
  . rung 1.0 drive-02#t8s5 control    true=False cmd=('sed', '~/git/llama.cpp/tools/server/server-context.cpp') 4.81s
  . rung 1.0 drive-02#t8s5 imperative true=False cmd=('sed', '~/git/llama.cpp/tools/server/server-context.cpp') 2.1s
  . rung 1.0 drive-02#t8s5 advisory   true=False cmd=('grep', '~/git/llama.cpp/tools/server/') 3.12s
  . rung 1.0 drive-02#t8s5 sham       true=False cmd=('sed', '~/git/llama.cpp/tools/server/server-context.cpp') 1.82s
  . rung 0.8 drive-02#t8s5 control    true=False cmd=('sed', '~/git/llama.cpp/tools/server/server-context.cpp') 1.89s
  . rung 0.8 drive-02#t8s5 imperative true=False cmd=('grep', '~/git/llama.cpp/tools/server/') 2.68s
  . rung 0.8 drive-02#t8s5 advisory   true=False cmd=('sed', '~/git/llama.cpp/tools/server/server-context.cpp') 2.7s
  . rung 0.8 drive-02#t8s5 sham       true=False cmd=('sed', '~/git/llama.cpp/tools/server/server-context.cpp') 2.74s
  . rung 0.6 drive-02#t8s5 control    true=False cmd=('sed', '~/git/llama.cpp/tools/server/server-context.cpp') 1.9s
  . rung 0.6 drive-02#t8s5 imperative true=False cmd=('grep', '~/git/llama.cpp/tools/server/') 3.26s
  . rung 0.6 drive-02#t8s5 advisory   true=False cmd=('grep', '~/git/llama.cpp/tools/server/') 2.99s
  . rung 0.6 drive-02#t8s5 sham       true=False cmd=None 1.22s
  . rung 0.4 drive-02#t8s5 control    true=False cmd=('sed', '~/git/llama.cpp/tools/server/server-context.cpp') 2.12s
  . rung 0.4 drive-02#t8s5 imperative true=False cmd=('grep', '"slot.save.path\\|slot_save_path\\|slot-save-path"') 2.5s
  . rung 0.4 drive-02#t8s5 advisory   true=False cmd=('grep', '~/git/llama.cpp/') 3.03s
  . rung 0.4 drive-02#t8s5 sham       true=False cmd=('sed', '~/git/llama.cpp/tools/server/server-context.cpp') 1.81s
  . rung 0.6222 drive-02#t8s5 control    true=False cmd=('sed', '~/git/llama.cpp/tools/server/server-context.cpp') 2.02s
  . rung 0.6222 drive-02#t8s5 imperative true=False cmd=('grep', '~/git/llama.cpp/tools/server/server-context.cpp') 4.11s
  . rung 0.6222 drive-02#t8s5 advisory   true=False cmd=('sed', '~/git/llama.cpp/tools/server/server-context.cpp') 3.36s
  . rung 0.6222 drive-02#t8s5 sham       true=False cmd=('sed', '~/git/llama.cpp/tools/server/server-context.cpp') 2.02s
  . rung 0.0556 drive-02#t8s5 control    true=False cmd=('grep', '~/git/llama.cpp/src/') 2.34s
  . rung 0.0556 drive-02#t8s5 imperative true=False cmd=('sed', '~/git/llama.cpp/tools/server/server-context.cpp') 6.47s
  . rung 0.0556 drive-02#t8s5 advisory   true=False cmd=('sed', '~/git/llama.cpp/tools/server/server-context.cpp') 3.3s
  . rung 0.0556 drive-02#t8s5 sham       true=False cmd=('sed', '~/git/llama.cpp/tools/server/server-context.cpp') 2.23s
  . rung 1.0 drive-02#t9s1 control    true=False cmd=('ls', '~/git/reference/llama.cpp/tools/server/') 13.23s
  . rung 1.0 drive-02#t9s1 imperative true=False cmd=('sed', '~/git/reference/beellama.cpp/tools/server/server-context.cpp') 2.71s
  . rung 1.0 drive-02#t9s1 advisory   true=False cmd=('#', 'server.cpp,') 8.21s
  . rung 1.0 drive-02#t9s1 sham       true=False cmd=('find', '/usr/local/Cellar/llama.cpp') 2.93s
  . rung 0.8 drive-02#t9s1 control    true=False cmd=('find', '~/git/reference/beellama.cpp') 2.68s
  . rung 0.8 drive-02#t9s1 imperative true=False cmd=('#', 'llama.cpp') 6.53s
  . rung 0.8 drive-02#t9s1 advisory   true=False cmd=('#', 'llama.cpp') 3.41s
  . rung 0.8 drive-02#t9s1 sham       true=False cmd=('find', '~/git/reference/beellama.cpp/tools/server/') 2.93s
  . rung 0.6 drive-02#t9s1 control    true=False cmd=('find', '~/git') 2.1s
  . rung 0.6 drive-02#t9s1 imperative true=False cmd=('grep', '~/git/reference/beellama.cpp/tools/server/server-context.cpp') 1.97s
  . rung 0.6 drive-02#t9s1 advisory   true=False cmd=('#', 'llama.cpp') 7.16s
  . rung 0.6 drive-02#t9s1 sham       true=False cmd=('find', '~/git/reference/beellama.cpp/tools/server/') 2.76s
  . rung 0.4 drive-02#t9s1 control    true=False cmd=('find', '~/git/reference/beellama.cpp') 3.88s
  . rung 0.4 drive-02#t9s1 imperative true=False cmd=('find', '~/git/reference/beellama.cpp/tools/server') 3.25s
  . rung 0.4 drive-02#t9s1 advisory   true=False cmd=('#', 'server.cpp,') 7.41s
  . rung 0.4 drive-02#t9s1 sham       true=False cmd=('ls', '~/git/reference/beellama.cpp/tools/server/bench/') 1.71s
  . rung 0.6222 drive-02#t9s1 control    true=False cmd=('find', '~/git/reference/beellama.cpp') 2.72s
  . rung 0.6222 drive-02#t9s1 imperative true=False cmd=('grep', '~/git/reference/beellama.cpp/tools/server/server-context.cpp') 2.14s
  . rung 0.6222 drive-02#t9s1 advisory   true=False cmd=('#', 'llama.cpp') 6.91s
  . rung 0.6222 drive-02#t9s1 sham       true=False cmd=('ls', '~/git/reference/beellama.cpp/tools/server/*.cpp') 3.41s
  . rung 0.0556 drive-02#t9s1 control    true=False cmd=('find', '~/git/reference/beellama.cpp/tools/server') 2.42s
  . rung 0.0556 drive-02#t9s1 imperative true=False cmd=('grep', '~/git/reference/beellama.cpp/tools/server/server-context.cpp') 2.14s
  . rung 0.0556 drive-02#t9s1 advisory   true=False cmd=('find', '~/git/reference/beellama.cpp') 2.54s
  . rung 0.0556 drive-02#t9s1 sham       true=False cmd=('#', 'CMakeLists.txt,') 5.46s
  . rung 1.0 drive-02#t9s11 control    true=False cmd=('echo', 'server-tools.cpp') 7.14s
  . rung 1.0 drive-02#t9s11 imperative true=False cmd=('cat', '/tmp/beellama-comparison-notes.md') 29.14s
  . rung 1.0 drive-02#t9s11 advisory   true=False cmd=('echo', 'server-tools.cpp') 1.44s
  . rung 1.0 drive-02#t9s11 sham       true=False cmd=('echo', 'server-tools.cpp') 1.53s
  . rung 0.8 drive-02#t9s11 control    true=False cmd=('echo', 'server-tools.cpp') 1.48s
  . rung 0.8 drive-02#t9s11 imperative true=False cmd=('echo', 'main.cpp') 3.17s
  . rung 0.8 drive-02#t9s11 advisory   true=False cmd=('echo', 'server-tools.cpp') 1.37s
  . rung 0.8 drive-02#t9s11 sham       true=False cmd=('echo', 'server-tools.cpp') 1.58s
  . rung 0.6 drive-02#t9s11 control    true=False cmd=('echo', 'server-tools.cpp') 1.49s
  . rung 0.6 drive-02#t9s11 imperative true=False cmd=('echo', 'main.cpp') 3.9s
  . rung 0.6 drive-02#t9s11 advisory   true=False cmd=('echo', 'server-tools.cpp') 1.37s
  . rung 0.6 drive-02#t9s11 sham       true=False cmd=('echo', 'server-tools.cpp') 1.6s
  . rung 0.4 drive-02#t9s11 control    true=False cmd=('echo', 'server-tools.cpp') 1.43s
  . rung 0.4 drive-02#t9s11 imperative true=False cmd=('echo', 'main.cpp') 3.17s
  . rung 0.4 drive-02#t9s11 advisory   true=False cmd=('echo', 'server-tools.cpp') 1.4s
  . rung 0.4 drive-02#t9s11 sham       true=False cmd=('echo', 'server-tools.cpp') 1.61s
  . rung 0.6222 drive-02#t9s11 control    true=False cmd=('echo', 'server-tools.cpp') 1.49s
  . rung 0.6222 drive-02#t9s11 imperative true=False cmd=('echo', 'main.cpp') 2.32s
  . rung 0.6222 drive-02#t9s11 advisory   true=False cmd=('echo', 'server-tools.cpp') 1.25s
  . rung 0.6222 drive-02#t9s11 sham       true=False cmd=('echo', 'server-tools.cpp') 1.52s
  . rung 0.0556 drive-02#t9s11 control    true=False cmd=('echo', 'server-tools.cpp') 1.49s
  . rung 0.0556 drive-02#t9s11 imperative true=False cmd=('echo', 'server-tools.cpp') 2.33s
  . rung 0.0556 drive-02#t9s11 advisory   true=False cmd=('echo', 'server-tools.cpp') 1.37s
  . rung 0.0556 drive-02#t9s11 sham       true=False cmd=('echo', 'server-tools.cpp') 2.38s
  . rung 1.0 drive-02#t9s16 control    true=False cmd=('echo', 'tests/') 3.91s
  . rung 1.0 drive-02#t9s16 imperative true=False cmd=('grep', '"alloc\\|LCP\\|longest_common_prefix\\|obsolete.*cached\\|fully') 3.04s
  . rung 1.0 drive-02#t9s16 advisory   true=False cmd=('grep', '"LCP\\|longest_common_prefix\\|lcp\\|common_prefix\\|obsolete.*cached\\|already') 3.21s
  . rung 1.0 drive-02#t9s16 sham       true=False cmd=('#', 'llama.cpp') 2.91s
  . rung 0.8 drive-02#t9s16 control    true=False cmd=('echo', 'tests/') 1.92s
  . rung 0.8 drive-02#t9s16 imperative true=False cmd=None 4.65s
  . rung 0.8 drive-02#t9s16 advisory   true=False cmd=('grep', '~/git/reference/beellama.cpp/tools/server/server-task.cpp') 2.98s
  . rung 0.8 drive-02#t9s16 sham       true=False cmd=('echo', 'CMakeLists.txt') 2.04s
  . rung 0.6 drive-02#t9s16 control    true=False cmd=('echo', 'tests/') 1.93s
  . rung 0.6 drive-02#t9s16 imperative true=False cmd=('grep', '~/git/reference/beellama.cpp/tools/server/server-task.cpp') 2.8s
  . rung 0.6 drive-02#t9s16 advisory   true=False cmd=('grep', "contained\\|skip.*exist\\|limit_size\\|bad_alloc'") 3.67s
  . rung 0.6 drive-02#t9s16 sham       true=False cmd=('#', 'CMakeLists.txt') 2.49s
  . rung 0.4 drive-02#t9s16 control    true=False cmd=('echo', 'server-adaptive-dm.h') 2.86s
  . rung 0.4 drive-02#t9s16 imperative true=False cmd=('echo', 'tests/') 5.67s
  . rung 0.4 drive-02#t9s16 advisory   true=False cmd=('grep', '~/git/reference/beellama.cpp/tools/server/server-task.cpp') 3.02s
  . rung 0.4 drive-02#t9s16 sham       true=False cmd=None 24.36s
  . rung 0.6222 drive-02#t9s16 control    true=False cmd=('echo', 'CMakeLists.txt') 2.89s
  . rung 0.6222 drive-02#t9s16 imperative true=False cmd=None 3.91s
  . rung 0.6222 drive-02#t9s16 advisory   true=False cmd=('grep', '~/git/reference/beellama.cpp/tools/server/server-task.cpp') 3.02s
  . rung 0.6222 drive-02#t9s16 sham       true=False cmd=('#', 'llama.cpp') 3.0s
  . rung 0.0556 drive-02#t9s16 control    true=False cmd=('echo', 'CMakeLists.txt') 2.24s
  . rung 0.0556 drive-02#t9s16 imperative true=False cmd=None 3.38s
  . rung 0.0556 drive-02#t9s16 advisory   true=False cmd=('grep', '~/git/reference/beellama.cpp/tools/server/server-task.cpp') 3.21s
  . rung 0.0556 drive-02#t9s16 sham       true=False cmd=('#', 'llama.cpp') 2.76s
  . rung 1.0 drive-03#t10s10 control    true=False cmd=('sed', '~/git/reference/beellama.cpp/tools/server/server-context.cpp') 41.69s
  . rung 1.0 drive-03#t10s10 imperative true=False cmd=('grep', '~/git/llama.cpp/tools/server/server-task.h') 2.06s
  . rung 1.0 drive-03#t10s10 advisory   true=False cmd=('sed', '~/git/reference/beellama.cpp/tools/server/server-context.cpp') 1.2s
  . rung 1.0 drive-03#t10s10 sham       true=False cmd=('sed', '~/git/reference/beellama.cpp/tools/server/server-context.cpp') 1.29s
  . rung 0.8 drive-03#t10s10 control    true=False cmd=('sed', '~/git/reference/beellama.cpp/tools/server/server-context.cpp') 1.25s
  . rung 0.8 drive-03#t10s10 imperative true=False cmd=('grep', '~/git/reference/beellama.cpp/tools/server/server-task.h') 1.79s
  . rung 0.8 drive-03#t10s10 advisory   true=False cmd=('sed', '~/git/reference/beellama.cpp/tools/server/server-context.cpp') 1.47s
  . rung 0.8 drive-03#t10s10 sham       true=False cmd=('sed', '~/git/reference/beellama.cpp/tools/server/server-context.cpp') 1.24s
  . rung 0.6 drive-03#t10s10 control    true=False cmd=('sed', '~/git/reference/beellama.cpp/tools/server/server-context.cpp') 1.14s
  . rung 0.6 drive-03#t10s10 imperative true=False cmd=('sed', '~/git/reference/beellama.cpp/tools/server/server-context.cpp') 2.11s
  . rung 0.6 drive-03#t10s10 advisory   true=False cmd=('sed', '~/git/reference/beellama.cpp/tools/server/server-context.cpp') 1.34s
  . rung 0.6 drive-03#t10s10 sham       true=False cmd=('sed', '~/git/reference/beellama.cpp/tools/server/server-context.cpp') 1.56s
  . rung 0.4 drive-03#t10s10 control    true=False cmd=('sed', '~/git/reference/beellama.cpp/tools/server/server-context.cpp') 1.15s
  . rung 0.4 drive-03#t10s10 imperative true=False cmd=('sed', '~/git/reference/beellama.cpp/tools/server/server-context.cpp') 2.93s
  . rung 0.4 drive-03#t10s10 advisory   true=False cmd=('sed', '~/git/reference/beellama.cpp/tools/server/server-context.cpp') 1.34s
  . rung 0.4 drive-03#t10s10 sham       true=False cmd=('sed', '~/git/reference/beellama.cpp/tools/server/server-context.cpp') 1.26s
  . rung 0.6222 drive-03#t10s10 control    true=False cmd=('sed', '~/git/reference/beellama.cpp/tools/server/server-context.cpp') 1.16s
  . rung 0.6222 drive-03#t10s10 imperative true=False cmd=('grep', '~/git/llama.cpp/tools/server/server-task.h') 2.22s
  . rung 0.6222 drive-03#t10s10 advisory   true=False cmd=('sed', '~/git/reference/beellama.cpp/tools/server/server-context.cpp') 3.89s
  . rung 0.6222 drive-03#t10s10 sham       true=False cmd=('sed', '~/git/reference/beellama.cpp/tools/server/server-context.cpp') 1.14s
  . rung 0.0556 drive-03#t10s10 control    true=False cmd=('sed', '~/git/reference/beellama.cpp/tools/server/server-context.cpp') 1.21s
  . rung 0.0556 drive-03#t10s10 imperative true=False cmd=('grep', '~/git/reference/beellama.cpp/tools/server/') 6.72s
  . rung 0.0556 drive-03#t10s10 advisory   true=False cmd=('grep', '~/git/reference/beellama.cpp/tools/server/server-task.h') 2.03s
  . rung 0.0556 drive-03#t10s10 sham       true=False cmd=('sed', '~/git/reference/beellama.cpp/tools/server/server-context.cpp') 1.14s
  . rung 1.0 drive-03#t10s11 control    true=False cmd=('sed', '~/git/reference/beellama.cpp/tools/server/server-context.cpp') 3.73s
  . rung 1.0 drive-03#t10s11 imperative true=False cmd=('sed', '~/git/reference/beellama.cpp/tools/server/server-context.cpp') 3.91s
  . rung 1.0 drive-03#t10s11 advisory   true=False cmd=('sed', '~/git/reference/beellama.cpp/tools/server/server-context.cpp') 3.6s
  . rung 1.0 drive-03#t10s11 sham       true=False cmd=('sed', '~/git/reference/beellama.cpp/tools/server/server-context.cpp') 3.61s
  . rung 0.8 drive-03#t10s11 control    true=False cmd=('sed', '~/git/reference/beellama.cpp/tools/server/server-context.cpp') 2.78s
  . rung 0.8 drive-03#t10s11 imperative true=False cmd=('sed', '~/git/reference/beellama.cpp/tools/server/server-context.cpp') 2.95s
  . rung 0.8 drive-03#t10s11 advisory   true=False cmd=('sed', '~/git/reference/beellama.cpp/tools/server/server-context.cpp') 3.45s
  . rung 0.8 drive-03#t10s11 sham       true=False cmd=('sed', '~/git/reference/beellama.cpp/tools/server/server-context.cpp') 2.63s
  . rung 0.6 drive-03#t10s11 control    true=False cmd=('sed', '~/git/reference/beellama.cpp/tools/server/server-context.cpp') 2.92s
  . rung 0.6 drive-03#t10s11 imperative true=False cmd=('The', 'loop.') 7.84s
  . rung 0.6 drive-03#t10s11 advisory   true=False cmd=('sed', '~/git/reference/beellama.cpp/tools/server/server-context.cpp') 2.83s
  . rung 0.6 drive-03#t10s11 sham       true=False cmd=('grep', '~/git/reference/beellama.cpp/tools/server/server-context.cpp') 3.68s
  . rung 0.4 drive-03#t10s11 control    true=False cmd=('sed', '~/git/reference/beellama.cpp/tools/server/server-context.cpp') 3.04s
  . rung 0.4 drive-03#t10s11 imperative true=False cmd=('grep', '~/git/reference/beellama.cpp/tools/server/server-context.cpp') 3.46s
  . rung 0.4 drive-03#t10s11 advisory   true=False cmd=('sed', '~/git/reference/beellama.cpp/tools/server/server-context.cpp') 2.89s
  . rung 0.4 drive-03#t10s11 sham       true=False cmd=None 35.71s
  . rung 0.6222 drive-03#t10s11 control    true=False cmd=('sed', '~/git/reference/beellama.cpp/tools/server/server-context.cpp') 2.73s
  . rung 0.6222 drive-03#t10s11 imperative true=False cmd=('sed', '~/git/reference/beellama.cpp/tools/server/server-context.cpp') 7.9s
  . rung 0.6222 drive-03#t10s11 advisory   true=False cmd=('sed', '~/git/reference/beellama.cpp/tools/server/server-context.cpp') 3.25s
  . rung 0.6222 drive-03#t10s11 sham       true=False cmd=None 40.9s
  . rung 0.0556 drive-03#t10s11 control    true=False cmd=('sed', '~/git/reference/beellama.cpp/tools/server/server-context.cpp') 3.21s
  . rung 0.0556 drive-03#t10s11 imperative true=False cmd=('So', 'message.') 8.56s
  . rung 0.0556 drive-03#t10s11 advisory   true=False cmd=('sed', '~/git/reference/beellama.cpp/tools/server/server-context.cpp') 2.71s
  . rung 0.0556 drive-03#t10s11 sham       true=False cmd=('sed', '~/git/reference/beellama.cpp/tools/server/server-context.cpp') 2.48s
  . rung 1.0 drive-03#t3s20 control    true=False cmd=('cat', '~/work/phase1-audit-project/src/cli.py') 10.33s
  . rung 1.0 drive-03#t3s20 imperative true=False cmd=None 2.62s
  . rung 1.0 drive-03#t3s20 advisory   true=False cmd=('cat', '~/work/phase1-audit-project/src/cli.py') 2.23s
  . rung 1.0 drive-03#t3s20 sham       true=False cmd=('find', '/') 3.55s
  . rung 0.8 drive-03#t3s20 control    true=False cmd=('cat', '~/work/phase1-audit-project/src/cli.py') 1.33s
  . rung 0.8 drive-03#t3s20 imperative true=False cmd=None 63.93s
  . rung 0.8 drive-03#t3s20 advisory   true=False cmd=('find', '/Users') 2.9s
  . rung 0.8 drive-03#t3s20 sham       true=False cmd=('cd', '~/work/phase1-audit-project') 3.09s
  . rung 0.6 drive-03#t3s20 control    true=False cmd=None 5.13s
  . rung 0.6 drive-03#t3s20 imperative true=False cmd=None 64.4s
  . rung 0.6 drive-03#t3s20 advisory   true=False cmd=('grep', '~/') 2.37s
  . rung 0.6 drive-03#t3s20 sham       true=False cmd=('grep', '~/work/phase1-audit-project/') 3.84s
  . rung 0.4 drive-03#t3s20 control    true=False cmd=('cat', '~/work/phase1-audit-project/src/cli.py') 1.33s
  . rung 0.4 drive-03#t3s20 imperative true=False cmd=None 1.73s
  . rung 0.4 drive-03#t3s20 advisory   true=False cmd=('find', '/Users') 2.51s
  . rung 0.4 drive-03#t3s20 sham       true=False cmd=('cat', '~/work/phase1-audit-project/tests/test_inventory.py') 2.25s
  . rung 0.6222 drive-03#t3s20 control    true=False cmd=('cat', '~/work/phase1-audit-project/src/cli.py') 1.33s
  . rung 0.6222 drive-03#t3s20 imperative true=False cmd=('grep', '"common_prefix\\|slot\\|prompt.cache\\|kv.cache"') 5.17s
  . rung 0.6222 drive-03#t3s20 advisory   true=False cmd=('which', '2>/dev/null') 3.63s
  . rung 0.6222 drive-03#t3s20 sham       true=False cmd=('which', 'git') 2.77s
  . rung 0.0556 drive-03#t3s20 control    true=False cmd=('cat', '~/work/phase1-audit-project/src/cli.py') 1.32s
  . rung 0.0556 drive-03#t3s20 imperative true=False cmd=None 6.45s
  . rung 0.0556 drive-03#t3s20 advisory   true=False cmd=('find', '/Users') 3.25s
  . rung 0.0556 drive-03#t3s20 sham       true=False cmd=('find', '~') 2.84s
  . rung 1.0 drive-03#t5s13 control    true=False cmd=('sed', '~/git/llama.cpp/common/chat.cpp') 13.24s
  . rung 1.0 drive-03#t5s13 imperative true=False cmd=('sed', '~/git/llama.cpp/common/chat.cpp') 1.5s
  . rung 1.0 drive-03#t5s13 advisory   true=False cmd=('sed', '~/git/llama.cpp/common/chat.cpp') 2.2s
  . rung 1.0 drive-03#t5s13 sham       true=False cmd=('sed', '~/git/llama.cpp/common/chat.cpp') 1.42s
  . rung 0.8 drive-03#t5s13 control    true=False cmd=('sed', '~/git/llama.cpp/common/chat.cpp') 1.27s
  . rung 0.8 drive-03#t5s13 imperative true=False cmd=('sed', '~/git/llama.cpp/common/chat.cpp') 1.47s
  . rung 0.8 drive-03#t5s13 advisory   true=False cmd=('grep', '~/git/llama.cpp/common/chat.cpp') 2.04s
  . rung 0.8 drive-03#t5s13 sham       true=False cmd=('sed', '~/git/llama.cpp/common/chat.cpp') 1.38s
  . rung 0.6 drive-03#t5s13 control    true=False cmd=('sed', '~/git/llama.cpp/common/chat.cpp') 1.17s
  . rung 0.6 drive-03#t5s13 imperative true=False cmd=('sed', '~/git/llama.cpp/common/chat.cpp') 1.49s
  . rung 0.6 drive-03#t5s13 advisory   true=False cmd=('grep', '~/git/llama.cpp/common/chat.cpp') 1.92s
  . rung 0.6 drive-03#t5s13 sham       true=False cmd=('sed', '~/git/llama.cpp/common/chat.cpp') 1.74s
  . rung 0.4 drive-03#t5s13 control    true=False cmd=('sed', '~/git/llama.cpp/common/chat.cpp') 1.26s
  . rung 0.4 drive-03#t5s13 imperative true=False cmd=('sed', '~/git/llama.cpp/common/chat.cpp') 1.67s
  . rung 0.4 drive-03#t5s13 advisory   true=False cmd=('grep', '~/git/llama.cpp/common/chat.cpp') 1.93s
  . rung 0.4 drive-03#t5s13 sham       true=False cmd=('sed', '~/git/llama.cpp/common/chat.cpp') 1.44s
  . rung 0.6222 drive-03#t5s13 control    true=False cmd=('sed', '~/git/llama.cpp/common/chat.cpp') 1.45s
  . rung 0.6222 drive-03#t5s13 imperative true=False cmd=('sed', '~/git/llama.cpp/common/chat.cpp') 1.5s
  . rung 0.6222 drive-03#t5s13 advisory   true=False cmd=('grep', '~/git/llama.cpp/common/chat.cpp') 2.23s
  . rung 0.6222 drive-03#t5s13 sham       true=False cmd=('sed', '~/git/llama.cpp/common/chat.cpp') 1.67s
  . rung 0.0556 drive-03#t5s13 control    true=False cmd=('sed', '~/git/llama.cpp/common/chat.cpp') 1.26s
  . rung 0.0556 drive-03#t5s13 imperative true=False cmd=('sed', '~/git/llama.cpp/common/chat.cpp') 4.68s
  . rung 0.0556 drive-03#t5s13 advisory   true=False cmd=('grep', '~/git/llama.cpp/common/chat.cpp') 2.23s
  . rung 0.0556 drive-03#t5s13 sham       true=False cmd=None 16.84s
  . rung 1.0 drive-03#t8s15 control    true=False cmd=('grep', '~/git/llama.cpp/tools/server/server-context.cpp') 30.54s
  . rung 1.0 drive-03#t8s15 imperative true=False cmd=('sed', '~/git/llama.cpp/tools/server/server-task.cpp') 3.14s
  . rung 1.0 drive-03#t8s15 advisory   true=False cmd=('grep', '"states.erase(it_best)"') 2.76s
  . rung 1.0 drive-03#t8s15 sham       true=False cmd=('grep', '~/git/llama.cpp/tools/server/server-context.cpp') 3.82s
  . rung 0.8 drive-03#t8s15 control    true=False cmd=('sed', '~/git/llama.cpp/tools/server/server-context.cpp') 2.76s
  . rung 0.8 drive-03#t8s15 imperative true=False cmd=('sed', '~/git/llama.cpp/tools/server/server-task.cpp') 2.48s
  . rung 0.8 drive-03#t8s15 advisory   true=False cmd=('grep', '~/git/llama.cpp/tools/server/server-context.cpp') 6.42s
  . rung 0.8 drive-03#t8s15 sham       true=False cmd=('grep', '~/git/llama.cpp/tools/server/server-context.cpp') 3.36s
  . rung 0.6 drive-03#t8s15 control    true=False cmd=('sed', '~/git/llama.cpp/tools/server/server-context.cpp') 2.92s
  . rung 0.6 drive-03#t8s15 imperative true=False cmd=('sed', '~/git/llama.cpp/tools/server/server-task.cpp') 3.16s
  . rung 0.6 drive-03#t8s15 advisory   true=False cmd=('sed', '~/git/llama.cpp/tools/server/server-task.cpp') 2.99s
  . rung 0.6 drive-03#t8s15 sham       true=False cmd=('cat', '~/git/llama.cpp/docs/compaction-model.md') 1.94s
  . rung 0.4 drive-03#t8s15 control    true=False cmd=('sed', '~/git/llama.cpp/tools/server/server-context.cpp') 2.98s
  . rung 0.4 drive-03#t8s15 imperative true=False cmd=('sed', '~/git/llama.cpp/tools/server/server-context.cpp') 7.11s
  . rung 0.4 drive-03#t8s15 advisory   true=False cmd=('sed', '~/git/llama.cpp/tools/server/server-context.cpp') 2.96s
  . rung 0.4 drive-03#t8s15 sham       true=False cmd=('grep', '"slot_save_path\\|SLOT_SAVE\\|slot.*save\\|slot.*restore\\|SERVER_TASK_TYPE_SLOT\\|handle_slots_save\\|handle_slots_restore\\|handle_slots_erase"') 3.85s
  . rung 0.6222 drive-03#t8s15 control    true=False cmd=('grep', '~/git/llama.cpp/tools/server/server-context.cpp') 3.07s
  . rung 0.6222 drive-03#t8s15 imperative true=False cmd=('grep', '~/git/llama.cpp/tools/server/server-context.cpp') 3.54s
  . rung 0.6222 drive-03#t8s15 advisory   true=False cmd=('sed', '~/git/llama.cpp/tools/server/server-context.cpp') 4.96s
  . rung 0.6222 drive-03#t8s15 sham       true=False cmd=('sed', '~/git/llama.cpp/tools/server/server-context.cpp') 2.98s
  . rung 0.0556 drive-03#t8s15 control    true=False cmd=('sed', '~/git/llama.cpp/tools/server/server-context.cpp') 2.25s
  . rung 0.0556 drive-03#t8s15 imperative true=False cmd=('sed', '~/git/llama.cpp/tools/server/server-task.cpp') 3.09s
  . rung 0.0556 drive-03#t8s15 advisory   true=False cmd=('sed', '~/git/llama.cpp/tools/server/server-task.cpp') 2.77s
  . rung 0.0556 drive-03#t8s15 sham       true=False cmd=('grep', '~/git/llama.cpp/tools/server/server-context.cpp') 3.15s
  . rung 1.0 drive-03#t9s26 control    true=False cmd=('diff', '~/git/llama.cpp/tools/server/server-tools.h') 39.45s
  . rung 1.0 drive-03#t9s26 imperative true=False cmd=None 32.5s
  . rung 1.0 drive-03#t9s26 advisory   true=False cmd=('cat', '~/git/reference/beellama.cpp/tools/server/server-adaptive-dm.h') 4.53s
  . rung 1.0 drive-03#t9s26 sham       true=False cmd=None 1.69s
  . rung 0.8 drive-03#t9s26 control    true=False cmd=('diff', '~/git/llama.cpp/tools/server/server-tools.h') 2.59s
  . rung 0.8 drive-03#t9s26 imperative true=False cmd=None 27.56s
  . rung 0.8 drive-03#t9s26 advisory   true=False cmd=('head', '~/git/reference/beellama.cpp/tools/server/server-adaptive-dm.h') 3.28s
  . rung 0.8 drive-03#t9s26 sham       true=False cmd=('head', '~/git/reference/beellama.cpp/tools/server/tests/unit/test_mcp_servers.py') 2.64s
  . rung 0.6 drive-03#t9s26 control    true=False cmd=('diff', '~/git/llama.cpp/tools/server/server.cpp') 2.58s
  . rung 0.6 drive-03#t9s26 imperative true=False cmd=None 8.16s
  . rung 0.6 drive-03#t9s26 advisory   true=False cmd=('diff', '~/git/llama.cpp/tools/server/server.cpp') 4.15s
  . rung 0.6 drive-03#t9s26 sham       true=False cmd=('diff', '~/git/llama.cpp/tools/server/server.cpp') 3.09s
  . rung 0.4 drive-03#t9s26 control    true=False cmd=('diff', '~/git/llama.cpp/tools/server/server-tools.h') 2.65s
  . rung 0.4 drive-03#t9s26 imperative true=False cmd=('head', '~/git/reference/beellama.cpp/tools/server/server-adaptive-dm.h') 8.44s
  . rung 0.4 drive-03#t9s26 advisory   true=False cmd=('diff', '~/git/llama.cpp/tools/server/server-tools.h') 2.99s
  . rung 0.4 drive-03#t9s26 sham       true=False cmd=None 36.15s
  . rung 0.6222 drive-03#t9s26 control    true=False cmd=('diff', '~/git/llama.cpp/tools/server/server-tools.h') 2.73s
  . rung 0.6222 drive-03#t9s26 imperative true=False cmd=('grep', '~/git/llama.cpp/tools/server/server-context.h') 6.45s
  . rung 0.6222 drive-03#t9s26 advisory   true=False cmd=('head', '~/git/reference/beellama.cpp/tools/server/server-adaptive-dm.h') 3.58s
  . rung 0.6222 drive-03#t9s26 sham       true=False cmd=('wc', '~/git/reference/beellama.cpp/tools/server/server-models.h') 2.89s
  . rung 0.0556 drive-03#t9s26 control    true=False cmd=('diff', '~/git/llama.cpp/tools/server/server-tools.h') 2.71s
  . rung 0.0556 drive-03#t9s26 imperative true=False cmd=('cat', '~/git/reference/beellama.cpp/tools/server/server-adaptive-dm.h') 9.6s
  . rung 0.0556 drive-03#t9s26 advisory   true=False cmd=('diff', '~/git/llama.cpp/tools/server/server-task.h') 3.96s
  . rung 0.0556 drive-03#t9s26 sham       true=False cmd=('diff', '~/git/llama.cpp/tools/server/server-models.h') 3.4s
  . rung 1.0 drive-04#t11s0 control    true=False cmd=('cat', '/tmp/diet-ab-note-diet.md') 14.23s
  . rung 1.0 drive-04#t11s0 imperative true=False cmd=('cd', '/tmp/beellama') 7.29s
  . rung 1.0 drive-04#t11s0 advisory   true=False cmd=('cat', '/tmp/diet-ab-note-diet.md') 1.61s
  . rung 1.0 drive-04#t11s0 sham       true=False cmd=('cat', '/tmp/diet-ab-note-diet.md') 0.84s
  . rung 0.8 drive-04#t11s0 control    true=False cmd=('cat', '/tmp/diet-ab-note-diet.md') 1.41s
  . rung 0.8 drive-04#t11s0 imperative true=False cmd=('cat', '/tmp/diet-ab-note-diet.md') 1.67s
  . rung 0.8 drive-04#t11s0 advisory   true=False cmd=('cat', '/tmp/diet-ab-note-diet.md') 1.47s
  . rung 0.8 drive-04#t11s0 sham       true=False cmd=('cat', '/tmp/diet-ab-note-diet.md') 1.3s
  . rung 0.6 drive-04#t11s0 control    true=False cmd=('cat', '/tmp/diet-ab-note-diet.md') 1.53s
  . rung 0.6 drive-04#t11s0 imperative true=False cmd=('cat', '/tmp/diet-ab-note-diet.md') 4.39s
  . rung 0.6 drive-04#t11s0 advisory   true=False cmd=('cat', '/tmp/diet-ab-note-diet.md') 1.41s
  . rung 0.6 drive-04#t11s0 sham       true=False cmd=('cat', '/tmp/diet-ab-note-diet.md') 1.33s
  . rung 0.4 drive-04#t11s0 control    true=False cmd=('cat', '/tmp/diet-ab-note-diet.md') 1.27s
  . rung 0.4 drive-04#t11s0 imperative true=False cmd=None 2.58s
  . rung 0.4 drive-04#t11s0 advisory   true=False cmd=('cat', '/tmp/diet-ab-note-diet.md') 1.49s
  . rung 0.4 drive-04#t11s0 sham       true=False cmd=('cat', '/tmp/diet-ab-note-diet.md') 1.62s
  . rung 0.6222 drive-04#t11s0 control    true=False cmd=('cat', '/tmp/diet-ab-note-diet.md') 1.37s
  . rung 0.6222 drive-04#t11s0 imperative true=False cmd=None 3.79s
  . rung 0.6222 drive-04#t11s0 advisory   true=False cmd=('cat', '/tmp/diet-ab-note-diet.md') 1.35s
  . rung 0.6222 drive-04#t11s0 sham       true=False cmd=('cat', '/tmp/diet-ab-note-diet.md') 1.42s
  . rung 0.0556 drive-04#t11s0 control    true=False cmd=('cat', '/tmp/diet-ab-note-diet.md') 1.28s
  . rung 0.0556 drive-04#t11s0 imperative true=False cmd=('cd', '/tmp/beellama') 3.72s
  . rung 0.0556 drive-04#t11s0 advisory   true=False cmd=('cat', '/tmp/diet-ab-note-diet.md') 1.51s
  . rung 0.0556 drive-04#t11s0 sham       true=False cmd=('cat', '/tmp/diet-ab-note-diet.md') 3.52s
  . rung 1.0 drive-04#t2s2 control    true=False cmd=('grep', '~/git/reference/llama.cpp/tools/server/*.cpp') 7.39s
  . rung 1.0 drive-04#t2s2 imperative true=False cmd=('grep', '~/git/reference/llama.cpp/tools/server/') 0.88s
  . rung 1.0 drive-04#t2s2 advisory   true=False cmd=('grep', '~/git/reference/llama.cpp/tools/server/*.cpp') 0.76s
  . rung 1.0 drive-04#t2s2 sham       true=False cmd=('grep', '~/git/reference/llama.cpp/tools/server/') 0.56s
  . rung 0.8 drive-04#t2s2 control    true=False cmd=('grep', '~/git/reference/llama.cpp/tools/server/*.cpp') 0.72s
  . rung 0.8 drive-04#t2s2 imperative true=False cmd=('grep', '~/git/reference/llama.cpp/tools/server/server-common.cpp') 0.76s
  . rung 0.8 drive-04#t2s2 advisory   true=False cmd=('grep', '~/git/reference/llama.cpp/tools/server/*.cpp') 0.7s
  . rung 0.8 drive-04#t2s2 sham       true=False cmd=('grep', '~/git/reference/llama.cpp/tools/server/server-common.cpp') 0.67s
  . rung 0.6 drive-04#t2s2 control    true=False cmd=('grep', '~/git/reference/llama.cpp/tools/server/*.cpp') 0.94s
  . rung 0.6 drive-04#t2s2 imperative true=False cmd=('grep', '~/git/reference/llama.cpp/tools/server/server-common.cpp') 1.98s
  . rung 0.6 drive-04#t2s2 advisory   true=False cmd=('grep', '~/git/reference/llama.cpp/tools/server/server-common.cpp') 0.51s
  . rung 0.6 drive-04#t2s2 sham       true=False cmd=('grep', '~/git/reference/llama.cpp/tools/server/server-common.cpp') 0.56s
  . rung 0.4 drive-04#t2s2 control    true=False cmd=('grep', '~/git/reference/llama.cpp/tools/server/*.cpp') 0.75s
  . rung 0.4 drive-04#t2s2 imperative true=False cmd=('grep', '~/git/reference/llama.cpp/tools/server/*.cpp') 0.8s
  . rung 0.4 drive-04#t2s2 advisory   true=False cmd=('grep', '~/git/reference/llama.cpp/tools/server/*.cpp') 0.74s
  . rung 0.4 drive-04#t2s2 sham       true=False cmd=('grep', '~/git/reference/llama.cpp/tools/server/*.cpp') 0.82s
  . rung 0.6222 drive-04#t2s2 control    true=False cmd=('grep', '~/git/reference/llama.cpp/tools/server/*.cpp') 0.78s
  . rung 0.6222 drive-04#t2s2 imperative true=False cmd=('grep', '~/git/reference/llama.cpp/tools/server/server-common.cpp') 1.88s
  . rung 0.6222 drive-04#t2s2 advisory   true=False cmd=('grep', '~/git/reference/llama.cpp/tools/server/*.cpp') 0.63s
  . rung 0.6222 drive-04#t2s2 sham       true=False cmd=('grep', '~/git/reference/llama.cpp/tools/server/server-common.cpp') 0.62s
  . rung 0.0556 drive-04#t2s2 control    true=False cmd=('grep', '~/git/reference/llama.cpp/tools/server/*.cpp') 0.78s
  . rung 0.0556 drive-04#t2s2 imperative true=False cmd=('grep', '~/git/reference/llama.cpp/tools/server/server-common.cpp') 2.25s
  . rung 0.0556 drive-04#t2s2 advisory   true=False cmd=('grep', '~/git/reference/llama.cpp/tools/server/*.cpp') 0.8s
  . rung 0.0556 drive-04#t2s2 sham       true=False cmd=('grep', '~/git/reference/llama.cpp/tools/server/server-common.cpp') 0.51s
  . rung 1.0 drive-04#t5s24 control    true=False cmd=('grep', '~/git/llama.cpp/common/chat.h') 9.88s
  . rung 1.0 drive-04#t5s24 imperative true=False cmd=('grep', '~/git/llama.cpp/common/chat.h') 5.25s
  . rung 1.0 drive-04#t5s24 advisory   true=False cmd=('grep', '~/git/llama.cpp/common/chat.h') 2.28s
  . rung 1.0 drive-04#t5s24 sham       true=False cmd=('grep', '~/git/llama.cpp/common/chat.h') 1.98s
  . rung 0.8 drive-04#t5s24 control    true=False cmd=('grep', '~/git/llama.cpp/common/chat.h') 1.9s
  . rung 0.8 drive-04#t5s24 imperative true=False cmd=('sed', '~/git/llama.cpp/tools/server/server-common.cpp') 3.69s
  . rung 0.8 drive-04#t5s24 advisory   true=False cmd=('grep', '~/git/llama.cpp/common/chat.h') 1.93s
  . rung 0.8 drive-04#t5s24 sham       true=False cmd=('grep', '~/git/llama.cpp/common/chat.h') 1.87s
  . rung 0.6 drive-04#t5s24 control    true=False cmd=('grep', '~/git/llama.cpp/common/chat.h') 1.86s
  . rung 0.6 drive-04#t5s24 imperative true=False cmd=('grep', '~/git/llama.cpp/tools/server/server-common.cpp') 4.14s
  . rung 0.6 drive-04#t5s24 advisory   true=False cmd=('grep', '~/git/llama.cpp/common/chat.h') 3.15s
  . rung 0.6 drive-04#t5s24 sham       true=False cmd=('sed', '~/git/llama.cpp/tools/server/server-common.cpp') 2.47s
  . rung 0.4 drive-04#t5s24 control    true=False cmd=('grep', '~/git/llama.cpp/common/chat.h') 1.87s
  . rung 0.4 drive-04#t5s24 imperative true=False cmd=('grep', '"common_chat_tools_parse_oaicompat\\|tools.*oaicompat\\|tool.*parse\\|oaicompat.*tool"') 4.65s
  . rung 0.4 drive-04#t5s24 advisory   true=False cmd=('sed', '~/git/llama.cpp/common/chat.cpp') 3.56s
  . rung 0.4 drive-04#t5s24 sham       true=False cmd=('grep', '~/git/llama.cpp/common/chat.h') 1.74s
  . rung 0.6222 drive-04#t5s24 control    true=False cmd=('grep', '~/git/llama.cpp/common/chat.h') 2.1s
  . rung 0.6222 drive-04#t5s24 imperative true=False cmd=('grep', '~/git/llama.cpp/common/chat.h') 4.42s
  . rung 0.6222 drive-04#t5s24 advisory   true=False cmd=('grep', '~/git/llama.cpp/common/chat.h') 2.06s
  . rung 0.6222 drive-04#t5s24 sham       true=False cmd=('grep', '~/git/llama.cpp/common/chat.h') 2.06s
  . rung 0.0556 drive-04#t5s24 control    true=False cmd=('grep', '~/git/llama.cpp/common/chat.h') 1.96s
  . rung 0.0556 drive-04#t5s24 imperative true=False cmd=('sed', '~/git/llama.cpp/common/chat.h') 4.67s
  . rung 0.0556 drive-04#t5s24 advisory   true=False cmd=('grep', '~/git/llama.cpp/common/chat.h') 3.2s
  . rung 0.0556 drive-04#t5s24 sham       true=False cmd=('grep', '~/git/llama.cpp/common/chat.h') 2.25s
  . rung 1.0 drive-04#t7s15 control    true=False cmd=('sed', '~/git/llama.cpp/tools/server/server-context.cpp') 10.96s
  . rung 1.0 drive-04#t7s15 imperative true=False cmd=('sed', '~/git/llama.cpp/tools/server/server-context.cpp') 2.86s
  . rung 1.0 drive-04#t7s15 advisory   true=False cmd=('sed', '~/git/llama.cpp/tools/server/server-context.cpp') 2.5s
  . rung 1.0 drive-04#t7s15 sham       true=False cmd=('sed', '~/git/llama.cpp/tools/server/server-context.cpp') 2.12s
  . rung 0.8 drive-04#t7s15 control    true=False cmd=('sed', '~/git/llama.cpp/tools/server/server-context.cpp') 2.56s
  . rung 0.8 drive-04#t7s15 imperative true=False cmd=('sed', '~/git/llama.cpp/tools/server/server-context.cpp') 2.9s
  . rung 0.8 drive-04#t7s15 advisory   true=False cmd=('sed', '~/git/llama.cpp/tools/server/server-context.cpp') 2.7s
  . rung 0.8 drive-04#t7s15 sham       true=False cmd=('sed', '~/git/llama.cpp/tools/server/server-context.cpp') 2.33s
  . rung 0.6 drive-04#t7s15 control    true=False cmd=('sed', '~/git/llama.cpp/tools/server/server-context.cpp') 2.31s
  . rung 0.6 drive-04#t7s15 imperative true=False cmd=('sed', '~/git/llama.cpp/tools/server/server-context.cpp') 2.84s
  . rung 0.6 drive-04#t7s15 advisory   true=False cmd=('sed', '~/git/llama.cpp/tools/server/server-context.cpp') 2.84s
  . rung 0.6 drive-04#t7s15 sham       true=False cmd=('sed', '~/git/llama.cpp/tools/server/server-context.cpp') 2.46s
  . rung 0.4 drive-04#t7s15 control    true=False cmd=('sed', '~/git/llama.cpp/tools/server/server-context.cpp') 1.92s
  . rung 0.4 drive-04#t7s15 imperative true=False cmd=('sed', '~/git/llama.cpp/tools/server/server-context.cpp') 2.69s
  . rung 0.4 drive-04#t7s15 advisory   true=False cmd=('grep', '~/git/llama.cpp/tools/server/server-common.cpp') 3.07s
  . rung 0.4 drive-04#t7s15 sham       true=False cmd=('sed', '~/git/llama.cpp/tools/server/server-context.cpp') 1.83s
  . rung 0.6222 drive-04#t7s15 control    true=False cmd=('sed', '~/git/llama.cpp/tools/server/server-context.cpp') 1.9s
  . rung 0.6222 drive-04#t7s15 imperative true=False cmd=('sed', '~/git/llama.cpp/tools/server/server-context.cpp') 2.63s
  . rung 0.6222 drive-04#t7s15 advisory   true=False cmd=('grep', '~/git/llama.cpp/tools/server/server-context.cpp') 3.39s
  . rung 0.6222 drive-04#t7s15 sham       true=False cmd=('sed', '~/git/llama.cpp/tools/server/server-context.cpp') 2.54s
  . rung 0.0556 drive-04#t7s15 control    true=False cmd=('sed', '~/git/llama.cpp/tools/server/server-context.cpp') 2.15s
  . rung 0.0556 drive-04#t7s15 imperative true=False cmd=('grep', '~/git/llama.cpp/tools/server/server-context.cpp') 2.05s
  . rung 0.0556 drive-04#t7s15 advisory   true=False cmd=('grep', '~/git/llama.cpp/tools/server/server-common.cpp') 3.13s
  . rung 0.0556 drive-04#t7s15 sham       true=False cmd=('sed', '~/git/llama.cpp/tools/server/server-context.cpp') 2.28s
  . rung 1.0 drive-04#t8s13 control    true=False cmd=('sed', '~/git/llama.cpp/tools/server/server-context.cpp') 14.72s
  . rung 1.0 drive-04#t8s13 imperative true=False cmd=('sed', '~/git/llama.cpp/tools/server/server-common.cpp') 6.51s
  . rung 1.0 drive-04#t8s13 advisory   true=False cmd=('sed', '~/git/llama.cpp/tools/server/server-context.cpp') 3.52s
  . rung 1.0 drive-04#t8s13 sham       true=False cmd=('sed', '~/git/llama.cpp/tools/server/server-context.cpp') 2.39s
  . rung 0.8 drive-04#t8s13 control    true=False cmd=('sed', '~/git/llama.cpp/tools/server/server-context.cpp') 2.25s
  . rung 0.8 drive-04#t8s13 imperative true=False cmd=('sed', '~/git/llama.cpp/tools/server/server-common.cpp') 2.78s
  . rung 0.8 drive-04#t8s13 advisory   true=False cmd=('sed', '~/git/llama.cpp/tools/server/server-context.cpp') 3.11s
  . rung 0.8 drive-04#t8s13 sham       true=False cmd=('sed', '~/git/llama.cpp/tools/server/server-context.cpp') 2.53s
  . rung 0.6 drive-04#t8s13 control    true=False cmd=('sed', '~/git/llama.cpp/tools/server/server-context.cpp') 2.17s
  . rung 0.6 drive-04#t8s13 imperative true=False cmd=('sed', '~/git/llama.cpp/tools/server/server-common.cpp') 5.44s
  . rung 0.6 drive-04#t8s13 advisory   true=False cmd=('grep', '~/git/llama.cpp/tools/server/server-context.cpp') 4.2s
  . rung 0.6 drive-04#t8s13 sham       true=False cmd=('sed', '~/git/llama.cpp/tools/server/server-context.cpp') 2.76s
  . rung 0.4 drive-04#t8s13 control    true=False cmd=('sed', '~/git/llama.cpp/tools/server/server-context.cpp') 1.93s
  . rung 0.4 drive-04#t8s13 imperative true=False cmd=('sed', '~/git/llama.cpp/tools/server/server-common.cpp') 2.29s
  . rung 0.4 drive-04#t8s13 advisory   true=False cmd=('sed', '~/git/llama.cpp/tools/server/server-context.cpp') 3.32s
  . rung 0.4 drive-04#t8s13 sham       true=False cmd=('sed', '~/git/llama.cpp/tools/server/server-context.cpp') 2.1s
  . rung 0.6222 drive-04#t8s13 control    true=False cmd=('sed', '~/git/llama.cpp/tools/server/server-context.cpp') 1.97s
  . rung 0.6222 drive-04#t8s13 imperative true=False cmd=None 6.58s
  . rung 0.6222 drive-04#t8s13 advisory   true=False cmd=('sed', '~/git/llama.cpp/tools/server/server-common.cpp') 2.39s
  . rung 0.6222 drive-04#t8s13 sham       true=False cmd=('sed', '~/git/llama.cpp/tools/server/server-context.cpp') 2.62s
  . rung 0.0556 drive-04#t8s13 control    true=False cmd=('sed', '~/git/llama.cpp/tools/server/server-context.cpp') 2.13s
  . rung 0.0556 drive-04#t8s13 imperative true=False cmd=('sed', '~/git/llama.cpp/tools/server/server-common.cpp') 2.78s
  . rung 0.0556 drive-04#t8s13 advisory   true=False cmd=('sed', '~/git/llama.cpp/tools/server/server-context.cpp') 2.9s
  . rung 0.0556 drive-04#t8s13 sham       true=False cmd=('sed', '~/git/llama.cpp/tools/server/server-context.cpp') 2.44s
  . rung 1.0 drive-04#t8s16 control    true=False cmd=('sed', '~/git/llama.cpp/tools/server/server-context.cpp') 4.93s
  . rung 1.0 drive-04#t8s16 imperative true=False cmd=('grep', '~/git/llama.cpp/tools/server/server-context.cpp') 6.93s
  . rung 1.0 drive-04#t8s16 advisory   true=False cmd=('sed', '~/git/llama.cpp/tools/server/server-context.cpp') 2.31s
  . rung 1.0 drive-04#t8s16 sham       true=False cmd=('grep', '~/git/llama.cpp/tools/server/server.cpp') 3.05s
  . rung 0.8 drive-04#t8s16 control    true=False cmd=('sed', '~/git/llama.cpp/tools/server/server-context.cpp') 1.97s
  . rung 0.8 drive-04#t8s16 imperative true=False cmd=('cat', '/tmp/diet-ab-note-diet.md') 7.45s
  . rung 0.8 drive-04#t8s16 advisory   true=False cmd=('sed', '~/git/llama.cpp/tools/server/server-context.cpp') 2.19s
  . rung 0.8 drive-04#t8s16 sham       true=False cmd=('grep', '~/git/llama.cpp/tools/server/server-task.cpp') 2.56s
  . rung 0.6 drive-04#t8s16 control    true=False cmd=('sed', '~/git/llama.cpp/tools/server/server-context.cpp') 1.85s
  . rung 0.6 drive-04#t8s16 imperative true=False cmd=None 5.41s
  . rung 0.6 drive-04#t8s16 advisory   true=False cmd=('sed', '~/git/llama.cpp/tools/server/server-context.cpp') 2.09s
  . rung 0.6 drive-04#t8s16 sham       true=False cmd=('sed', '~/git/llama.cpp/tools/server/server-context.cpp') 2.4s
  . rung 0.4 drive-04#t8s16 control    true=False cmd=('sed', '~/git/llama.cpp/tools/server/server-context.cpp') 1.86s
  . rung 0.4 drive-04#t8s16 imperative true=False cmd=None 7.26s
  . rung 0.4 drive-04#t8s16 advisory   true=False cmd=('sed', '~/git/llama.cpp/tools/server/server-context.cpp') 3.47s
  . rung 0.4 drive-04#t8s16 sham       true=False cmd=('sed', '~/git/llama.cpp/tools/server/server-context.cpp') 1.96s
  . rung 0.6222 drive-04#t8s16 control    true=False cmd=('sed', '~/git/llama.cpp/tools/server/server-context.cpp') 1.96s
  . rung 0.6222 drive-04#t8s16 imperative true=False cmd=('grep', '~/git/llama.cpp/tools/server/server-context.cpp') 2.49s
  . rung 0.6222 drive-04#t8s16 advisory   true=False cmd=('grep', '~/git/llama.cpp/tools/server/server-task.h') 2.61s
  . rung 0.6222 drive-04#t8s16 sham       true=False cmd=('grep', '~/git/llama.cpp/tools/server/server-task.h') 2.77s
  . rung 0.0556 drive-04#t8s16 control    true=False cmd=('sed', '~/git/llama.cpp/tools/server/server-context.cpp') 1.84s
  . rung 0.0556 drive-04#t8s16 imperative true=False cmd=('sed', '~/git/llama.cpp/tools/server/server-context.cpp') 2.79s
  . rung 0.0556 drive-04#t8s16 advisory   true=False cmd=('grep', '"server_prompt_cache\\|class.*prompt_cache\\|struct.*prompt_cache"') 3.94s
  . rung 0.0556 drive-04#t8s16 sham       true=False cmd=('sed', '~/git/llama.cpp/tools/server/server-context.cpp') 2.27s
  . rung 1.0 drive-04#t9s10 control    true=False cmd=('head', '~/git/reference/beellama.cpp/tools/server/server-tools.cpp') 17.12s
  . rung 1.0 drive-04#t9s10 imperative true=False cmd=('head', '~/git/reference/beellama.cpp/tools/server/server-tools.cpp') 2.59s
  . rung 1.0 drive-04#t9s10 advisory   true=False cmd=('head', '~/git/reference/beellama.cpp/tools/server/server-tools.cpp') 1.43s
  . rung 1.0 drive-04#t9s10 sham       true=False cmd=('This', 'one.') 42.5s
  . rung 0.8 drive-04#t9s10 control    true=False cmd=('head', '~/git/reference/beellama.cpp/tools/server/server-tools.cpp') 1.48s
  . rung 0.8 drive-04#t9s10 imperative true=False cmd=('head', '~/git/reference/beellama.cpp/tools/server/server-tools.cpp') 3.43s
  . rung 0.8 drive-04#t9s10 advisory   true=False cmd=('head', '~/git/reference/beellama.cpp/tools/server/server-tools.cpp') 1.41s
  . rung 0.8 drive-04#t9s10 sham       true=False cmd=('head', '~/git/reference/beellama.cpp/tools/server/server-tools.cpp') 1.72s
  . rung 0.6 drive-04#t9s10 control    true=False cmd=('head', '~/git/reference/beellama.cpp/tools/server/server-tools.cpp') 1.49s
  . rung 0.6 drive-04#t9s10 imperative true=False cmd=('head', '~/git/reference/beellama.cpp/tools/server/server-tools.cpp') 2.59s
  . rung 0.6 drive-04#t9s10 advisory   true=False cmd=('head', '~/git/reference/beellama.cpp/tools/server/server-tools.cpp') 1.42s
  . rung 0.6 drive-04#t9s10 sham       true=False cmd=('head', '~/git/reference/beellama.cpp/tools/server/server-tools.cpp') 1.62s
  . rung 0.4 drive-04#t9s10 control    true=False cmd=('head', '~/git/reference/beellama.cpp/tools/server/server-tools.cpp') 1.43s
  . rung 0.4 drive-04#t9s10 imperative true=False cmd=('head', '~/git/reference/beellama.cpp/tools/server/server-tools.cpp') 2.95s
  . rung 0.4 drive-04#t9s10 advisory   true=False cmd=('head', '~/git/reference/beellama.cpp/tools/server/server-tools.cpp') 1.48s
  . rung 0.4 drive-04#t9s10 sham       true=False cmd=None 21.22s
  . rung 0.6222 drive-04#t9s10 control    true=False cmd=('head', '~/git/reference/beellama.cpp/tools/server/server-tools.cpp') 1.52s
  . rung 0.6222 drive-04#t9s10 imperative true=False cmd=('head', '~/git/reference/beellama.cpp/tools/server/server-tools.cpp') 4.24s
  . rung 0.6222 drive-04#t9s10 advisory   true=False cmd=('head', '~/git/reference/beellama.cpp/tools/server/server-tools.cpp') 1.49s
  . rung 0.6222 drive-04#t9s10 sham       true=False cmd=('cat', '~/git/reference/beellama.cpp/tools/server/server-stream.h') 2.19s
  . rung 0.0556 drive-04#t9s10 control    true=False cmd=('head', '~/git/reference/beellama.cpp/tools/server/server-tools.cpp') 1.52s
  . rung 0.0556 drive-04#t9s10 imperative true=False cmd=('head', '~/git/reference/beellama.cpp/tools/server/server-tools.cpp') 3.76s
  . rung 0.0556 drive-04#t9s10 advisory   true=False cmd=('head', '~/git/reference/beellama.cpp/tools/server/server-tools.cpp') 1.38s
  . rung 0.0556 drive-04#t9s10 sham       true=False cmd=('head', '~/git/reference/beellama.cpp/tools/server/server-tools.cpp') 1.74s
  . rung 1.0 drive-04#t9s24 control    true=False cmd=('cd', '~/git/reference/beellama.cpp') 6.92s
  . rung 1.0 drive-04#t9s24 imperative true=False cmd=('cd', '~/git/reference/beellama.cpp') 2.64s
  . rung 1.0 drive-04#t9s24 advisory   true=False cmd=('cd', '~/git/reference/beellama.cpp') 1.75s
  . rung 1.0 drive-04#t9s24 sham       true=False cmd=('cd', '~/git/reference/beellama.cpp') 1.11s
  . rung 0.8 drive-04#t9s24 control    true=False cmd=('cd', '~/git/reference/beellama.cpp') 0.57s
  . rung 0.8 drive-04#t9s24 imperative true=False cmd=('grep', '~/git/reference/beellama.cpp/tools/server/server-context.cpp') 2.47s
  . rung 0.8 drive-04#t9s24 advisory   true=False cmd=('cd', '~/git/reference/beellama.cpp') 1.42s
  . rung 0.8 drive-04#t9s24 sham       true=False cmd=('cd', '~/git/reference/beellama.cpp') 1.55s
  . rung 0.6 drive-04#t9s24 control    true=False cmd=('cd', '~/git/reference/beellama.cpp') 0.57s
  . rung 0.6 drive-04#t9s24 imperative true=False cmd=('cd', '~/git/reference/beellama.cpp') 3.85s
  . rung 0.6 drive-04#t9s24 advisory   true=False cmd=('cd', '~/git/reference/beellama.cpp') 3.42s
  . rung 0.6 drive-04#t9s24 sham       true=False cmd=('cd', '~/git/reference/beellama.cpp') 1.18s
  . rung 0.4 drive-04#t9s24 control    true=False cmd=('cd', '~/git/reference/beellama.cpp') 0.57s
  . rung 0.4 drive-04#t9s24 imperative true=False cmd=('cd', '~/git/reference/beellama.cpp') 10.6s
  . rung 0.4 drive-04#t9s24 advisory   true=False cmd=('cd', '~/git/reference/beellama.cpp') 1.56s
  . rung 0.4 drive-04#t9s24 sham       true=False cmd=('cd', '~/git/reference/beellama.cpp') 1.08s
  . rung 0.6222 drive-04#t9s24 control    true=False cmd=('cd', '~/git/reference/beellama.cpp') 0.56s
  . rung 0.6222 drive-04#t9s24 imperative true=False cmd=('cd', '~/git/reference/beellama.cpp') 3.99s
  . rung 0.6222 drive-04#t9s24 advisory   true=False cmd=('cd', '~/git/reference/beellama.cpp') 1.64s
  . rung 0.6222 drive-04#t9s24 sham       true=False cmd=('cd', '~/git/reference/beellama.cpp') 2.12s
  . rung 0.0556 drive-04#t9s24 control    true=False cmd=('cd', '~/git/reference/beellama.cpp') 0.9s
  . rung 0.0556 drive-04#t9s24 imperative true=False cmd=('cd', '~/git/reference/beellama.cpp') 5.09s
  . rung 0.0556 drive-04#t9s24 advisory   true=False cmd=('cd', '~/git/reference/beellama.cpp') 1.91s
  . rung 0.0556 drive-04#t9s24 sham       true=False cmd=('cd', '~/git/reference/beellama.cpp') 1.71s
  . rung 1.0 drive-05#t10s26 control    true=False cmd=('sed', '~/git/reference/beellama.cpp/tools/server/server-context.cpp') 37.27s
  . rung 1.0 drive-05#t10s26 imperative true=False cmd=('sed', '~/git/reference/llama.cpp/tools/server/server-context.cpp') 3.3s
  . rung 1.0 drive-05#t10s26 advisory   true=False cmd=('grep', '~/git/reference/llama.cpp/tools/server/server-context.cpp') 2.42s
  . rung 1.0 drive-05#t10s26 sham       true=False cmd=('sed', '~/git/reference/beellama.cpp/tools/server/server-context.cpp') 2.75s
  . rung 0.8 drive-05#t10s26 control    true=False cmd=('sed', '~/git/reference/beellama.cpp/tools/server/server-context.cpp') 2.17s
  . rung 0.8 drive-05#t10s26 imperative true=False cmd=('sed', '~/git/reference/llama.cpp/tools/server/server-context.cpp') 3.11s
  . rung 0.8 drive-05#t10s26 advisory   true=False cmd=('grep', '~/git/reference/llama.cpp/tools/server/server-context.cpp') 3.43s
  . rung 0.8 drive-05#t10s26 sham       true=False cmd=('sed', '~/git/reference/beellama.cpp/tools/server/server-context.cpp') 2.37s
  . rung 0.6 drive-05#t10s26 control    true=False cmd=('sed', '~/git/reference/beellama.cpp/tools/server/server-context.cpp') 2.62s
  . rung 0.6 drive-05#t10s26 imperative true=False cmd=('sed', '~/git/reference/llama.cpp/tools/server/server-context.cpp') 2.18s
  . rung 0.6 drive-05#t10s26 advisory   true=False cmd=('sed', '~/git/reference/llama.cpp/tools/server/server-context.cpp') 3.14s
  . rung 0.6 drive-05#t10s26 sham       true=False cmd=('sed', '~/git/reference/beellama.cpp/tools/server/server-context.cpp') 2.17s
  . rung 0.4 drive-05#t10s26 control    true=False cmd=('sed', '~/git/reference/beellama.cpp/tools/server/server-context.cpp') 2.03s
  . rung 0.4 drive-05#t10s26 imperative true=False cmd=('sed', '~/git/reference/llama.cpp/tools/server/server-context.cpp') 2.42s
  . rung 0.4 drive-05#t10s26 advisory   true=False cmd=('grep', '~/git/reference/llama.cpp/tools/server/server-context.cpp') 2.62s
  . rung 0.4 drive-05#t10s26 sham       true=False cmd=('grep', '~/git/reference/beellama.cpp/docs/compaction-model.md') 2.31s
  . rung 0.6222 drive-05#t10s26 control    true=False cmd=('sed', '~/git/reference/beellama.cpp/tools/server/server-context.cpp') 2.86s
  . rung 0.6222 drive-05#t10s26 imperative true=False cmd=('sed', '~/git/reference/llama.cpp/tools/server/server-context.cpp') 2.92s
  . rung 0.6222 drive-05#t10s26 advisory   true=False cmd=('grep', '~/git/reference/llama.cpp/tools/server/server-context.cpp') 2.78s
  . rung 0.6222 drive-05#t10s26 sham       true=False cmd=('sed', '~/git/reference/beellama.cpp/tools/server/server-context.cpp') 2.0s
  . rung 0.0556 drive-05#t10s26 control    true=False cmd=('sed', '~/git/reference/beellama.cpp/tools/server/server-context.cpp') 2.75s
  . rung 0.0556 drive-05#t10s26 imperative true=False cmd=('sed', '~/git/reference/llama.cpp/tools/server/server-context.cpp') 2.65s
  . rung 0.0556 drive-05#t10s26 advisory   true=False cmd=('grep', '~/git/reference/llama.cpp/tools/server/server-context.cpp') 2.78s
  . rung 0.0556 drive-05#t10s26 sham       true=False cmd=('sed', '~/git/reference/beellama.cpp/tools/server/server-context.cpp') 2.45s
  . rung 1.0 drive-05#t11s17 control    true=False cmd=('cd', '~/git/llama.cpp') 28.56s
  . rung 1.0 drive-05#t11s17 imperative true=False cmd=('cd', '~/git/llama.cpp') 2.46s
  . rung 1.0 drive-05#t11s17 advisory   true=False cmd=('cd', '~/git/llama.cpp') 3.94s
  . rung 1.0 drive-05#t11s17 sham       true=False cmd=('cd', '~/git/llama.cpp') 2.7s
  . rung 0.8 drive-05#t11s17 control    true=False cmd=('cd', '~/git/llama.cpp') 2.41s
  . rung 0.8 drive-05#t11s17 imperative true=False cmd=('cd', '~/git/llama.cpp') 2.76s
  . rung 0.8 drive-05#t11s17 advisory   true=False cmd=('cd', '~/git/llama.cpp') 2.31s
  . rung 0.8 drive-05#t11s17 sham       true=False cmd=('cd', '~/git/reference/llama.cpp') 2.75s
  . rung 0.6 drive-05#t11s17 control    true=False cmd=('cd', '~/git/llama.cpp') 2.35s
  . rung 0.6 drive-05#t11s17 imperative true=False cmd=('cd', '~/git/llama.cpp') 3.34s
  . rung 0.6 drive-05#t11s17 advisory   true=False cmd=('cd', '~/git/llama.cpp') 5.16s
  . rung 0.6 drive-05#t11s17 sham       true=False cmd=('cd', '~/git/llama.cpp') 2.46s
  . rung 0.4 drive-05#t11s17 control    true=False cmd=('cd', '~/git/llama.cpp') 2.91s
  . rung 0.4 drive-05#t11s17 imperative true=False cmd=('cd', '~/git/llama.cpp') 2.09s
  . rung 0.4 drive-05#t11s17 advisory   true=False cmd=('cd', '~/git/llama.cpp') 4.27s
  . rung 0.4 drive-05#t11s17 sham       true=False cmd=('cd', '~/git/llama.cpp') 2.69s
  . rung 0.6222 drive-05#t11s17 control    true=False cmd=('cd', '~/git/llama.cpp') 2.51s
  . rung 0.6222 drive-05#t11s17 imperative true=False cmd=('cd', '~/git/llama.cpp') 2.27s
  . rung 0.6222 drive-05#t11s17 advisory   true=False cmd=('cd', '~/git/llama.cpp') 3.49s
  . rung 0.6222 drive-05#t11s17 sham       true=False cmd=('cd', '~/git/llama.cpp') 2.23s
  . rung 0.0556 drive-05#t11s17 control    true=False cmd=('cd', '~/git/llama.cpp') 2.23s
  . rung 0.0556 drive-05#t11s17 imperative true=False cmd=('cd', '~/git/llama.cpp') 2.83s
  . rung 0.0556 drive-05#t11s17 advisory   true=False cmd=('cd', '~/git/llama.cpp') 4.06s
  . rung 0.0556 drive-05#t11s17 sham       true=False cmd=('cd', '~/git/llama.cpp') 2.6s
  . rung 1.0 drive-05#t11s26 control    true=False cmd=('cd', '~/git/llama.cpp') 6.4s
  . rung 1.0 drive-05#t11s26 imperative true=False cmd=('cd', '~/git/llama.cpp') 5.85s
  . rung 1.0 drive-05#t11s26 advisory   true=False cmd=('cd', '~/git/llama.cpp') 3.12s
  . rung 1.0 drive-05#t11s26 sham       true=False cmd=('cd', '~/git/llama.cpp') 1.91s
  . rung 0.8 drive-05#t11s26 control    true=False cmd=('cd', '~/git/llama.cpp') 1.92s
  . rung 0.8 drive-05#t11s26 imperative true=False cmd=('This', 'position.') 37.71s
  . rung 0.8 drive-05#t11s26 advisory   true=False cmd=('cd', '~/git/reference/llama.cpp') 2.07s
  . rung 0.8 drive-05#t11s26 sham       true=False cmd=('cd', '~/git/llama.cpp') 1.95s
  . rung 0.6 drive-05#t11s26 control    true=False cmd=('cd', '~/git/reference/llama.cpp') 2.22s
  . rung 0.6 drive-05#t11s26 imperative true=False cmd=('This', 'near_prompt_end`).') 45.29s
  . rung 0.6 drive-05#t11s26 advisory   true=False cmd=('cd', '~/git/reference/llama.cpp') 3.32s
  . rung 0.6 drive-05#t11s26 sham       true=False cmd=('cd', '~/git/llama.cpp') 1.85s
  . rung 0.4 drive-05#t11s26 control    true=False cmd=('cd', '~/git/llama.cpp') 1.57s
  . rung 0.4 drive-05#t11s26 imperative true=False cmd=('cd', '~/git/llama.cpp') 5.54s
  . rung 0.4 drive-05#t11s26 advisory   true=False cmd=('cd', '~/git/llama.cpp') 1.97s
  . rung 0.4 drive-05#t11s26 sham       true=False cmd=('cd', '~/git/reference/llama.cpp') 2.32s
  . rung 0.6222 drive-05#t11s26 control    true=False cmd=('cd', '~/git/llama.cpp') 1.76s
  . rung 0.6222 drive-05#t11s26 imperative true=False cmd=('cd', '~/git/llama.cpp') 5.44s
  . rung 0.6222 drive-05#t11s26 advisory   true=False cmd=('cd', '~/git/llama.cpp') 2.1s
  . rung 0.6222 drive-05#t11s26 sham       true=False cmd=('cd', '~/git/reference/llama.cpp') 2.09s
  . rung 0.0556 drive-05#t11s26 control    true=False cmd=('cd', '~/git/llama.cpp') 1.95s
  . rung 0.0556 drive-05#t11s26 imperative true=False cmd=('cd', '~/git/llama.cpp') 2.42s
  . rung 0.0556 drive-05#t11s26 advisory   true=False cmd=('cd', '~/git/reference/llama.cpp') 3.06s
  . rung 0.0556 drive-05#t11s26 sham       true=False cmd=('cd', '~/git/llama.cpp') 2.15s
  . rung 1.0 drive-05#t3s28 control    true=False cmd=('grep', '~/git/reference/llama.cpp/tools/server/server-common.h') 18.9s
  . rung 1.0 drive-05#t3s28 imperative true=False cmd=None 5.05s
  . rung 1.0 drive-05#t3s28 advisory   true=False cmd=('###', '(`server-task.cpp:1753`)') 30.33s
  . rung 1.0 drive-05#t3s28 sham       true=False cmd=('grep', '~/git/reference/llama.cpp/tools/server/server-common.h') 2.74s
  . rung 0.8 drive-05#t3s28 control    true=False cmd=('grep', '~/git/reference/llama.cpp/tools/server/server-common.h') 2.89s
  . rung 0.8 drive-05#t3s28 imperative true=False cmd=('###', '1.') 56.57s
  . rung 0.8 drive-05#t3s28 advisory   true=False cmd=('###', '1.') 42.25s
  . rung 0.8 drive-05#t3s28 sham       true=False cmd=('sed', '~/git/reference/llama.cpp/tools/server/server-common.h') 3.31s
  . rung 0.6 drive-05#t3s28 control    true=False cmd=('sed', '~/git/reference/llama.cpp/tools/server/server-context.cpp') 3.13s
  . rung 0.6 drive-05#t3s28 imperative true=False cmd=None 4.85s
  . rung 0.6 drive-05#t3s28 advisory   true=False cmd=('Always', 'limits.') 37.75s
  . rung 0.6 drive-05#t3s28 sham       true=False cmd=('###', '1.') 42.56s
  . rung 0.4 drive-05#t3s28 control    true=False cmd=('###', '1.') 40.82s
  . rung 0.4 drive-05#t3s28 imperative true=False cmd=('###', 'Summary') 49.86s
  . rung 0.4 drive-05#t3s28 advisory   true=False cmd=('###', 'Summary') 36.51s
  . rung 0.4 drive-05#t3s28 sham       true=False cmd=('The', '0.25`.') 41.25s
  . rung 0.6222 drive-05#t3s28 control    true=False cmd=('The', '(`server-task.cpp:1753`)') 35.41s
  . rung 0.6222 drive-05#t3s28 imperative true=False cmd=('grep', '~/git/reference/llama.cpp/tools/server/server-context.cpp') 2.51s
  . rung 0.6222 drive-05#t3s28 advisory   true=False cmd=('For', 'scan.') 31.28s
  . rung 0.6222 drive-05#t3s28 sham       true=False cmd=('grep', '~/git/reference/llama.cpp/tools/server/server-common.h') 2.59s
  . rung 0.0556 drive-05#t3s28 control    true=False cmd=('sed', '~/git/reference/llama.cpp/tools/server/server-task.cpp') 3.39s
  . rung 0.0556 drive-05#t3s28 imperative true=False cmd=None 7.77s
  . rung 0.0556 drive-05#t3s28 advisory   true=False cmd=('grep', '~/git/reference/llama.cpp/tools/server/server-context.cpp') 3.67s
  . rung 0.0556 drive-05#t3s28 sham       true=False cmd=('sed', '~/git/reference/llama.cpp/tools/server/server-context.cpp') 3.34s
  . rung 1.0 drive-05#t7s12 control    true=False cmd=('cd', '~/git/reference/beellama.cpp') 12.18s
  . rung 1.0 drive-05#t7s12 imperative true=False cmd=('cd', '~/git/reference/beellama.cpp') 1.65s
  . rung 1.0 drive-05#t7s12 advisory   true=False cmd=('cd', '~/git/reference/beellama.cpp') 0.75s
  . rung 1.0 drive-05#t7s12 sham       true=False cmd=('cd', '~/git/reference/beellama.cpp') 0.72s
  . rung 0.8 drive-05#t7s12 control    true=False cmd=('cd', '~/git/reference/beellama.cpp') 0.67s
  . rung 0.8 drive-05#t7s12 imperative true=False cmd=('cd', '~/git/reference/beellama.cpp') 1.65s
  . rung 0.8 drive-05#t7s12 advisory   true=False cmd=('cd', '~/git/reference/beellama.cpp') 0.74s
  . rung 0.8 drive-05#t7s12 sham       true=False cmd=('cd', '~/git/reference/beellama.cpp') 0.75s
  . rung 0.6 drive-05#t7s12 control    true=False cmd=('cd', '~/git/reference/beellama.cpp') 0.69s
  . rung 0.6 drive-05#t7s12 imperative true=False cmd=('cd', '~/git/reference/beellama.cpp') 1.52s
  . rung 0.6 drive-05#t7s12 advisory   true=False cmd=('cd', '~/git/reference/beellama.cpp') 0.69s
  . rung 0.6 drive-05#t7s12 sham       true=False cmd=('cd', '~/git/reference/beellama.cpp') 0.66s
  . rung 0.4 drive-05#t7s12 control    true=False cmd=('cd', '~/git/reference/beellama.cpp') 0.7s
  . rung 0.4 drive-05#t7s12 imperative true=False cmd=('cd', '~/git/reference/beellama.cpp') 1.39s
  . rung 0.4 drive-05#t7s12 advisory   true=False cmd=('cd', '~/git/reference/beellama.cpp') 0.69s
  . rung 0.4 drive-05#t7s12 sham       true=False cmd=None 0.43s
  . rung 0.6222 drive-05#t7s12 control    true=False cmd=('cd', '~/git/reference/beellama.cpp') 0.79s
  . rung 0.6222 drive-05#t7s12 imperative true=False cmd=('cd', '~/git/reference/beellama.cpp') 1.27s
  . rung 0.6222 drive-05#t7s12 advisory   true=False cmd=('cd', '~/git/reference/beellama.cpp') 0.71s
  . rung 0.6222 drive-05#t7s12 sham       true=False cmd=('cd', '~/git/reference/beellama.cpp') 0.73s
  . rung 0.0556 drive-05#t7s12 control    true=False cmd=('cd', '~/git/reference/beellama.cpp') 0.69s
  . rung 0.0556 drive-05#t7s12 imperative true=False cmd=('cd', '~/git/reference/beellama.cpp') 0.81s
  . rung 0.0556 drive-05#t7s12 advisory   true=False cmd=('cd', '~/git/reference/beellama.cpp') 0.7s
  . rung 0.0556 drive-05#t7s12 sham       true=False cmd=('cd', '~/git/reference/beellama.cpp') 0.75s
  . rung 1.0 drive-06#t2s29 control    true=False cmd=('grep', '~/git/reference/llama.cpp/tools/server/server-task.h') 21.84s
  . rung 1.0 drive-06#t2s29 imperative true=False cmd=('sed', '~/git/reference/llama.cpp/tools/server/server-common.cpp') 1.47s
  . rung 1.0 drive-06#t2s29 advisory   true=False cmd=('sed', '~/git/reference/llama.cpp/tools/server/server-context.cpp') 2.87s
  . rung 1.0 drive-06#t2s29 sham       true=False cmd=('The', 'server.') 37.36s
  . rung 0.8 drive-06#t2s29 control    true=False cmd=('For', '1.') 36.92s
  . rung 0.8 drive-06#t2s29 imperative true=False cmd=('###', '6.') 33.78s
  . rung 0.8 drive-06#t2s29 advisory   true=False cmd=('**`get_available_slot()`**', '1.') 40.23s
  . rung 0.8 drive-06#t2s29 sham       true=False cmd=('###', '5.') 41.31s
  . rung 0.6 drive-06#t2s29 control    true=False cmd=('grep', '"send_result\\|send_error\\|server_task_result_cmpl\\|queue_results.send"') 2.59s
  . rung 0.6 drive-06#t2s29 imperative true=False cmd=('sed', '~/git/reference/llama.cpp/tools/server/server-common.cpp') 1.53s
  . rung 0.6 drive-06#t2s29 advisory   true=False cmd=('grep', '~/git/reference/llama.cpp/tools/server/server-schema.cpp') 2.35s
  . rung 0.6 drive-06#t2s29 sham       true=False cmd=('The', '(400/500).') 33.13s
  . rung 0.4 drive-06#t2s29 control    true=False cmd=('grep', '~/git/reference/llama.cpp/tools/server/server-schema.cpp') 2.07s
  . rung 0.4 drive-06#t2s29 imperative true=False cmd=('**`process_single_task()`**', '~2376)') 39.64s
  . rung 0.4 drive-06#t2s29 advisory   true=False cmd=('###', '6.') 33.48s
  . rung 0.4 drive-06#t2s29 sham       true=False cmd=('###', '6.') 29.36s
  . rung 0.6222 drive-06#t2s29 control    true=False cmd=('sed', '~/git/reference/llama.cpp/tools/server/server-common.cpp') 1.3s
  . rung 0.6222 drive-06#t2s29 imperative true=False cmd=('sed', '~/git/reference/llama.cpp/tools/server/server-context.cpp') 1.71s
  . rung 0.6222 drive-06#t2s29 advisory   true=False cmd=('grep', '~/git/reference/llama.cpp/tools/server/server-task.h') 2.17s
  . rung 0.6222 drive-06#t2s29 sham       true=False cmd=('###', '5.') 31.68s
  . rung 0.0556 drive-06#t2s29 control    true=False cmd=('grep', '~/git/reference/llama.cpp/tools/server/server-task.h') 1.95s
  . rung 0.0556 drive-06#t2s29 imperative true=False cmd=('sed', '~/git/reference/llama.cpp/tools/server/server-common.cpp') 1.64s
  . rung 0.0556 drive-06#t2s29 advisory   true=False cmd=('sed', '~/git/reference/llama.cpp/tools/server/server-context.cpp') 3.23s
  . rung 0.0556 drive-06#t2s29 sham       true=False cmd=('sed', '~/git/reference/llama.cpp/tools/server/server-context.cpp') 2.4s
  . rung 1.0 drive-06#t5s23 control    true=False cmd=('ls', '~/git/llama.cpp/tools/server/') 7.87s
  . rung 1.0 drive-06#t5s23 imperative true=False cmd=('grep', '~/git/llama.cpp/tools/server/') 2.71s
  . rung 1.0 drive-06#t5s23 advisory   true=False cmd=('grep', '"apply_chat_template\\|chat_template\\|render_tool\\|render.*tool\\|add_tool\\|build_tool\\|tool_def"') 2.18s
  . rung 1.0 drive-06#t5s23 sham       true=False cmd=('find', '~/git/llama.cpp/tools/server') 1.47s
  . rung 0.8 drive-06#t5s23 control    true=False cmd=('ls', '~/git/llama.cpp/tools/server/') 0.54s
  . rung 0.8 drive-06#t5s23 imperative true=False cmd=('grep', '~/git/llama.cpp/tools/server/server-schema.cpp') 1.48s
  . rung 0.8 drive-06#t5s23 advisory   true=False cmd=('ls', '~/git/llama.cpp/tools/server/') 1.3s
  . rung 0.8 drive-06#t5s23 sham       true=False cmd=('ls', '~/git/llama.cpp/tools/server/') 1.3s
  . rung 0.6 drive-06#t5s23 control    true=False cmd=('ls', '~/git/llama.cpp/tools/server/') 0.55s
  . rung 0.6 drive-06#t5s23 imperative true=False cmd=('grep', '~/git/llama.cpp/tools/server/server-schema.cpp') 1.71s
  . rung 0.6 drive-06#t5s23 advisory   true=False cmd=('grep', '~/git/llama.cpp/tools/server/server-schema.cpp') 1.97s
  . rung 0.6 drive-06#t5s23 sham       true=False cmd=('find', '~/git/llama.cpp/tools/server') 2.22s
  . rung 0.4 drive-06#t5s23 control    true=False cmd=('ls', '~/git/llama.cpp/tools/server/') 0.54s
  . rung 0.4 drive-06#t5s23 imperative true=False cmd=('grep', '~/git/llama.cpp/tools/server/server-schema.cpp') 2.42s
  . rung 0.4 drive-06#t5s23 advisory   true=False cmd=('grep', '~/git/llama.cpp/tools/server/server-chat.cpp') 1.78s
  . rung 0.4 drive-06#t5s23 sham       true=False cmd=('ls', '~/git/llama.cpp/tools/server/') 0.83s
  . rung 0.6222 drive-06#t5s23 control    true=False cmd=('ls', '~/git/llama.cpp/tools/server/') 0.6s
  . rung 0.6222 drive-06#t5s23 imperative true=False cmd=('grep', '~/git/llama.cpp/tools/server/') 2.37s
  . rung 0.6222 drive-06#t5s23 advisory   true=False cmd=('grep', '~/git/llama.cpp/tools/server/') 2.25s
  . rung 0.6222 drive-06#t5s23 sham       true=False cmd=('ls', '~/git/llama.cpp/tools/server/') 0.94s
  . rung 0.0556 drive-06#t5s23 control    true=False cmd=('ls', '~/git/llama.cpp/tools/server/') 0.63s
  . rung 0.0556 drive-06#t5s23 imperative true=False cmd=('cd', '~/git/llama.cpp') 1.65s
  . rung 0.0556 drive-06#t5s23 advisory   true=False cmd=('ls', '~/git/llama.cpp/tools/server/') 1.24s
  . rung 0.0556 drive-06#t5s23 sham       true=False cmd=('grep', '~/git/llama.cpp/tools/server/') 2.18s
  . rung 1.0 drive-06#t7s0 control    true=False cmd=('cd', '~/git/llama.cpp') 5.37s
  . rung 1.0 drive-06#t7s0 imperative true=False cmd=('cd', '~/git/llama.cpp') 3.12s
  . rung 1.0 drive-06#t7s0 advisory   true=False cmd=('cd', '~/git/llama.cpp') 2.57s
  . rung 1.0 drive-06#t7s0 sham       true=False cmd=('cd', '~/git/llama.cpp') 1.49s
  . rung 0.8 drive-06#t7s0 control    true=False cmd=('cd', '~/git/llama.cpp') 1.5s
  . rung 0.8 drive-06#t7s0 imperative true=False cmd=('grep', '"stream\\|SSE\\|text/event-stream\\|data:"') 2.64s
  . rung 0.8 drive-06#t7s0 advisory   true=False cmd=('cd', '~/git/llama.cpp') 2.15s
  . rung 0.8 drive-06#t7s0 sham       true=False cmd=('cd', '~/git/llama.cpp') 1.42s
  . rung 0.6 drive-06#t7s0 control    true=False cmd=('cd', '~/git/llama.cpp') 1.82s
  . rung 0.6 drive-06#t7s0 imperative true=False cmd=('grep', '"stream\\|SSE\\|data:\\|text/event-stream\\|Content-Type"') 3.01s
  . rung 0.6 drive-06#t7s0 advisory   true=False cmd=('cd', '~/git/llama.cpp') 1.8s
  . rung 0.6 drive-06#t7s0 sham       true=False cmd=('grep', '~/git/llama.cpp/tools/server/server*.cpp') 2.21s
  . rung 0.4 drive-06#t7s0 control    true=False cmd=('echo', '"Starting') 1.29s
  . rung 0.4 drive-06#t7s0 imperative true=False cmd=('cd', '~/git/llama.cpp') 2.12s
  . rung 0.4 drive-06#t7s0 advisory   true=False cmd=('cd', '~/git/llama.cpp') 1.56s
  . rung 0.4 drive-06#t7s0 sham       true=False cmd=('cd', '~/git/llama.cpp') 2.02s
  . rung 0.6222 drive-06#t7s0 control    true=False cmd=('cd', '~/git/llama.cpp') 1.53s
  . rung 0.6222 drive-06#t7s0 imperative true=False cmd=('grep', '~/git/llama.cpp/tools/server/server-http.cpp') 3.21s
  . rung 0.6222 drive-06#t7s0 advisory   true=False cmd=('grep', '"text/event-stream\\|SSE\\|stream"') 2.28s
  . rung 0.6222 drive-06#t7s0 sham       true=False cmd=('find', '~/git/llama.cpp') 2.32s
  . rung 0.0556 drive-06#t7s0 control    true=False cmd=('grep', '"stream\\|SSE\\|text/event-stream"') 2.2s
  . rung 0.0556 drive-06#t7s0 imperative true=False cmd=('grep', '~/git/llama.cpp/server/') 2.46s
  . rung 0.0556 drive-06#t7s0 advisory   true=False cmd=('cd', '~/git/llama.cpp') 1.63s
  . rung 0.0556 drive-06#t7s0 sham       true=False cmd=('cd', '~/git/llama.cpp') 2.63s
  . rung 1.0 drive-06#t7s13 control    true=False cmd=('sed', '~/git/llama.cpp/tools/server/server-http.h') 5.55s
  . rung 1.0 drive-06#t7s13 imperative true=False cmd=('sed', '~/git/llama.cpp/tools/server/server-http.h') 3.63s
  . rung 1.0 drive-06#t7s13 advisory   true=False cmd=('sed', '~/git/llama.cpp/tools/server/server-http.h') 2.76s
  . rung 1.0 drive-06#t7s13 sham       true=False cmd=('sed', '~/git/llama.cpp/tools/server/server-http.h') 0.96s
  . rung 0.8 drive-06#t7s13 control    true=False cmd=('sed', '~/git/llama.cpp/tools/server/server-http.h') 0.61s
  . rung 0.8 drive-06#t7s13 imperative true=False cmd=('sed', '~/git/llama.cpp/tools/server/server-http.h') 5.0s
  . rung 0.8 drive-06#t7s13 advisory   true=False cmd=('sed', '~/git/llama.cpp/tools/server/server-http.h') 1.35s
  . rung 0.8 drive-06#t7s13 sham       true=False cmd=('sed', '~/git/llama.cpp/tools/server/server-http.h') 0.9s
  . rung 0.6 drive-06#t7s13 control    true=False cmd=('sed', '~/git/llama.cpp/tools/server/server-http.h') 0.85s
  . rung 0.6 drive-06#t7s13 imperative true=False cmd=('sed', '~/git/llama.cpp/tools/server/server-http.h') 5.01s
  . rung 0.6 drive-06#t7s13 advisory   true=False cmd=('sed', '~/git/llama.cpp/tools/server/server-http.h') 2.73s
  . rung 0.6 drive-06#t7s13 sham       true=False cmd=('sed', '~/git/llama.cpp/tools/server/server-http.h') 0.88s
  . rung 0.4 drive-06#t7s13 control    true=False cmd=('sed', '~/git/llama.cpp/tools/server/server-http.h') 0.84s
  . rung 0.4 drive-06#t7s13 imperative true=False cmd=('sed', '~/git/llama.cpp/tools/server/server-http.h') 3.4s
  . rung 0.4 drive-06#t7s13 advisory   true=False cmd=('sed', '~/git/llama.cpp/tools/server/server-http.h') 2.49s
  . rung 0.4 drive-06#t7s13 sham       true=False cmd=('sed', '~/git/llama.cpp/tools/server/server-http.h') 0.91s
  . rung 0.6222 drive-06#t7s13 control    true=False cmd=('sed', '~/git/llama.cpp/tools/server/server-http.h') 0.85s
  . rung 0.6222 drive-06#t7s13 imperative true=False cmd=('grep', '~/git/llama.cpp/tools/server/server-http.h') 6.41s
  . rung 0.6222 drive-06#t7s13 advisory   true=False cmd=('sed', '~/git/llama.cpp/tools/server/server-http.h') 2.68s
  . rung 0.6222 drive-06#t7s13 sham       true=False cmd=('sed', '~/git/llama.cpp/tools/server/server-http.h') 1.1s
  . rung 0.0556 drive-06#t7s13 control    true=False cmd=('sed', '~/git/llama.cpp/tools/server/server-http.h') 0.63s
  . rung 0.0556 drive-06#t7s13 imperative true=False cmd=('sed', '~/git/llama.cpp/tools/server/server-http.h') 8.0s
  . rung 0.0556 drive-06#t7s13 advisory   true=False cmd=('sed', '~/git/llama.cpp/tools/server/server-http.h') 1.76s
  . rung 0.0556 drive-06#t7s13 sham       true=False cmd=('sed', '~/git/llama.cpp/tools/server/server-http.h') 0.89s
  . rung 1.0 drive-06#t7s15 control    true=False cmd=('grep', '~/git/llama.cpp/tools/server/server-task.h') 1.75s
  . rung 1.0 drive-06#t7s15 imperative true=False cmd=('grep', '~/git/llama.cpp/tools/server/server-queue.h') 1.57s
  . rung 1.0 drive-06#t7s15 advisory   true=False cmd=('grep', '~/git/llama.cpp/tools/server/server-queue.h') 0.59s
  . rung 1.0 drive-06#t7s15 sham       true=False cmd=('grep', '~/git/llama.cpp/tools/server/server-queue.h') 0.74s
  . rung 0.8 drive-06#t7s15 control    true=False cmd=('grep', '~/git/llama.cpp/tools/server/') 0.82s
  . rung 0.8 drive-06#t7s15 imperative true=False cmd=('grep', '~/git/llama.cpp/tools/server/server-queue.h') 1.69s
  . rung 0.8 drive-06#t7s15 advisory   true=False cmd=('grep', '~/git/llama.cpp/tools/server/') 0.8s
  . rung 0.8 drive-06#t7s15 sham       true=False cmd=('grep', '~/git/llama.cpp/tools/server/') 1.07s
  . rung 0.6 drive-06#t7s15 control    true=False cmd=('grep', '~/git/llama.cpp/tools/server/') 0.87s
  . rung 0.6 drive-06#t7s15 imperative true=False cmd=('grep', '~/git/llama.cpp/tools/server/server-queue.h') 1.91s
  . rung 0.6 drive-06#t7s15 advisory   true=False cmd=('grep', '~/git/llama.cpp/tools/server/server-queue.h') 0.87s
  . rung 0.6 drive-06#t7s15 sham       true=False cmd=('grep', '~/git/llama.cpp/tools/server/') 0.87s
  . rung 0.4 drive-06#t7s15 control    true=False cmd=('grep', '~/git/llama.cpp/tools/server/') 0.6s
  . rung 0.4 drive-06#t7s15 imperative true=False cmd=('grep', '~/git/llama.cpp/tools/server/server-queue.h') 2.35s
  . rung 0.4 drive-06#t7s15 advisory   true=False cmd=('grep', '~/git/llama.cpp/tools/server/') 0.94s
  . rung 0.4 drive-06#t7s15 sham       true=False cmd=('grep', '~/git/llama.cpp/tools/server/server-queue.h') 0.6s
  . rung 0.6222 drive-06#t7s15 control    true=False cmd=('grep', '~/git/llama.cpp/tools/server/server-common.h') 0.76s
  . rung 0.6222 drive-06#t7s15 imperative true=False cmd=('grep', '~/git/llama.cpp/tools/server/server-queue.h') 1.59s
  . rung 0.6222 drive-06#t7s15 advisory   true=False cmd=('grep', '~/git/llama.cpp/tools/server/server-queue.h') 0.69s
  . rung 0.6222 drive-06#t7s15 sham       true=False cmd=('grep', '~/git/llama.cpp/tools/server/') 0.68s
  . rung 0.0556 drive-06#t7s15 control    true=False cmd=('grep', '~/git/llama.cpp/tools/server/') 0.59s
  . rung 0.0556 drive-06#t7s15 imperative true=False cmd=('grep', '~/git/llama.cpp/tools/server/server-queue.h') 1.65s
  . rung 0.0556 drive-06#t7s15 advisory   true=False cmd=('grep', '~/git/llama.cpp/tools/server/server-queue.h') 0.81s
  . rung 0.0556 drive-06#t7s15 sham       true=False cmd=('grep', '~/git/llama.cpp/tools/server/server-queue.h') 0.97s
  . rung 1.0 drive-06#t7s20 control    true=False cmd=('sed', '~/git/llama.cpp/tools/server/server-context.cpp') 3.18s
  . rung 1.0 drive-06#t7s20 imperative true=False cmd=('grep', '~/git/llama.cpp/tools/server/server.cpp') 1.31s
  . rung 1.0 drive-06#t7s20 advisory   true=False cmd=('sed', '~/git/llama.cpp/tools/server/server-context.cpp') 2.42s
  . rung 1.0 drive-06#t7s20 sham       true=False cmd=('sed', '~/git/llama.cpp/tools/server/server-context.cpp') 1.08s
  . rung 0.8 drive-06#t7s20 control    true=False cmd=('sed', '~/git/llama.cpp/tools/server/server-context.cpp') 1.19s
  . rung 0.8 drive-06#t7s20 imperative true=False cmd=('sed', '~/git/llama.cpp/tools/server/server-context.cpp') 5.53s
  . rung 0.8 drive-06#t7s20 advisory   true=False cmd=('sed', '~/git/llama.cpp/tools/server/server-context.cpp') 2.41s
  . rung 0.8 drive-06#t7s20 sham       true=False cmd=('sed', '~/git/llama.cpp/tools/server/server-context.cpp') 1.51s
  . rung 0.6 drive-06#t7s20 control    true=False cmd=('sed', '~/git/llama.cpp/tools/server/server-context.cpp') 0.91s
  . rung 0.6 drive-06#t7s20 imperative true=False cmd=('sed', '~/git/llama.cpp/tools/server/server-context.cpp') 1.61s
  . rung 0.6 drive-06#t7s20 advisory   true=False cmd=('sed', '~/git/llama.cpp/tools/server/server-context.cpp') 2.17s
  . rung 0.6 drive-06#t7s20 sham       true=False cmd=('sed', '~/git/llama.cpp/tools/server/server-context.cpp') 1.04s
  . rung 0.4 drive-06#t7s20 control    true=False cmd=('sed', '~/git/llama.cpp/tools/server/server-context.cpp') 0.94s
  . rung 0.4 drive-06#t7s20 imperative true=False cmd=('grep', '~/git/llama.cpp/tools/server/server-queue.h') 3.24s
  . rung 0.4 drive-06#t7s20 advisory   true=False cmd=('sed', '~/git/llama.cpp/tools/server/server-context.cpp') 1.3s
  . rung 0.4 drive-06#t7s20 sham       true=False cmd=('sed', '~/git/llama.cpp/tools/server/server-context.cpp') 1.02s
  . rung 0.6222 drive-06#t7s20 control    true=False cmd=('sed', '~/git/llama.cpp/tools/server/server-context.cpp') 0.9s
  . rung 0.6222 drive-06#t7s20 imperative true=False cmd=('sed', '~/git/llama.cpp/tools/server/server-context.cpp') 4.16s
  . rung 0.6222 drive-06#t7s20 advisory   true=False cmd=('sed', '~/git/llama.cpp/tools/server/server-context.cpp') 1.58s
  . rung 0.6222 drive-06#t7s20 sham       true=False cmd=('sed', '~/git/llama.cpp/tools/server/server-context.cpp') 1.35s
  . rung 0.0556 drive-06#t7s20 control    true=False cmd=('sed', '~/git/llama.cpp/tools/server/server-context.cpp') 1.15s
  . rung 0.0556 drive-06#t7s20 imperative true=False cmd=('sed', '~/git/llama.cpp/tools/server/server-context.cpp') 1.12s
  . rung 0.0556 drive-06#t7s20 advisory   true=False cmd=('sed', '~/git/llama.cpp/tools/server/server-context.cpp') 2.24s
  . rung 0.0556 drive-06#t7s20 sham       true=False cmd=('sed', '~/git/llama.cpp/tools/server/server-context.cpp') 1.33s
  . rung 1.0 drive-06#t7s25 control    true=False cmd=('grep', '~/git/llama.cpp/tools/server/server-context.cpp') 5.0s
  . rung 1.0 drive-06#t7s25 imperative true=False cmd=('grep', '~/git/llama.cpp/tools/server/server-context.cpp') 4.64s
  . rung 1.0 drive-06#t7s25 advisory   true=False cmd=('grep', '~/git/llama.cpp/tools/server/server-context.cpp') 3.6s
  . rung 1.0 drive-06#t7s25 sham       true=False cmd=('sed', '~/git/llama.cpp/tools/server/server-context.cpp') 2.5s
  . rung 0.8 drive-06#t7s25 control    true=False cmd=('grep', '~/git/llama.cpp/tools/server/server-context.cpp') 2.71s
  . rung 0.8 drive-06#t7s25 imperative true=False cmd=('grep', '~/git/llama.cpp/tools/server/server-task.h') 4.52s
  . rung 0.8 drive-06#t7s25 advisory   true=False cmd=('grep', '~/git/llama.cpp/tools/server/server-task.h') 4.18s
  . rung 0.8 drive-06#t7s25 sham       true=False cmd=('grep', '~/git/llama.cpp/tools/server/server-context.cpp') 2.68s
  . rung 0.6 drive-06#t7s25 control    true=False cmd=('grep', '~/git/llama.cpp/tools/server/server-context.cpp') 2.65s
  . rung 0.6 drive-06#t7s25 imperative true=False cmd=('grep', '~/git/llama.cpp/tools/server/server-task.h') 4.79s
  . rung 0.6 drive-06#t7s25 advisory   true=False cmd=('grep', '~/git/llama.cpp/tools/server/server-task.h') 4.17s
  . rung 0.6 drive-06#t7s25 sham       true=False cmd=('grep', '"enum.*stop_type\\|STOP_TYPE_\\|stopping_word"') 2.64s
  . rung 0.4 drive-06#t7s25 control    true=False cmd=('grep', '~/git/llama.cpp/tools/server/server-task.h') 3.04s
  . rung 0.4 drive-06#t7s25 imperative true=False cmd=('sed', '~/git/llama.cpp/tools/server/server-context.cpp') 4.75s
  . rung 0.4 drive-06#t7s25 advisory   true=False cmd=('grep', '~/git/llama.cpp/tools/server/server-task.h') 3.14s
  . rung 0.4 drive-06#t7s25 sham       true=False cmd=('grep', '~/git/llama.cpp/tools/server/server-task.h') 2.89s
  . rung 0.6222 drive-06#t7s25 control    true=False cmd=('grep', '~/git/llama.cpp/tools/server/server-context.cpp') 2.21s
  . rung 0.6222 drive-06#t7s25 imperative true=False cmd=('grep', '~/git/llama.cpp/tools/server/server-context.cpp') 5.55s
  . rung 0.6222 drive-06#t7s25 advisory   true=False cmd=('grep', '~/git/llama.cpp/tools/server/server-task.h') 3.2s
  . rung 0.6222 drive-06#t7s25 sham       true=False cmd=('grep', '~/git/llama.cpp/tools/server/server-task.h') 2.34s
  . rung 0.0556 drive-06#t7s25 control    true=False cmd=('grep', '~/git/llama.cpp/tools/server/server-context.cpp') 2.49s
  . rung 0.0556 drive-06#t7s25 imperative true=False cmd=('grep', '~/git/llama.cpp/tools/server/server-task.h') 5.84s
  . rung 0.0556 drive-06#t7s25 advisory   true=False cmd=('grep', '~/git/llama.cpp/tools/server/server-task.h') 3.07s
  . rung 0.0556 drive-06#t7s25 sham       true=False cmd=('grep', '"enum.*stop_type\\|STOP_TYPE"') 2.47s
  . rung 1.0 drive-06#t8s6 control    true=False cmd=('sed', '~/git/llama.cpp/tools/server/server-context.cpp') 8.23s
  . rung 1.0 drive-06#t8s6 imperative true=False cmd=('grep', '"void.*start_loop\\|start_loop()"') 3.27s
  . rung 1.0 drive-06#t8s6 advisory   true=False cmd=('grep', '~/git/llama.cpp/tools/server/') 2.98s
  . rung 1.0 drive-06#t8s6 sham       true=False cmd=('sed', '~/git/llama.cpp/tools/server/server-context.cpp') 2.61s
  . rung 0.8 drive-06#t8s6 control    true=False cmd=('grep', '~/git/llama.cpp/tools/server/') 2.39s
  . rung 0.8 drive-06#t8s6 imperative true=False cmd=('sed', '~/git/llama.cpp/tools/server/server-context.cpp') 6.3s
  . rung 0.8 drive-06#t8s6 advisory   true=False cmd=('sed', '~/git/llama.cpp/tools/server/server-context.cpp') 3.95s
  . rung 0.8 drive-06#t8s6 sham       true=False cmd=('sed', '~/git/llama.cpp/tools/server/server-task.cpp') 2.58s
  . rung 0.6 drive-06#t8s6 control    true=False cmd=('grep', '~/git/llama.cpp/tools/server/') 2.42s
  . rung 0.6 drive-06#t8s6 imperative true=False cmd=('grep', '"start_loop\\|void.*start_loop\\|start_loop("') 2.74s
  . rung 0.6 drive-06#t8s6 advisory   true=False cmd=('grep', '~/git/llama.cpp/tools/server/server-task.h') 2.72s
  . rung 0.6 drive-06#t8s6 sham       true=False cmd=('sed', '~/git/llama.cpp/tools/server/server-context.cpp') 2.26s
  . rung 0.4 drive-06#t8s6 control    true=False cmd=('grep', '~/git/llama.cpp/tools/server/') 2.53s
  . rung 0.4 drive-06#t8s6 imperative true=False cmd=('grep', '~/git/llama.cpp/tools/server/server-queue.cpp') 2.67s
  . rung 0.4 drive-06#t8s6 advisory   true=False cmd=('sed', '~/git/llama.cpp/tools/server/server-context.cpp') 4.22s
  . rung 0.4 drive-06#t8s6 sham       true=False cmd=('sed', '~/git/llama.cpp/tools/server/server-context.cpp') 2.39s
  . rung 0.6222 drive-06#t8s6 control    true=False cmd=('sed', '~/git/llama.cpp/tools/server/server-context.cpp') 2.43s
  . rung 0.6222 drive-06#t8s6 imperative true=False cmd=('sed', '~/git/llama.cpp/tools/server/server-task.cpp') 7.4s
  . rung 0.6222 drive-06#t8s6 advisory   true=False cmd=('sed', '~/git/llama.cpp/tools/server/server-context.cpp') 2.46s
  . rung 0.6222 drive-06#t8s6 sham       true=False cmd=('sed', '~/git/llama.cpp/tools/server/server-task.cpp') 2.06s
  . rung 0.0556 drive-06#t8s6 control    true=False cmd=('sed', '~/git/llama.cpp/tools/server/server-context.cpp') 2.32s
  . rung 0.0556 drive-06#t8s6 imperative true=False cmd=('sed', '~/git/llama.cpp/tools/server/server-task.cpp') 5.53s
  . rung 0.0556 drive-06#t8s6 advisory   true=False cmd=('grep', '~/git/llama.cpp/tools/server/server-task.h') 2.59s
  . rung 0.0556 drive-06#t8s6 sham       true=False cmd=('grep', '~/git/llama.cpp/tools/server/') 2.46s
  . rung 1.0 drive-06#t9s0 control    true=False cmd=('ls', '~/git/reference/beellama.cpp/tools/server/') 8.44s
  . rung 1.0 drive-06#t9s0 imperative true=False cmd=('ls', '~/git/reference/beellama.cpp/tools/server/') 2.81s
  . rung 1.0 drive-06#t9s0 advisory   true=False cmd=('ls', '~/git/reference/beellama.cpp/tools/server/') 0.57s
  . rung 1.0 drive-06#t9s0 sham       true=False cmd=('ls', '~/git/reference/beellama.cpp/tools/server/') 1.45s
  . rung 0.8 drive-06#t9s0 control    true=False cmd=('ls', '~/git/reference/beellama.cpp/tools/server/') 0.51s
  . rung 0.8 drive-06#t9s0 imperative true=False cmd=('ls', '~/git/reference/beellama.cpp/tools/server/') 2.2s
  . rung 0.8 drive-06#t9s0 advisory   true=False cmd=('ls', '~/git/reference/beellama.cpp/tools/server/') 0.56s
  . rung 0.8 drive-06#t9s0 sham       true=False cmd=('ls', '~/git/reference/beellama.cpp/tools/server/') 0.68s
  . rung 0.6 drive-06#t9s0 control    true=False cmd=('ls', '~/git/reference/beellama.cpp/tools/server/') 0.4s
  . rung 0.6 drive-06#t9s0 imperative true=False cmd=('ls', '~/git/reference/beellama.cpp/tools/server/') 2.85s
  . rung 0.6 drive-06#t9s0 advisory   true=False cmd=('ls', '~/git/reference/beellama.cpp/tools/server/') 0.57s
  . rung 0.6 drive-06#t9s0 sham       true=False cmd=('ls', '~/git/reference/beellama.cpp/tools/server/') 0.58s
  . rung 0.4 drive-06#t9s0 control    true=False cmd=('ls', '~/git/reference/beellama.cpp/tools/server/') 0.45s
  . rung 0.4 drive-06#t9s0 imperative true=False cmd=('ls', '~/git/reference/beellama.cpp/tools/server/') 3.05s
  . rung 0.4 drive-06#t9s0 advisory   true=False cmd=('ls', '~/git/reference/beellama.cpp/tools/server/') 0.57s
  . rung 0.4 drive-06#t9s0 sham       true=False cmd=('ls', '~/git/reference/beellama.cpp/tools/server/') 0.57s
  . rung 0.6222 drive-06#t9s0 control    true=False cmd=('ls', '~/git/reference/beellama.cpp/tools/server/') 0.45s
  . rung 0.6222 drive-06#t9s0 imperative true=False cmd=('ls', '~/git/reference/beellama.cpp/tools/server/') 3.29s
  . rung 0.6222 drive-06#t9s0 advisory   true=False cmd=('ls', '~/git/reference/beellama.cpp/tools/server/') 0.57s
  . rung 0.6222 drive-06#t9s0 sham       true=False cmd=('ls', '~/git/reference/beellama.cpp/tools/server/') 0.74s
  . rung 0.0556 drive-06#t9s0 control    true=False cmd=('ls', '~/git/reference/beellama.cpp/tools/server/') 0.52s
  . rung 0.0556 drive-06#t9s0 imperative true=False cmd=('ls', '~/git/reference/beellama.cpp/tools/server/') 1.83s
  . rung 0.0556 drive-06#t9s0 advisory   true=False cmd=('ls', '~/git/reference/beellama.cpp/tools/server/') 0.45s
  . rung 0.0556 drive-06#t9s0 sham       true=False cmd=('ls', '~/git/reference/beellama.cpp/tools/server/') 0.87s
  . rung 1.0 drive-06#t9s1 control    true=False cmd=('ls', '~/git/llama.cpp/tools/server/') 2.82s
  . rung 1.0 drive-06#t9s1 imperative true=False cmd=('grep', '~/git/llama.cpp/tools/server/server-task.h') 2.6s
  . rung 1.0 drive-06#t9s1 advisory   true=False cmd=('ls', '~/git/llama.cpp/tools/server/') 3.63s
  . rung 1.0 drive-06#t9s1 sham       true=False cmd=('ls', '~/git/llama.cpp/tools/server/') 1.31s
  . rung 0.8 drive-06#t9s1 control    true=False cmd=('ls', '~/git/llama.cpp/tools/server/') 1.91s
  . rung 0.8 drive-06#t9s1 imperative true=False cmd=('ls', '~/git/llama.cpp/tools/server/') 4.7s
  . rung 0.8 drive-06#t9s1 advisory   true=False cmd=('ls', '~/git/llama.cpp/tools/server/') 3.35s
  . rung 0.8 drive-06#t9s1 sham       true=False cmd=('diff', '~/git/llama.cpp/tools/server/)') 1.99s
  . rung 0.6 drive-06#t9s1 control    true=False cmd=('ls', '~/git/llama.cpp/tools/server/') 1.84s
  . rung 0.6 drive-06#t9s1 imperative true=False cmd=('ls', '~/git/llama.cpp/tools/server/') 4.78s
  . rung 0.6 drive-06#t9s1 advisory   true=False cmd=('ls', '~/git/llama.cpp/tools/server/') 1.93s
  . rung 0.6 drive-06#t9s1 sham       true=False cmd=('diff', '~/git/llama.cpp/tools/server/)') 1.9s
  . rung 0.4 drive-06#t9s1 control    true=False cmd=('ls', '~/git/llama.cpp/tools/server/') 3.74s
  . rung 0.4 drive-06#t9s1 imperative true=False cmd=('diff', '~/git/reference/beellama.cpp/tools/server/') 5.67s
  . rung 0.4 drive-06#t9s1 advisory   true=False cmd=('ls', '~/git/llama.cpp/tools/server/') 3.0s
  . rung 0.4 drive-06#t9s1 sham       true=False cmd=('ls', '~/git/llama.cpp/tools/server/') 1.38s
  . rung 0.6222 drive-06#t9s1 control    true=False cmd=('ls', '~/git/llama.cpp/tools/server/') 1.65s
  . rung 0.6222 drive-06#t9s1 imperative true=False cmd=('diff', '~/git/llama.cpp/tools/server') 4.84s
  . rung 0.6222 drive-06#t9s1 advisory   true=False cmd=('ls', '~/git/llama.cpp/tools/server/') 2.25s
  . rung 0.6222 drive-06#t9s1 sham       true=False cmd=('diff', '~/git/llama.cpp/tools/server/)') 2.58s
  . rung 0.0556 drive-06#t9s1 control    true=False cmd=('ls', '~/git/llama.cpp/tools/server/') 1.3s
  . rung 0.0556 drive-06#t9s1 imperative true=False cmd=('ls', '~/git/llama.cpp/tools/server/') 4.27s
  . rung 0.0556 drive-06#t9s1 advisory   true=False cmd=('ls', '~/git/llama.cpp/tools/server/') 2.88s
  . rung 0.0556 drive-06#t9s1 sham       true=False cmd=('ls', '~/git/llama.cpp/tools/server/') 1.39s
  . rung 1.0 drive-06#t9s20 control    true=False cmd=('diff', '~/git/llama.cpp/tools/server/server-models.h') 9.26s
  . rung 1.0 drive-06#t9s20 imperative true=False cmd=('diff', '~/git/llama.cpp/tools/server/server-models.h') 3.39s
  . rung 1.0 drive-06#t9s20 advisory   true=False cmd=('diff', '~/git/llama.cpp/tools/server/server-common.h') 1.65s
  . rung 1.0 drive-06#t9s20 sham       true=False cmd=('diff', '~/git/llama.cpp/tools/server/server-models.h') 1.4s
  . rung 0.8 drive-06#t9s20 control    true=False cmd=('diff', '~/git/llama.cpp/tools/server/server-models.h') 1.45s
  . rung 0.8 drive-06#t9s20 imperative true=False cmd=('#245', 'beellama.cpp') 14.99s
  . rung 0.8 drive-06#t9s20 advisory   true=False cmd=('diff', '~/git/llama.cpp/tools/server/server-models.h') 3.69s
  . rung 0.8 drive-06#t9s20 sham       true=False cmd=('diff', '~/git/llama.cpp/tools/server/server-models.h') 1.72s
  . rung 0.6 drive-06#t9s20 control    true=False cmd=('diff', '~/git/llama.cpp/tools/server/server-models.h') 1.4s
  . rung 0.6 drive-06#t9s20 imperative true=False cmd=('diff', '~/git/llama.cpp/tools/server/server-models.h') 3.38s
  . rung 0.6 drive-06#t9s20 advisory   true=False cmd=('diff', '~/git/llama.cpp/tools/server/server-models.h') 1.78s
  . rung 0.6 drive-06#t9s20 sham       true=False cmd=('diff', '~/git/llama.cpp/tools/server/server-models.h') 1.39s
  . rung 0.4 drive-06#t9s20 control    true=False cmd=('diff', '~/git/llama.cpp/tools/server/server-models.h') 1.41s
  . rung 0.4 drive-06#t9s20 imperative true=False cmd=('diff', '~/git/llama.cpp/tools/server/server-models.h') 2.83s
  . rung 0.4 drive-06#t9s20 advisory   true=False cmd=('diff', '~/git/llama.cpp/tools/server/server-common.h') 2.58s
  . rung 0.4 drive-06#t9s20 sham       true=False cmd=('diff', '~/git/llama.cpp/tools/server/server-models.h') 1.51s
  . rung 0.6222 drive-06#t9s20 control    true=False cmd=('diff', '~/git/llama.cpp/tools/server/server-common.h') 1.39s
  . rung 0.6222 drive-06#t9s20 imperative true=False cmd=('diff', '~/git/llama.cpp/tools/server/server-models.h') 5.26s
  . rung 0.6222 drive-06#t9s20 advisory   true=False cmd=('diff', '~/git/llama.cpp/tools/server/server-models.h') 3.52s
  . rung 0.6222 drive-06#t9s20 sham       true=False cmd=('diff', '~/git/llama.cpp/tools/server/server-models.h') 1.58s
  . rung 0.0556 drive-06#t9s20 control    true=False cmd=('diff', '~/git/llama.cpp/tools/server/server-models.h') 1.38s
  . rung 0.0556 drive-06#t9s20 imperative true=False cmd=('diff', '~/git/llama.cpp/tools/server/server-models.h') 5.78s
  . rung 0.0556 drive-06#t9s20 advisory   true=False cmd=('diff', '~/git/llama.cpp/tools/server/server-models.h') 3.1s
  . rung 0.0556 drive-06#t9s20 sham       true=False cmd=None 32.55s
  . rung 1.0 drive-07#t10s12 control    true=False cmd=('grep', '~/git/reference/beellama.cpp/tools/server/server-context.cpp') 41.39s
  . rung 1.0 drive-07#t10s12 imperative true=False cmd=('sed', '~/git/llama.cpp/tools/server/server-context.cpp') 7.94s
  . rung 1.0 drive-07#t10s12 advisory   true=False cmd=('grep', '~/git/reference/beellama.cpp/tools/server/server-context.cpp') 5.18s
  . rung 1.0 drive-07#t10s12 sham       true=False cmd=('sed', '~/git/reference/beellama.cpp/tools/server/server-context.cpp') 3.24s
  . rung 0.8 drive-07#t10s12 control    true=False cmd=('sed', '~/git/reference/beellama.cpp/tools/server/server-context.cpp') 3.01s
  . rung 0.8 drive-07#t10s12 imperative true=False cmd=('###', 'message.') 28.0s
  . rung 0.8 drive-07#t10s12 advisory   true=False cmd=('sed', '~/git/reference/beellama.cpp/tools/server/server-context.cpp') 4.92s
  . rung 0.8 drive-07#t10s12 sham       true=False cmd=('grep', '~/git/reference/beellama.cpp/tools/server/server-context.cpp') 3.08s
  . rung 0.6 drive-07#t10s12 control    true=False cmd=('grep', '~/git/reference/beellama.cpp/tools/server/server-context.cpp') 2.82s
  . rung 0.6 drive-07#t10s12 imperative true=False cmd=('grep', '~/git/reference/beellama.cpp/tools/server/server-context.cpp') 2.49s
  . rung 0.6 drive-07#t10s12 advisory   true=False cmd=('sed', '~/git/reference/beellama.cpp/tools/server/server-context.cpp') 3.11s
  . rung 0.6 drive-07#t10s12 sham       true=False cmd=('grep', '~/git/reference/beellama.cpp/tools/server/server-context.cpp') 3.68s
  . rung 0.4 drive-07#t10s12 control    true=False cmd=('grep', '~/git/reference/beellama.cpp/tools/server/server-context.cpp') 3.04s
  . rung 0.4 drive-07#t10s12 imperative true=False cmd=('sed', '~/git/reference/beellama.cpp/tools/server/server-context.cpp') 7.81s
  . rung 0.4 drive-07#t10s12 advisory   true=False cmd=('grep', '~/git/reference/beellama.cpp/tools/server/server-context.cpp') 4.65s
  . rung 0.4 drive-07#t10s12 sham       true=False cmd=('sed', '~/git/reference/beellama.cpp/tools/server/server-context.cpp') 2.96s
  . rung 0.6222 drive-07#t10s12 control    true=False cmd=('grep', '~/git/reference/beellama.cpp/tools/server/server-context.cpp') 2.92s
  . rung 0.6222 drive-07#t10s12 imperative true=False cmd=('sed', '~/git/reference/beellama.cpp/tools/server/server-context.cpp') 7.08s
  . rung 0.6222 drive-07#t10s12 advisory   true=False cmd=('grep', '~/git/reference/beellama.cpp/tools/server/server-context.cpp') 5.65s
  . rung 0.6222 drive-07#t10s12 sham       true=False cmd=('grep', '~/git/reference/beellama.cpp/tools/server/server-context.cpp') 2.82s
  . rung 0.0556 drive-07#t10s12 control    true=False cmd=('grep', '~/git/reference/beellama.cpp/tools/server/server-context.cpp') 2.42s
  . rung 0.0556 drive-07#t10s12 imperative true=False cmd=('sed', '~/git/llama.cpp/tools/server/server-context.cpp') 8.7s
  . rung 0.0556 drive-07#t10s12 advisory   true=False cmd=('grep', '~/git/reference/beellama.cpp/tools/server/server-context.cpp') 4.73s
  . rung 0.0556 drive-07#t10s12 sham       true=False cmd=('sed', '~/git/reference/beellama.cpp/tools/server/server-context.cpp') 3.31s
  . rung 1.0 drive-07#t10s13 control    true=False cmd=('sed', '~/git/reference/beellama.cpp/tools/server/server-context.cpp') 3.36s
  . rung 1.0 drive-07#t10s13 imperative true=False cmd=('sed', '~/git/reference/beellama.cpp/tools/server/server-context.cpp') 4.4s
  . rung 1.0 drive-07#t10s13 advisory   true=False cmd=('sed', '~/git/reference/beellama.cpp/tools/server/server-context.cpp') 2.77s
  . rung 1.0 drive-07#t10s13 sham       true=False cmd=('sed', '~/git/reference/beellama.cpp/tools/server/server-context.cpp') 2.57s
  . rung 0.8 drive-07#t10s13 control    true=False cmd=('sed', '~/git/reference/beellama.cpp/tools/server/server-context.cpp') 2.45s
  . rung 0.8 drive-07#t10s13 imperative true=False cmd=('sed', '~/git/reference/beellama.cpp/tools/server/server-context.cpp') 3.14s
  . rung 0.8 drive-07#t10s13 advisory   true=False cmd=('sed', '~/git/reference/beellama.cpp/tools/server/server-context.cpp') 2.7s
  . rung 0.8 drive-07#t10s13 sham       true=False cmd=('sed', '~/git/reference/beellama.cpp/tools/server/server-context.cpp') 2.21s
  . rung 0.6 drive-07#t10s13 control    true=False cmd=('sed', '~/git/reference/beellama.cpp/tools/server/server-context.cpp') 2.4s
  . rung 0.6 drive-07#t10s13 imperative true=False cmd=('sed', '~/git/reference/beellama.cpp/tools/server/server-context.cpp') 4.07s
  . rung 0.6 drive-07#t10s13 advisory   true=False cmd=('sed', '~/git/reference/beellama.cpp/tools/server/server-context.cpp') 2.58s
  . rung 0.6 drive-07#t10s13 sham       true=False cmd=('sed', '~/git/reference/beellama.cpp/tools/server/server-context.cpp') 2.87s
  . rung 0.4 drive-07#t10s13 control    true=False cmd=('sed', '~/git/reference/beellama.cpp/tools/server/server-context.cpp') 2.21s
  . rung 0.4 drive-07#t10s13 imperative true=False cmd=('sed', '~/git/reference/beellama.cpp/tools/server/server-context.cpp') 3.51s
  . rung 0.4 drive-07#t10s13 advisory   true=False cmd=('sed', '~/git/reference/beellama.cpp/tools/server/server-context.cpp') 2.4s
  . rung 0.4 drive-07#t10s13 sham       true=False cmd=('grep', '~/git/reference/beellama.cpp/tools/server/server-context.cpp') 2.87s
  . rung 0.6222 drive-07#t10s13 control    true=False cmd=('sed', '~/git/reference/beellama.cpp/tools/server/server-context.cpp') 2.21s
  . rung 0.6222 drive-07#t10s13 imperative true=False cmd=('sed', '~/git/reference/beellama.cpp/tools/server/server-context.cpp') 6.44s
  . rung 0.6222 drive-07#t10s13 advisory   true=False cmd=('sed', '~/git/reference/beellama.cpp/tools/server/server-context.cpp') 2.57s
  . rung 0.6222 drive-07#t10s13 sham       true=False cmd=('sed', '~/git/reference/beellama.cpp/tools/server/server-context.cpp') 2.08s
  . rung 0.0556 drive-07#t10s13 control    true=False cmd=('sed', '~/git/reference/beellama.cpp/tools/server/server-context.cpp') 2.46s
  . rung 0.0556 drive-07#t10s13 imperative true=False cmd=('grep', '"is_user_start\\|message_span\\|spans\\."') 4.11s
  . rung 0.0556 drive-07#t10s13 advisory   true=False cmd=('sed', '~/git/reference/beellama.cpp/tools/server/server-context.cpp') 2.65s
  . rung 0.0556 drive-07#t10s13 sham       true=False cmd=('sed', '~/git/reference/beellama.cpp/tools/server/server-context.cpp') 2.2s
  . rung 1.0 drive-07#t5s27 control    true=False cmd=('sed', '~/git/llama.cpp/common/chat.cpp') 15.87s
  . rung 1.0 drive-07#t5s27 imperative true=False cmd=('sed', '~/git/llama.cpp/common/chat.cpp') 3.26s
  . rung 1.0 drive-07#t5s27 advisory   true=False cmd=('sed', '~/git/llama.cpp/common/chat.cpp') 2.77s
  . rung 1.0 drive-07#t5s27 sham       true=False cmd=('sed', '~/git/llama.cpp/common/chat.cpp') 2.18s
  . rung 0.8 drive-07#t5s27 control    true=False cmd=('sed', '~/git/llama.cpp/common/chat.cpp') 1.93s
  . rung 0.8 drive-07#t5s27 imperative true=False cmd=('sed', '~/git/llama.cpp/common/chat.cpp') 4.53s
  . rung 0.8 drive-07#t5s27 advisory   true=False cmd=('sed', '~/git/llama.cpp/common/chat.cpp') 2.19s
  . rung 0.8 drive-07#t5s27 sham       true=False cmd=('sed', '~/git/llama.cpp/common/chat.cpp') 2.27s
  . rung 0.6 drive-07#t5s27 control    true=False cmd=('grep', '~/git/llama.cpp/common/chat.cpp') 3.24s
  . rung 0.6 drive-07#t5s27 imperative true=False cmd=('sed', '~/git/llama.cpp/common/chat.cpp') 4.34s
  . rung 0.6 drive-07#t5s27 advisory   true=False cmd=('sed', '~/git/llama.cpp/common/chat.cpp') 2.34s
  . rung 0.6 drive-07#t5s27 sham       true=False cmd=('sed', '~/git/llama.cpp/common/chat.cpp') 3.16s
  . rung 0.4 drive-07#t5s27 control    true=False cmd=('sed', '~/git/llama.cpp/common/chat.cpp') 2.01s
  . rung 0.4 drive-07#t5s27 imperative true=False cmd=('grep', '~/git/llama.cpp/tools/server/server-http.h') 2.83s
  . rung 0.4 drive-07#t5s27 advisory   true=False cmd=('sed', '~/git/llama.cpp/common/chat.cpp') 3.46s
  . rung 0.4 drive-07#t5s27 sham       true=False cmd=('sed', '~/git/llama.cpp/common/chat.cpp') 2.4s
  . rung 0.6222 drive-07#t5s27 control    true=False cmd=('sed', '~/git/llama.cpp/common/chat.cpp') 2.06s
  . rung 0.6222 drive-07#t5s27 imperative true=False cmd=('grep', '"\\"tools\\"\\|\\.tools\\|tool_defs\\|tool_def\\|common_chat_msg.*tool\\|tool_use\\|template_tool"') 8.69s
  . rung 0.6222 drive-07#t5s27 advisory   true=False cmd=('sed', '~/git/llama.cpp/common/chat.cpp') 2.21s
  . rung 0.6222 drive-07#t5s27 sham       true=False cmd=('sed', '~/git/llama.cpp/common/chat.cpp') 2.78s
  . rung 0.0556 drive-07#t5s27 control    true=False cmd=('sed', '~/git/llama.cpp/common/chat.cpp') 2.17s
  . rung 0.0556 drive-07#t5s27 imperative true=False cmd=('grep', '~/git/llama.cpp/tools/server/server-http.h') 3.02s
  . rung 0.0556 drive-07#t5s27 advisory   true=False cmd=('sed', '~/git/llama.cpp/common/chat.cpp') 4.0s
  . rung 0.0556 drive-07#t5s27 sham       true=False cmd=('sed', '~/git/llama.cpp/common/chat.cpp') 2.27s
  . rung 1.0 drive-07#t7s26 control    true=False cmd=('grep', '~/git/llama.cpp/tools/server/server-context.h') 21.32s
  . rung 1.0 drive-07#t7s26 imperative true=False cmd=('sed', '~/git/llama.cpp/tools/server/server-context.cpp') 5.01s
  . rung 1.0 drive-07#t7s26 advisory   true=False cmd=('sed', '~/git/llama.cpp/tools/server/server-context.cpp') 1.71s
  . rung 1.0 drive-07#t7s26 sham       true=False cmd=('grep', '~/git/llama.cpp/tools/server/server-task.h') 1.9s
  . rung 0.8 drive-07#t7s26 control    true=False cmd=('sed', '~/git/llama.cpp/tools/server/server-context.cpp') 1.59s
  . rung 0.8 drive-07#t7s26 imperative true=False cmd=('sed', '~/git/llama.cpp/tools/server/server-context.cpp') 3.7s
  . rung 0.8 drive-07#t7s26 advisory   true=False cmd=('grep', '~/git/llama.cpp/tools/server/server-task.h') 1.8s
  . rung 0.8 drive-07#t7s26 sham       true=False cmd=('sed', '~/git/llama.cpp/tools/server/server-context.cpp') 1.78s
  . rung 0.6 drive-07#t7s26 control    true=False cmd=('grep', '"STOP_TYPE_\\|enum.*stop_type\\|stop_type"') 1.39s
  . rung 0.6 drive-07#t7s26 imperative true=False cmd=('sed', '~/git/llama.cpp/tools/server/server-context.cpp') 3.59s
  . rung 0.6 drive-07#t7s26 advisory   true=False cmd=('sed', '~/git/llama.cpp/tools/server/server-context.cpp') 2.03s
  . rung 0.6 drive-07#t7s26 sham       true=False cmd=('grep', '~/git/llama.cpp/tools/server/server-task.h') 1.85s
  . rung 0.4 drive-07#t7s26 control    true=False cmd=('grep', '"STOP_TYPE\\|enum.*stop"') 1.75s
  . rung 0.4 drive-07#t7s26 imperative true=False cmd=('grep', '"STOP_TYPE_\\|enum.*stop_type"') 4.14s
  . rung 0.4 drive-07#t7s26 advisory   true=False cmd=('sed', '~/git/llama.cpp/tools/server/server-context.cpp') 1.85s
  . rung 0.4 drive-07#t7s26 sham       true=False cmd=('sed', '~/git/llama.cpp/tools/server/server-context.cpp') 1.96s
  . rung 0.6222 drive-07#t7s26 control    true=False cmd=('sed', '~/git/llama.cpp/tools/server/server-context.cpp') 1.35s
  . rung 0.6222 drive-07#t7s26 imperative true=False cmd=('sed', '~/git/llama.cpp/tools/server/server-context.cpp') 5.27s
  . rung 0.6222 drive-07#t7s26 advisory   true=False cmd=('grep', '~/git/llama.cpp/tools/server/server-task.h') 1.55s
  . rung 0.6222 drive-07#t7s26 sham       true=False cmd=('sed', '~/git/llama.cpp/tools/server/server-context.cpp') 1.78s
  . rung 0.0556 drive-07#t7s26 control    true=False cmd=('sed', '~/git/llama.cpp/tools/server/server-context.cpp') 1.56s
  . rung 0.0556 drive-07#t7s26 imperative true=False cmd=('grep', '"STOP_TYPE_\\|slot.stop"') 3.75s
  . rung 0.0556 drive-07#t7s26 advisory   true=False cmd=('grep', '"STOP_TYPE_\\|enum.*stop_type\\|stop_type"') 2.18s
  . rung 0.0556 drive-07#t7s26 sham       true=False cmd=('sed', '~/git/llama.cpp/tools/server/server-context.cpp') 2.18s
  . rung 1.0 drive-07#t8s12 control    true=False cmd=('sed', '~/git/llama.cpp/tools/server/server-context.cpp') 10.26s
  . rung 1.0 drive-07#t8s12 imperative true=False cmd=('sed', '~/git/llama.cpp/tools/server/server-context.cpp') 3.9s
  . rung 1.0 drive-07#t8s12 advisory   true=False cmd=('sed', '~/git/llama.cpp/tools/server/server-context.cpp') 3.28s
  . rung 1.0 drive-07#t8s12 sham       true=False cmd=('sed', '~/git/llama.cpp/tools/server/server-context.cpp') 3.18s
  . rung 0.8 drive-07#t8s12 control    true=False cmd=('sed', '~/git/llama.cpp/tools/server/server-context.cpp') 2.47s
  . rung 0.8 drive-07#t8s12 imperative true=False cmd=('sed', '~/git/llama.cpp/tools/server/server-context.cpp') 6.48s
  . rung 0.8 drive-07#t8s12 advisory   true=False cmd=('sed', '~/git/llama.cpp/tools/server/server-context.cpp') 4.39s
  . rung 0.8 drive-07#t8s12 sham       true=False cmd=('sed', '~/git/llama.cpp/tools/server/server-context.cpp') 3.17s
  . rung 0.6 drive-07#t8s12 control    true=False cmd=('sed', '~/git/llama.cpp/tools/server/server-context.cpp') 2.4s
  . rung 0.6 drive-07#t8s12 imperative true=False cmd=('sed', '~/git/llama.cpp/tools/server/server-context.cpp') 7.99s
  . rung 0.6 drive-07#t8s12 advisory   true=False cmd=('sed', '~/git/llama.cpp/tools/server/server-context.cpp') 5.8s
  . rung 0.6 drive-07#t8s12 sham       true=False cmd=('grep', '"prompt_save\\|prompt_load\\|slot.*save\\|slot.*restore\\|SERVER_TASK_TYPE_SLOT"') 3.73s
  . rung 0.4 drive-07#t8s12 control    true=False cmd=('sed', '~/git/llama.cpp/tools/server/server-context.cpp') 2.45s
  . rung 0.4 drive-07#t8s12 imperative true=False cmd=('sed', '~/git/llama.cpp/tools/server/server-context.cpp') 6.68s
  . rung 0.4 drive-07#t8s12 advisory   true=False cmd=('sed', '~/git/llama.cpp/tools/server/server-context.cpp') 3.8s
  . rung 0.4 drive-07#t8s12 sham       true=False cmd=('sed', '~/git/llama.cpp/tools/server/server-context.cpp') 2.43s
  . rung 0.6222 drive-07#t8s12 control    true=False cmd=('sed', '~/git/llama.cpp/tools/server/server-context.cpp') 2.28s
  . rung 0.6222 drive-07#t8s12 imperative true=False cmd=('sed', '~/git/llama.cpp/tools/server/server-context.cpp') 7.8s
  . rung 0.6222 drive-07#t8s12 advisory   true=False cmd=('sed', '~/git/llama.cpp/tools/server/server-context.cpp') 3.27s
  . rung 0.6222 drive-07#t8s12 sham       true=False cmd=('sed', '~/git/llama.cpp/tools/server/server-context.cpp') 2.9s
  . rung 0.0556 drive-07#t8s12 control    true=False cmd=('sed', '~/git/llama.cpp/tools/server/server-context.cpp') 2.27s
  . rung 0.0556 drive-07#t8s12 imperative true=False cmd=('sed', '~/git/llama.cpp/tools/server/server-context.cpp') 4.43s
  . rung 0.0556 drive-07#t8s12 advisory   true=False cmd=('sed', '~/git/llama.cpp/tools/server/server-context.cpp') 4.15s
  . rung 0.0556 drive-07#t8s12 sham       true=False cmd=('sed', '~/git/llama.cpp/tools/server/server-context.cpp') 3.04s
  . rung 1.0 drive-07#t8s13 control    true=False cmd=('grep', '"restore.*checkpoint\\|checkpoint.*restore\\|checkpoints.*begin\\|checkpoints.*end\\|it->pos_min\\|it->pos_max"') 4.93s
  . rung 1.0 drive-07#t8s13 imperative true=False cmd=('grep', '~/git/llama.cpp/src/llama.cpp') 2.84s
  . rung 1.0 drive-07#t8s13 advisory   true=False cmd=('grep', '~/git/llama.cpp/src/llama.cpp') 5.05s
  . rung 1.0 drive-07#t8s13 sham       true=False cmd=('sed', '~/git/llama.cpp/tools/server/server-context.cpp') 2.61s
  . rung 0.8 drive-07#t8s13 control    true=False cmd=('sed', '~/git/llama.cpp/tools/server/server-context.cpp') 2.87s
  . rung 0.8 drive-07#t8s13 imperative true=False cmd=('grep', '~/git/llama.cpp/include/llama.h') 2.54s
  . rung 0.8 drive-07#t8s13 advisory   true=False cmd=('grep', '~/git/llama.cpp/src/llama.h') 3.03s
  . rung 0.8 drive-07#t8s13 sham       true=False cmd=('sed', '~/git/llama.cpp/tools/server/server-context.cpp') 2.55s
  . rung 0.6 drive-07#t8s13 control    true=False cmd=('sed', '~/git/llama.cpp/tools/server/server-context.cpp') 2.46s
  . rung 0.6 drive-07#t8s13 imperative true=False cmd=('grep', '~/git/llama.cpp/src/llama.h') 2.38s
  . rung 0.6 drive-07#t8s13 advisory   true=False cmd=('sed', '~/git/llama.cpp/tools/server/server-context.cpp') 4.57s
  . rung 0.6 drive-07#t8s13 sham       true=False cmd=('sed', '~/git/llama.cpp/tools/server/server-context.cpp') 2.9s
  . rung 0.4 drive-07#t8s13 control    true=False cmd=('sed', '~/git/llama.cpp/tools/server/server-context.cpp') 2.64s
  . rung 0.4 drive-07#t8s13 imperative true=False cmd=('grep', '~/git/llama.cpp/llama.cpp') 3.03s
  . rung 0.4 drive-07#t8s13 advisory   true=False cmd=('grep', '~/git/llama.cpp/tools/server/server-context.cpp') 6.46s
  . rung 0.4 drive-07#t8s13 sham       true=False cmd=('sed', '~/git/llama.cpp/tools/server/server-context.cpp') 2.43s
  . rung 0.6222 drive-07#t8s13 control    true=False cmd=('sed', '~/git/llama.cpp/tools/server/server-context.cpp') 2.52s
  . rung 0.6222 drive-07#t8s13 imperative true=False cmd=('grep', '~/git/llama.cpp/include/llama.h') 2.25s
  . rung 0.6222 drive-07#t8s13 advisory   true=False cmd=('grep', '~/git/llama.cpp/src/llama.h') 4.22s
  . rung 0.6222 drive-07#t8s13 sham       true=False cmd=('sed', '~/git/llama.cpp/tools/server/server-context.cpp') 2.91s
  . rung 0.0556 drive-07#t8s13 control    true=False cmd=('sed', '~/git/llama.cpp/tools/server/server-context.cpp') 2.23s
  . rung 0.0556 drive-07#t8s13 imperative true=False cmd=('grep', '~/git/llama.cpp/src/llama.h') 2.49s
  . rung 0.0556 drive-07#t8s13 advisory   true=False cmd=('grep', '~/git/llama.cpp/') 5.64s
  . rung 0.0556 drive-07#t8s13 sham       true=False cmd=('sed', '~/git/llama.cpp/tools/server/server-context.cpp') 3.04s
  . rung 1.0 drive-07#t8s14 control    true=False cmd=('sed', '~/git/llama.cpp/tools/server/server-context.cpp') 4.25s
  . rung 1.0 drive-07#t8s14 imperative true=False cmd=('sed', '~/git/llama.cpp/tools/server/server-context.cpp') 3.53s
  . rung 1.0 drive-07#t8s14 advisory   true=False cmd=('sed', '~/git/llama.cpp/tools/server/server-context.cpp') 7.23s
  . rung 1.0 drive-07#t8s14 sham       true=False cmd=('grep', '~/git/llama.cpp/tools/server/server-context.cpp') 3.62s
  . rung 0.8 drive-07#t8s14 control    true=False cmd=('sed', '~/git/llama.cpp/tools/server/server-context.cpp') 2.53s
  . rung 0.8 drive-07#t8s14 imperative true=False cmd=('sed', '~/git/llama.cpp/tools/server/server-context.cpp') 2.7s
  . rung 0.8 drive-07#t8s14 advisory   true=False cmd=('sed', '~/git/llama.cpp/tools/server/server-context.cpp') 4.49s
  . rung 0.8 drive-07#t8s14 sham       true=False cmd=('sed', '~/git/llama.cpp/tools/server/server-context.cpp') 2.85s
  . rung 0.6 drive-07#t8s14 control    true=False cmd=('sed', '~/git/llama.cpp/tools/server/server-context.cpp') 2.83s
  . rung 0.6 drive-07#t8s14 imperative true=False cmd=('sed', '~/git/llama.cpp/tools/server/server-context.cpp') 15.03s
  . rung 0.6 drive-07#t8s14 advisory   true=False cmd=('sed', '~/git/llama.cpp/tools/server/server-context.cpp') 4.2s
  . rung 0.6 drive-07#t8s14 sham       true=False cmd=('sed', '~/git/llama.cpp/tools/server/server-context.cpp') 3.17s
  . rung 0.4 drive-07#t8s14 control    true=False cmd=('sed', '~/git/llama.cpp/tools/server/server-context.cpp') 2.65s
  . rung 0.4 drive-07#t8s14 imperative true=False cmd=('sed', '~/git/llama.cpp/tools/server/server-context.cpp') 2.93s
  . rung 0.4 drive-07#t8s14 advisory   true=False cmd=('grep', '"slot_save_path\\|slot.*save.*file\\|save.*kv\\|llama_state_seq_get_data_ext\\|llama_state_seq_set_data_ext"') 3.84s
  . rung 0.4 drive-07#t8s14 sham       true=False cmd=('sed', '~/git/llama.cpp/tools/server/server-context.cpp') 2.84s
  . rung 0.6222 drive-07#t8s14 control    true=False cmd=('sed', '~/git/llama.cpp/tools/server/server-context.cpp') 2.95s
  . rung 0.6222 drive-07#t8s14 imperative true=False cmd=('sed', '~/git/llama.cpp/tools/server/server-task.cpp') 2.99s
  . rung 0.6222 drive-07#t8s14 advisory   true=False cmd=('grep', '~/git/llama.cpp/tools/server/server-context.cpp') 3.94s
  . rung 0.6222 drive-07#t8s14 sham       true=False cmd=('sed', '~/git/llama.cpp/tools/server/server-context.cpp') 2.78s
  . rung 0.0556 drive-07#t8s14 control    true=False cmd=('sed', '~/git/llama.cpp/tools/server/server-context.cpp') 2.89s
  . rung 0.0556 drive-07#t8s14 imperative true=False cmd=('sed', '~/git/llama.cpp/tools/server/server-context.cpp') 3.17s
  . rung 0.0556 drive-07#t8s14 advisory   true=False cmd=('sed', '~/git/llama.cpp/tools/server/server-context.cpp') 4.34s
  . rung 0.0556 drive-07#t8s14 sham       true=False cmd=('sed', '~/git/llama.cpp/tools/server/server-context.cpp') 2.79s
  . rung 1.0 drive-08#t10s4 control    true=False cmd=('grep', '~/git/reference/llama.cpp/tools/server/server-task.h') 32.42s
  . rung 1.0 drive-08#t10s4 imperative true=False cmd=('grep', '~/git/reference/beellama.cpp/tools/server/server-task.cpp') 3.76s
  . rung 1.0 drive-08#t10s4 advisory   true=False cmd=('sed', '~/git/reference/beellama.cpp/tools/server/server-context.cpp') 4.88s
  . rung 1.0 drive-08#t10s4 sham       true=False cmd=None 33.07s
  . rung 0.8 drive-08#t10s4 control    true=False cmd=('sed', '~/git/reference/beellama.cpp/tools/server/server-context.cpp') 2.44s
  . rung 0.8 drive-08#t10s4 imperative true=False cmd=('grep', '~/git/reference/beellama.cpp/tools/server/server-task.cpp') 3.82s
  . rung 0.8 drive-08#t10s4 advisory   true=False cmd=('grep', '~/git/reference/beellama.cpp/tools/server/') 3.52s
  . rung 0.8 drive-08#t10s4 sham       true=False cmd=('sed', '~/git/reference/beellama.cpp/tools/server/server-context.cpp') 3.38s
  . rung 0.6 drive-08#t10s4 control    true=False cmd=('sed', '~/git/reference/beellama.cpp/tools/server/server-context.cpp') 2.58s
  . rung 0.6 drive-08#t10s4 imperative true=False cmd=('When', '(`near_prompt_end`).') 30.18s
  . rung 0.6 drive-08#t10s4 advisory   true=False cmd=('grep', '~/git/reference/beellama.cpp/tools/server/server-task.h') 3.84s
  . rung 0.6 drive-08#t10s4 sham       true=False cmd=None 23.05s
  . rung 0.4 drive-08#t10s4 control    true=False cmd=('sed', '~/git/reference/beellama.cpp/tools/server/server-context.cpp') 2.64s
  . rung 0.4 drive-08#t10s4 imperative true=False cmd=('grep', '~/git/reference/beellama.cpp/tools/server/server-task.cpp') 3.69s
  . rung 0.4 drive-08#t10s4 advisory   true=False cmd=('grep', '~/git/reference/beellama.cpp/tools/server/server-task.cpp') 3.2s
  . rung 0.4 drive-08#t10s4 sham       true=False cmd=('grep', '~/git/reference/llama.cpp/tools/server/') 3.05s
  . rung 0.6222 drive-08#t10s4 control    true=False cmd=('grep', '~/git/reference/llama.cpp/tools/server/server-task.h') 2.64s
  . rung 0.6222 drive-08#t10s4 imperative true=False cmd=('grep', '~/git/reference/beellama.cpp/tools/server/') 3.68s
  . rung 0.6222 drive-08#t10s4 advisory   true=False cmd=('grep', '~/git/reference/beellama.cpp/tools/server/server-task.h') 3.45s
  . rung 0.6222 drive-08#t10s4 sham       true=False cmd=('sed', '~/git/reference/beellama.cpp/tools/server/server-context.cpp') 2.77s
  . rung 0.0556 drive-08#t10s4 control    true=False cmd=('grep', '~/git/reference/llama.cpp/tools/server/server-task.h') 1.85s
  . rung 0.0556 drive-08#t10s4 imperative true=False cmd=('grep', '~/git/reference/beellama.cpp/tools/server/') 3.14s
  . rung 0.0556 drive-08#t10s4 advisory   true=False cmd=('grep', '~/git/reference/beellama.cpp/tools/server/') 2.99s
  . rung 0.0556 drive-08#t10s4 sham       true=False cmd=('sed', '~/git/reference/beellama.cpp/tools/server/server-context.cpp') 2.78s
  . rung 1.0 drive-08#t11s16 control    true=False cmd=('diff', '~/git/reference/llama.cpp/tools/server/server-task.h') 28.42s
  . rung 1.0 drive-08#t11s16 imperative true=False cmd=('grep', '~/git/reference/beellama.cpp/tools/server/server-task.h') 5.24s
  . rung 1.0 drive-08#t11s16 advisory   true=False cmd=('diff', '~/git/reference/llama.cpp/tools/server/server-task.h') 4.52s
  . rung 1.0 drive-08#t11s16 sham       true=False cmd=('diff', '~/git/reference/llama.cpp/tools/server/server-task.h') 7.27s
  . rung 0.8 drive-08#t11s16 control    true=False cmd=('diff', '~/git/reference/llama.cpp/tools/server/server-task.h') 4.68s
  . rung 0.8 drive-08#t11s16 imperative true=False cmd=None 6.68s
  . rung 0.8 drive-08#t11s16 advisory   true=False cmd=('diff', '~/git/reference/llama.cpp/tools/server/server-task.h') 8.97s
  . rung 0.8 drive-08#t11s16 sham       true=False cmd=('diff', '~/git/reference/llama.cpp/tools/server/server-task.h') 4.36s
  . rung 0.6 drive-08#t11s16 control    true=False cmd=('diff', '~/git/reference/llama.cpp/tools/server/server-task.h') 4.09s
  . rung 0.6 drive-08#t11s16 imperative true=False cmd=('grep', '"struct.*prompt_checkpoint\\|common_prompt_checkpoint\\|server_prompt_checkpoint"') 5.69s
  . rung 0.6 drive-08#t11s16 advisory   true=False cmd=('diff', '~/git/reference/llama.cpp/tools/server/server-task.h') 6.96s
  . rung 0.6 drive-08#t11s16 sham       true=False cmd=('diff', '~/git/reference/llama.cpp/tools/server/server-task.h') 4.31s
  . rung 0.4 drive-08#t11s16 control    true=False cmd=('diff', '~/git/reference/llama.cpp/tools/server/server-task.h') 4.95s
  . rung 0.4 drive-08#t11s16 imperative true=False cmd=('diff', '~/git/reference/llama.cpp/tools/server/server-task.h') 7.22s
  . rung 0.4 drive-08#t11s16 advisory   true=False cmd=('diff', '~/git/reference/llama.cpp/tools/server/server-task.h') 4.27s
  . rung 0.4 drive-08#t11s16 sham       true=False cmd=('diff', '~/git/reference/llama.cpp/tools/server/server-task.h') 5.57s
  . rung 0.6222 drive-08#t11s16 control    true=False cmd=('diff', '~/git/reference/llama.cpp/tools/server/server-task.h') 3.65s
  . rung 0.6222 drive-08#t11s16 imperative true=False cmd=('diff', '~/git/reference/llama.cpp/tools/server/server-task.h') 9.15s
  . rung 0.6222 drive-08#t11s16 advisory   true=False cmd=('diff', '~/git/reference/llama.cpp/tools/server/server-task.h') 4.34s
  . rung 0.6222 drive-08#t11s16 sham       true=False cmd=('diff', '~/git/reference/llama.cpp/tools/server/server-task.h') 4.12s
  . rung 0.0556 drive-08#t11s16 control    true=False cmd=('diff', '~/git/reference/llama.cpp/tools/server/server-task.h') 7.47s
  . rung 0.0556 drive-08#t11s16 imperative true=False cmd=('diff', '~/git/reference/llama.cpp/tools/server/server-task.h') 9.57s
  . rung 0.0556 drive-08#t11s16 advisory   true=False cmd=('grep', '~/git/reference/llama.cpp/tools/server/server-context.cpp') 5.91s
  . rung 0.0556 drive-08#t11s16 sham       true=False cmd=('diff', '~/git/reference/llama.cpp/tools/server/server-task.h') 3.91s
  . rung 1.0 drive-08#t11s29 control    true=False cmd=('grep', '~/git/reference/beellama.cpp/tools/server/server-context.cpp') 8.13s
  . rung 1.0 drive-08#t11s29 imperative true=False cmd=('grep', '~/git/reference/beellama.cpp/tools/server/server-context.cpp') 15.38s
  . rung 1.0 drive-08#t11s29 advisory   true=False cmd=('grep', '~/git/reference/beellama.cpp/tools/server/server-context.cpp') 2.71s
  . rung 1.0 drive-08#t11s29 sham       true=False cmd=('grep', '~/git/reference/beellama.cpp/tools/server/server-context.cpp') 2.06s
  . rung 0.8 drive-08#t11s29 control    true=False cmd=('grep', '~/git/reference/beellama.cpp/tools/server/server-context.cpp') 2.12s
  . rung 0.8 drive-08#t11s29 imperative true=False cmd=('grep', '~/git/reference/beellama.cpp/tools/server/server-context.cpp') 5.82s
  . rung 0.8 drive-08#t11s29 advisory   true=False cmd=('grep', '~/git/reference/beellama.cpp/tools/server/server-context.cpp') 2.27s
  . rung 0.8 drive-08#t11s29 sham       true=False cmd=('grep', '~/git/reference/beellama.cpp/tools/server/server-context.cpp') 2.33s
  . rung 0.6 drive-08#t11s29 control    true=False cmd=('grep', '~/git/reference/beellama.cpp/tools/server/server-context.cpp') 2.25s
  . rung 0.6 drive-08#t11s29 imperative true=False cmd=('grep', '~/git/reference/beellama.cpp/tools/server/server-context.cpp') 5.91s
  . rung 0.6 drive-08#t11s29 advisory   true=False cmd=('grep', '~/git/reference/beellama.cpp/tools/server/server-context.cpp') 2.68s
  . rung 0.6 drive-08#t11s29 sham       true=False cmd=('grep', '~/git/reference/beellama.cpp/tools/server/server-context.cpp') 2.95s
  . rung 0.4 drive-08#t11s29 control    true=False cmd=('grep', '~/git/reference/beellama.cpp/tools/server/server-context.cpp') 2.23s
  . rung 0.4 drive-08#t11s29 imperative true=False cmd=('cat', '/tmp/diet-ab-note-diet.md') 36.09s
  . rung 0.4 drive-08#t11s29 advisory   true=False cmd=('grep', '~/git/reference/beellama.cpp/tools/server/server-context.cpp') 2.88s
  . rung 0.4 drive-08#t11s29 sham       true=False cmd=('grep', '~/git/reference/beellama.cpp/tools/server/server-context.cpp') 3.06s
  . rung 0.6222 drive-08#t11s29 control    true=False cmd=('grep', '~/git/reference/beellama.cpp/tools/server/server-context.cpp') 2.34s
  . rung 0.6222 drive-08#t11s29 imperative true=False cmd=('grep', '~/git/reference/beellama.cpp/tools/server/server-context.cpp') 14.49s
  . rung 0.6222 drive-08#t11s29 advisory   true=False cmd=('grep', '~/git/reference/beellama.cpp/tools/server/server-context.cpp') 2.25s
  . rung 0.6222 drive-08#t11s29 sham       true=False cmd=('grep', '~/git/reference/beellama.cpp/tools/server/server-context.cpp') 2.3s
  . rung 0.0556 drive-08#t11s29 control    true=False cmd=('grep', '~/git/reference/beellama.cpp/tools/server/server-context.cpp') 2.11s
  . rung 0.0556 drive-08#t11s29 imperative true=False cmd=('grep', '~/git/reference/beellama.cpp/tools/server/server-context.cpp') 6.64s
  . rung 0.0556 drive-08#t11s29 advisory   true=False cmd=('grep', '~/git/reference/beellama.cpp/tools/server/server-context.cpp') 2.37s
  . rung 0.0556 drive-08#t11s29 sham       true=False cmd=('grep', '~/git/reference/beellama.cpp/tools/server/server-context.cpp') 2.2s
  . rung 1.0 drive-08#t2s0 control    true=False cmd=('cat', '~/git/reference/llama.cpp/tools/server/server.cpp') 7.13s
  . rung 1.0 drive-08#t2s0 imperative true=False cmd=('cat', '~/git/reference/llama.cpp/tools/server/server.cpp') 4.07s
  . rung 1.0 drive-08#t2s0 advisory   true=False cmd=('cat', '~/git/reference/llama.cpp/tools/server/server.cpp') 2.07s
  . rung 1.0 drive-08#t2s0 sham       true=False cmd=('cat', '~/git/reference/llama.cpp/tools/server/server.cpp') 1.57s
  . rung 0.8 drive-08#t2s0 control    true=False cmd=('cat', '~/git/reference/llama.cpp/tools/server/server.cpp') 1.37s
  . rung 0.8 drive-08#t2s0 imperative true=False cmd=('cat', '~/git/reference/llama.cpp/tools/server/server.cpp') 3.78s
  . rung 0.8 drive-08#t2s0 advisory   true=False cmd=('cat', '~/git/reference/llama.cpp/tools/server/server.cpp') 1.82s
  . rung 0.8 drive-08#t2s0 sham       true=False cmd=('cat', '~/git/reference/llama.cpp/tools/server/server.cpp') 1.76s
  . rung 0.6 drive-08#t2s0 control    true=False cmd=('cat', '~/git/reference/llama.cpp/tools/server/server.cpp') 1.55s
  . rung 0.6 drive-08#t2s0 imperative true=False cmd=('cat', '~/git/reference/llama.cpp/tools/server/server.cpp') 3.46s
  . rung 0.6 drive-08#t2s0 advisory   true=False cmd=('cat', '~/git/reference/llama.cpp/tools/server/server.cpp') 1.82s
  . rung 0.6 drive-08#t2s0 sham       true=False cmd=('cat', '~/git/reference/llama.cpp/tools/server/server.cpp') 1.52s
  . rung 0.4 drive-08#t2s0 control    true=False cmd=('cat', '~/git/reference/llama.cpp/tools/server/server.cpp') 1.65s
  . rung 0.4 drive-08#t2s0 imperative true=False cmd=('cat', '~/git/reference/llama.cpp/tools/server/server.cpp') 3.77s
  . rung 0.4 drive-08#t2s0 advisory   true=False cmd=('cat', '~/git/reference/llama.cpp/tools/server/server.cpp') 1.83s
  . rung 0.4 drive-08#t2s0 sham       true=False cmd=('cat', '~/git/reference/llama.cpp/tools/server/server.cpp') 1.83s
  . rung 0.6222 drive-08#t2s0 control    true=False cmd=('cat', '~/git/reference/llama.cpp/tools/server/server.cpp') 1.53s
  . rung 0.6222 drive-08#t2s0 imperative true=False cmd=('cat', '~/git/reference/llama.cpp/tools/server/server.cpp') 3.4s
  . rung 0.6222 drive-08#t2s0 advisory   true=False cmd=('cat', '~/git/reference/llama.cpp/tools/server/server.cpp') 2.45s
  . rung 0.6222 drive-08#t2s0 sham       true=False cmd=('cat', '~/git/reference/llama.cpp/tools/server/server.cpp') 1.71s
  . rung 0.0556 drive-08#t2s0 control    true=False cmd=('cat', '~/git/reference/llama.cpp/tools/server/server.cpp') 1.64s
  . rung 0.0556 drive-08#t2s0 imperative true=False cmd=('cat', '~/git/reference/llama.cpp/tools/server/server.cpp') 3.86s
  . rung 0.0556 drive-08#t2s0 advisory   true=False cmd=('cat', '~/git/reference/llama.cpp/tools/server/server.cpp') 1.66s
  . rung 0.0556 drive-08#t2s0 sham       true=False cmd=('cat', '~/git/reference/llama.cpp/tools/server/server.cpp') 1.85s
  . rung 1.0 drive-08#t5s13 control    true=False cmd=('sed', '~/git/reference/llama.cpp/common/chat-auto-parser-helpers.cpp') 13.21s
  . rung 1.0 drive-08#t5s13 imperative true=False cmd=('sed', '~/git/reference/llama.cpp/common/chat.cpp') 9.85s
  . rung 1.0 drive-08#t5s13 advisory   true=False cmd=('sed', '~/git/reference/llama.cpp/common/chat-auto-parser-helpers.cpp') 2.09s
  . rung 1.0 drive-08#t5s13 sham       true=False cmd=('sed', '~/git/reference/llama.cpp/common/chat-auto-parser-helpers.cpp') 1.8s
  . rung 0.8 drive-08#t5s13 control    true=False cmd=('sed', '~/git/reference/llama.cpp/common/chat-auto-parser-helpers.cpp') 1.38s
  . rung 0.8 drive-08#t5s13 imperative true=False cmd=('sed', '~/git/reference/llama.cpp/common/chat-auto-parser-helpers.cpp') 14.83s
  . rung 0.8 drive-08#t5s13 advisory   true=False cmd=('sed', '~/git/reference/llama.cpp/common/chat-auto-parser-helpers.cpp') 1.67s
  . rung 0.8 drive-08#t5s13 sham       true=False cmd=('sed', '~/git/reference/llama.cpp/common/chat-auto-parser-helpers.cpp') 1.95s
  . rung 0.6 drive-08#t5s13 control    true=False cmd=('sed', '~/git/reference/llama.cpp/common/chat-auto-parser-helpers.cpp') 1.69s
  . rung 0.6 drive-08#t5s13 imperative true=False cmd=('sed', '~/git/reference/llama.cpp/common/chat.cpp') 10.19s
  . rung 0.6 drive-08#t5s13 advisory   true=False cmd=('sed', '~/git/reference/llama.cpp/common/chat-auto-parser-helpers.cpp') 1.89s
  . rung 0.6 drive-08#t5s13 sham       true=False cmd=('sed', '~/git/reference/llama.cpp/common/chat-auto-parser-helpers.cpp') 1.84s
  . rung 0.4 drive-08#t5s13 control    true=False cmd=('sed', '~/git/reference/llama.cpp/common/chat-auto-parser-helpers.cpp') 1.21s
  . rung 0.4 drive-08#t5s13 imperative true=False cmd=('sed', '~/git/reference/llama.cpp/common/chat-auto-parser-helpers.cpp') 10.71s
  . rung 0.4 drive-08#t5s13 advisory   true=False cmd=('sed', '~/git/reference/llama.cpp/common/chat-auto-parser-helpers.cpp') 1.76s
  . rung 0.4 drive-08#t5s13 sham       true=False cmd=('sed', '~/git/reference/llama.cpp/common/chat-auto-parser-helpers.cpp') 1.92s
  . rung 0.6222 drive-08#t5s13 control    true=False cmd=('sed', '~/git/reference/llama.cpp/common/chat-auto-parser-helpers.cpp') 1.21s
  . rung 0.6222 drive-08#t5s13 imperative true=False cmd=('sed', '~/git/reference/llama.cpp/common/chat-auto-parser-helpers.cpp') 13.54s
  . rung 0.6222 drive-08#t5s13 advisory   true=False cmd=('sed', '~/git/reference/llama.cpp/common/chat-auto-parser-helpers.cpp') 1.76s
  . rung 0.6222 drive-08#t5s13 sham       true=False cmd=('sed', '~/git/reference/llama.cpp/common/chat-auto-parser-helpers.cpp') 1.66s
  . rung 0.0556 drive-08#t5s13 control    true=False cmd=('sed', '~/git/reference/llama.cpp/common/chat-auto-parser-helpers.cpp') 1.48s
  . rung 0.0556 drive-08#t5s13 imperative true=False cmd=('sed', '~/git/reference/llama.cpp/common/chat-auto-parser-helpers.cpp') 14.33s
  . rung 0.0556 drive-08#t5s13 advisory   true=False cmd=('sed', '~/git/reference/llama.cpp/common/chat-auto-parser-helpers.cpp') 1.81s
  . rung 0.0556 drive-08#t5s13 sham       true=False cmd=('sed', '~/git/reference/llama.cpp/common/chat-auto-parser-helpers.cpp') 1.87s
  . rung 1.0 drive-08#t5s15 control    true=False cmd=('sed', '~/git/reference/llama.cpp/common/chat.cpp') 2.97s
  . rung 1.0 drive-08#t5s15 imperative true=False cmd=('sed', '~/git/reference/llama.cpp/common/chat.cpp') 3.04s
  . rung 1.0 drive-08#t5s15 advisory   true=False cmd=('sed', '~/git/reference/llama.cpp/common/chat.cpp') 2.11s
  . rung 1.0 drive-08#t5s15 sham       true=False cmd=('sed', '~/git/reference/llama.cpp/common/chat.cpp') 2.28s
  . rung 0.8 drive-08#t5s15 control    true=False cmd=('sed', '~/git/reference/llama.cpp/common/chat.cpp') 2.08s
  . rung 0.8 drive-08#t5s15 imperative true=False cmd=('sed', '~/git/reference/llama.cpp/common/chat.cpp') 2.85s
  . rung 0.8 drive-08#t5s15 advisory   true=False cmd=('sed', '~/git/reference/llama.cpp/common/chat.cpp') 2.18s
  . rung 0.8 drive-08#t5s15 sham       true=False cmd=('sed', '~/git/reference/llama.cpp/common/chat.cpp') 2.45s
  . rung 0.6 drive-08#t5s15 control    true=False cmd=('sed', '~/git/reference/llama.cpp/common/chat.cpp') 2.37s
  . rung 0.6 drive-08#t5s15 imperative true=False cmd=('sed', '~/git/reference/llama.cpp/common/chat.cpp') 2.46s
  . rung 0.6 drive-08#t5s15 advisory   true=False cmd=('sed', '~/git/reference/llama.cpp/common/chat.cpp') 2.17s
  . rung 0.6 drive-08#t5s15 sham       true=False cmd=('sed', '~/git/reference/llama.cpp/common/chat.cpp') 2.57s
  . rung 0.4 drive-08#t5s15 control    true=False cmd=('sed', '~/git/reference/llama.cpp/common/chat.cpp') 2.26s
  . rung 0.4 drive-08#t5s15 imperative true=False cmd=('sed', '~/git/reference/llama.cpp/common/chat.cpp') 3.26s
  . rung 0.4 drive-08#t5s15 advisory   true=False cmd=('sed', '~/git/reference/llama.cpp/common/chat.cpp') 2.51s
  . rung 0.4 drive-08#t5s15 sham       true=False cmd=('sed', '~/git/reference/llama.cpp/common/chat.cpp') 1.96s
  . rung 0.6222 drive-08#t5s15 control    true=False cmd=('sed', '~/git/reference/llama.cpp/common/chat.cpp') 2.24s
  . rung 0.6222 drive-08#t5s15 imperative true=False cmd=('sed', '~/git/reference/llama.cpp/common/chat.cpp') 5.82s
  . rung 0.6222 drive-08#t5s15 advisory   true=False cmd=('sed', '~/git/reference/llama.cpp/common/chat.cpp') 2.21s
  . rung 0.6222 drive-08#t5s15 sham       true=False cmd=('sed', '~/git/reference/llama.cpp/common/chat.cpp') 1.92s
  . rung 0.0556 drive-08#t5s15 control    true=False cmd=('sed', '~/git/reference/llama.cpp/common/chat.cpp') 2.19s
  . rung 0.0556 drive-08#t5s15 imperative true=False cmd=('sed', '~/git/reference/llama.cpp/common/chat.cpp') 2.83s
  . rung 0.0556 drive-08#t5s15 advisory   true=False cmd=('sed', '~/git/reference/llama.cpp/common/chat.cpp') 2.17s
  . rung 0.0556 drive-08#t5s15 sham       true=False cmd=('sed', '~/git/reference/llama.cpp/common/chat.cpp') 2.16s
  . rung 1.0 drive-08#t5s5 control    true=False cmd=('sed', '~/git/reference/llama.cpp/common/chat.cpp') 9.1s
  . rung 1.0 drive-08#t5s5 imperative true=False cmd=('sed', '~/git/reference/llama.cpp/common/chat.cpp') 3.76s
  . rung 1.0 drive-08#t5s5 advisory   true=False cmd=('sed', '~/git/reference/llama.cpp/common/chat.cpp') 2.09s
  . rung 1.0 drive-08#t5s5 sham       true=False cmd=('sed', '~/git/reference/llama.cpp/common/chat.cpp') 2.29s
  . rung 0.8 drive-08#t5s5 control    true=False cmd=('sed', '~/git/reference/llama.cpp/common/chat.cpp') 2.62s
  . rung 0.8 drive-08#t5s5 imperative true=False cmd=('sed', '~/git/reference/llama.cpp/common/chat.cpp') 4.38s
  . rung 0.8 drive-08#t5s5 advisory   true=False cmd=('sed', '~/git/reference/llama.cpp/common/chat.cpp') 2.04s
  . rung 0.8 drive-08#t5s5 sham       true=False cmd=('sed', '~/git/reference/llama.cpp/common/chat.cpp') 2.25s
  . rung 0.6 drive-08#t5s5 control    true=False cmd=('sed', '~/git/reference/llama.cpp/common/chat.cpp') 2.41s
  . rung 0.6 drive-08#t5s5 imperative true=False cmd=('sed', '~/git/reference/llama.cpp/common/chat.cpp') 5.22s
  . rung 0.6 drive-08#t5s5 advisory   true=False cmd=('sed', '~/git/reference/llama.cpp/common/chat.cpp') 2.0s
  . rung 0.6 drive-08#t5s5 sham       true=False cmd=('sed', '~/git/reference/llama.cpp/common/chat.cpp') 2.32s
  . rung 0.4 drive-08#t5s5 control    true=False cmd=('sed', '~/git/reference/llama.cpp/common/chat.cpp') 2.26s
  . rung 0.4 drive-08#t5s5 imperative true=False cmd=('sed', '~/git/reference/llama.cpp/common/chat.cpp') 3.09s
  . rung 0.4 drive-08#t5s5 advisory   true=False cmd=('sed', '~/git/reference/llama.cpp/common/chat.cpp') 2.11s
  . rung 0.4 drive-08#t5s5 sham       true=False cmd=('sed', '~/git/reference/llama.cpp/common/chat.cpp') 2.31s
  . rung 0.6222 drive-08#t5s5 control    true=False cmd=('sed', '~/git/reference/llama.cpp/common/chat.cpp') 2.03s
  . rung 0.6222 drive-08#t5s5 imperative true=False cmd=('sed', '~/git/reference/llama.cpp/common/chat.cpp') 5.23s
  . rung 0.6222 drive-08#t5s5 advisory   true=False cmd=('sed', '~/git/reference/llama.cpp/common/chat.cpp') 2.01s
  . rung 0.6222 drive-08#t5s5 sham       true=False cmd=('sed', '~/git/reference/llama.cpp/common/chat.cpp') 2.48s
  . rung 0.0556 drive-08#t5s5 control    true=False cmd=('sed', '~/git/reference/llama.cpp/common/chat.cpp') 2.26s
  . rung 0.0556 drive-08#t5s5 imperative true=False cmd=('sed', '~/git/reference/llama.cpp/common/chat.cpp') 3.54s
  . rung 0.0556 drive-08#t5s5 advisory   true=False cmd=('sed', '~/git/reference/llama.cpp/common/chat.cpp') 2.11s
  . rung 0.0556 drive-08#t5s5 sham       true=False cmd=('sed', '~/git/reference/llama.cpp/common/chat.cpp') 2.54s
  . rung 1.0 drive-08#t5s6 control    true=False cmd=('grep', '~/git/reference/llama.cpp/common/chat.cpp') 5.96s
  . rung 1.0 drive-08#t5s6 imperative true=False cmd=('sed', '~/git/reference/llama.cpp/common/chat.cpp') 4.42s
  . rung 1.0 drive-08#t5s6 advisory   true=False cmd=('grep', '~/git/reference/llama.cpp/common/chat.cpp') 4.05s
  . rung 1.0 drive-08#t5s6 sham       true=False cmd=('grep', '~/git/reference/llama.cpp/common/') 4.06s
  . rung 0.8 drive-08#t5s6 control    true=False cmd=('sed', '~/git/reference/llama.cpp/common/chat.cpp') 3.53s
  . rung 0.8 drive-08#t5s6 imperative true=False cmd=('sed', '~/git/reference/llama.cpp/common/chat.cpp') 3.22s
  . rung 0.8 drive-08#t5s6 advisory   true=False cmd=('grep', '~/git/reference/llama.cpp/common/') 4.17s
  . rung 0.8 drive-08#t5s6 sham       true=False cmd=('grep', '~/git/reference/llama.cpp/common/chat.cpp') 4.78s
  . rung 0.6 drive-08#t5s6 control    true=False cmd=('grep', '~/git/reference/llama.cpp/common/chat.cpp') 5.25s
  . rung 0.6 drive-08#t5s6 imperative true=False cmd=('sed', '~/git/reference/llama.cpp/common/chat.cpp') 2.42s
  . rung 0.6 drive-08#t5s6 advisory   true=False cmd=('grep', '~/git/reference/llama.cpp/common/chat.cpp') 4.91s
  . rung 0.6 drive-08#t5s6 sham       true=False cmd=('grep', '~/git/reference/llama.cpp/common/') 4.21s
  . rung 0.4 drive-08#t5s6 control    true=False cmd=('grep', '~/git/reference/llama.cpp/common/chat.cpp') 4.71s
  . rung 0.4 drive-08#t5s6 imperative true=False cmd=('sed', '~/git/reference/llama.cpp/common/chat.cpp') 3.67s
  . rung 0.4 drive-08#t5s6 advisory   true=False cmd=('grep', '~/git/reference/llama.cpp/common/chat.cpp') 3.51s
  . rung 0.4 drive-08#t5s6 sham       true=False cmd=('grep', '~/git/reference/llama.cpp/common/') 4.52s
  . rung 0.6222 drive-08#t5s6 control    true=False cmd=('grep', '~/git/reference/llama.cpp/common/chat.cpp') 3.66s
  . rung 0.6222 drive-08#t5s6 imperative true=False cmd=('sed', '~/git/reference/llama.cpp/common/chat.cpp') 3.22s
  . rung 0.6222 drive-08#t5s6 advisory   true=False cmd=('sed', '~/git/reference/llama.cpp/common/chat.cpp') 4.37s
  . rung 0.6222 drive-08#t5s6 sham       true=False cmd=('grep', '~/git/reference/llama.cpp/common/chat.cpp') 4.21s
  . rung 0.0556 drive-08#t5s6 control    true=False cmd=('grep', '~/git/reference/llama.cpp/common/chat.cpp') 4.15s
  . rung 0.0556 drive-08#t5s6 imperative true=False cmd=('sed', '~/git/reference/llama.cpp/common/chat.cpp') 3.3s
  . rung 0.0556 drive-08#t5s6 advisory   true=False cmd=('sed', '~/git/reference/llama.cpp/common/chat.cpp') 4.18s
  . rung 0.0556 drive-08#t5s6 sham       true=False cmd=('sed', '~/git/reference/llama.cpp/common/chat.cpp') 3.83s
  . rung 1.0 drive-08#t7s24 control    true=False cmd=('grep', '"res->next\\|content_type.*event-stream\\|text/event-stream"') 21.71s
  . rung 1.0 drive-08#t7s24 imperative true=False cmd=('grep', '"res->next\\|\\.next\\("') 3.17s
  . rung 1.0 drive-08#t7s24 advisory   true=False cmd=('grep', '"res->next\\|\\.next\\|content_type.*event-stream\\|text/event-stream"') 3.11s
  . rung 1.0 drive-08#t7s24 sham       true=False cmd=('grep', '~/git/reference/llama.cpp/tools/server/server-task.h') 3.11s
  . rung 0.8 drive-08#t7s24 control    true=False cmd=('grep', '~/git/reference/llama.cpp/tools/server/server-task.h') 3.68s
  . rung 0.8 drive-08#t7s24 imperative true=False cmd=('grep', '"res->next\\|\\.next\\("') 2.68s
  . rung 0.8 drive-08#t7s24 advisory   true=False cmd=('grep', '"res->next\\|\\.next\\|content_provider\\|next_chunk"') 2.94s
  . rung 0.8 drive-08#t7s24 sham       true=False cmd=('grep', '~/git/reference/llama.cpp/tools/server/server-task.h') 3.74s
  . rung 0.6 drive-08#t7s24 control    true=False cmd=('sed', '~/git/reference/llama.cpp/tools/server/server-context.cpp') 3.08s
  . rung 0.6 drive-08#t7s24 imperative true=False cmd=('grep', '"res->next\\|\\.next("') 2.91s
  . rung 0.6 drive-08#t7s24 advisory   true=False cmd=('grep', '"res->next\\|\\.next("') 2.97s
  . rung 0.6 drive-08#t7s24 sham       true=False cmd=('-', '7.') 34.42s
  . rung 0.4 drive-08#t7s24 control    true=False cmd=('grep', '~/git/reference/llama.cpp/tools/server/server-task.cpp') 2.98s
  . rung 0.4 drive-08#t7s24 imperative true=False cmd=('grep', '"res->next\\|\\.next\\("') 4.03s
  . rung 0.4 drive-08#t7s24 advisory   true=False cmd=('grep', '"res->next\\|\\.next\\|content_provider\\|next_chunk"') 2.57s
  . rung 0.4 drive-08#t7s24 sham       true=False cmd=('grep', '~/git/reference/llama.cpp/tools/server/server-task.cpp') 3.77s
  . rung 0.6222 drive-08#t7s24 control    true=False cmd=('grep', '~/git/reference/llama.cpp/tools/server/server-common.cpp') 3.08s
  . rung 0.6222 drive-08#t7s24 imperative true=False cmd=('grep', '"res->next\\|\\.next\\b\\|content_provider\\|next_chunk"') 3.39s
  . rung 0.6222 drive-08#t7s24 advisory   true=False cmd=('grep', '"res->next\\|\\.next\\|content_provider\\|server_http_res"') 2.51s
  . rung 0.6222 drive-08#t7s24 sham       true=False cmd=('grep', '~/git/reference/llama.cpp/tools/server/server-task.cpp') 3.05s
  . rung 0.0556 drive-08#t7s24 control    true=False cmd=('sed', '~/git/reference/llama.cpp/tools/server/server-context.cpp') 3.03s
  . rung 0.0556 drive-08#t7s24 imperative true=False cmd=('grep', '"res->next\\|\\.next\\|content_provider\\|send_chunk\\|write_some\\|flush"') 2.99s
  . rung 0.0556 drive-08#t7s24 advisory   true=False cmd=('grep', '"res->next\\|\\.next\\|content_provider\\|next_chunk"') 3.15s
  . rung 0.0556 drive-08#t7s24 sham       true=False cmd=('grep', '~/git/reference/llama.cpp/tools/server/server-task.cpp') 2.88s
  . rung 1.0 drive-08#t8s14 control    true=False cmd=('sed', '~/git/reference/llama.cpp/tools/server/server-task.cpp') 14.96s
  . rung 1.0 drive-08#t8s14 imperative true=False cmd=('sed', '~/git/reference/llama.cpp/tools/server/server-task.cpp') 3.42s
  . rung 1.0 drive-08#t8s14 advisory   true=False cmd=('sed', '~/git/reference/llama.cpp/tools/server/server-task.cpp') 3.08s
  . rung 1.0 drive-08#t8s14 sham       true=False cmd=('sed', '~/git/reference/llama.cpp/tools/server/server-task.cpp') 2.73s
  . rung 0.8 drive-08#t8s14 control    true=False cmd=('sed', '~/git/reference/llama.cpp/tools/server/server-task.cpp') 2.13s
  . rung 0.8 drive-08#t8s14 imperative true=False cmd=('grep', '~/git/reference/llama.cpp/tools/server/server-task.h') 5.28s
  . rung 0.8 drive-08#t8s14 advisory   true=False cmd=('sed', '~/git/reference/llama.cpp/tools/server/server-task.cpp') 3.03s
  . rung 0.8 drive-08#t8s14 sham       true=False cmd=('sed', '~/git/reference/llama.cpp/tools/server/server-task.cpp') 3.66s
  . rung 0.6 drive-08#t8s14 control    true=False cmd=('sed', '~/git/reference/llama.cpp/tools/server/server-task.cpp') 1.85s
  . rung 0.6 drive-08#t8s14 imperative true=False cmd=('sed', '~/git/reference/llama.cpp/tools/server/server-task.cpp') 3.13s
  . rung 0.6 drive-08#t8s14 advisory   true=False cmd=('sed', '~/git/reference/llama.cpp/tools/server/server-task.cpp') 2.35s
  . rung 0.6 drive-08#t8s14 sham       true=False cmd=('sed', '~/git/reference/llama.cpp/tools/server/server-task.cpp') 2.09s
  . rung 0.4 drive-08#t8s14 control    true=False cmd=('sed', '~/git/reference/llama.cpp/tools/server/server-task.cpp') 1.82s
  . rung 0.4 drive-08#t8s14 imperative true=False cmd=('sed', '~/git/reference/llama.cpp/tools/server/server-task.cpp') 3.18s
  . rung 0.4 drive-08#t8s14 advisory   true=False cmd=('sed', '~/git/reference/llama.cpp/tools/server/server-task.cpp') 3.23s
  . rung 0.4 drive-08#t8s14 sham       true=False cmd=('sed', '~/git/reference/llama.cpp/tools/server/server-task.cpp') 3.65s
  . rung 0.6222 drive-08#t8s14 control    true=False cmd=('sed', '~/git/reference/llama.cpp/tools/server/server-task.cpp') 2.0s
  . rung 0.6222 drive-08#t8s14 imperative true=False cmd=('sed', '~/git/reference/llama.cpp/tools/server/server-task.cpp') 3.01s
  . rung 0.6222 drive-08#t8s14 advisory   true=False cmd=('sed', '~/git/reference/llama.cpp/tools/server/server-task.cpp') 2.89s
  . rung 0.6222 drive-08#t8s14 sham       true=False cmd=('sed', '~/git/reference/llama.cpp/tools/server/server-task.cpp') 3.66s
  . rung 0.0556 drive-08#t8s14 control    true=False cmd=('sed', '~/git/reference/llama.cpp/tools/server/server-task.cpp') 1.93s
  . rung 0.0556 drive-08#t8s14 imperative true=False cmd=('grep', '"path_prompt_cache\\|prompt_cache_all\\|prompt_cache_ro\\|prompt_cache.*file\\|prompt_cache.*persist\\|prompt_cache.*save\\|prompt_cache.*load"') 10.81s
  . rung 0.0556 drive-08#t8s14 advisory   true=False cmd=('sed', '~/git/reference/llama.cpp/tools/server/server-task.cpp') 3.07s
  . rung 0.0556 drive-08#t8s14 sham       true=False cmd=('sed', '~/git/reference/llama.cpp/tools/server/server-task.cpp') 2.48s
  . rung 1.0 drive-08#t8s15 control    true=False cmd=('sed', '~/git/reference/llama.cpp/tools/server/server-context.cpp') 4.32s
  . rung 1.0 drive-08#t8s15 imperative true=False cmd=('grep', '~/git/reference/llama.cpp/tools/server/server-context.cpp') 3.66s
  . rung 1.0 drive-08#t8s15 advisory   true=False cmd=('sed', '~/git/reference/llama.cpp/tools/server/server-context.cpp') 4.56s
  . rung 1.0 drive-08#t8s15 sham       true=False cmd=('sed', '~/git/reference/llama.cpp/tools/server/server-context.cpp') 4.02s
  . rung 0.8 drive-08#t8s15 control    true=False cmd=('sed', '~/git/reference/llama.cpp/tools/server/server-context.cpp') 3.21s
  . rung 0.8 drive-08#t8s15 imperative true=False cmd=None 19.7s
  . rung 0.8 drive-08#t8s15 advisory   true=False cmd=('grep', '~/git/reference/llama.cpp/tools/server/') 6.18s
  . rung 0.8 drive-08#t8s15 sham       true=False cmd=('grep', '~/git/reference/llama.cpp/tools/server/server.cpp') 4.51s
  . rung 0.6 drive-08#t8s15 control    true=False cmd=('sed', '~/git/reference/llama.cpp/tools/server/server-context.cpp') 2.91s
  . rung 0.6 drive-08#t8s15 imperative true=False cmd=('-', '2366-2370).') 49.86s
  . rung 0.6 drive-08#t8s15 advisory   true=False cmd=('sed', '~/git/reference/llama.cpp/tools/server/server-task.cpp') 3.7s
  . rung 0.6 drive-08#t8s15 sham       true=False cmd=('sed', '~/git/reference/llama.cpp/tools/server/server-task.cpp') 3.0s
  . rung 0.4 drive-08#t8s15 control    true=False cmd=('sed', '~/git/reference/llama.cpp/tools/server/server-context.cpp') 3.32s
  . rung 0.4 drive-08#t8s15 imperative true=False cmd=('sed', '~/git/reference/llama.cpp/tools/server/server-context.cpp') 3.59s
  . rung 0.4 drive-08#t8s15 advisory   true=False cmd=('sed', '~/git/reference/llama.cpp/tools/server/server-context.cpp') 3.9s
  . rung 0.4 drive-08#t8s15 sham       true=False cmd=('sed', '~/git/reference/llama.cpp/tools/server/server-task.cpp') 8.08s
  . rung 0.6222 drive-08#t8s15 control    true=False cmd=('sed', '~/git/reference/llama.cpp/tools/server/server-task.cpp') 2.81s
  . rung 0.6222 drive-08#t8s15 imperative true=False cmd=('sed', '~/git/reference/llama.cpp/tools/server/server-task.cpp') 17.57s
  . rung 0.6222 drive-08#t8s15 advisory   true=False cmd=('sed', '~/git/reference/llama.cpp/tools/server/server-context.cpp') 4.26s
  . rung 0.6222 drive-08#t8s15 sham       true=False cmd=None 5.4s
  . rung 0.0556 drive-08#t8s15 control    true=False cmd=('grep', '~/git/reference/llama.cpp/tools/server/server.cpp') 4.07s
  . rung 0.0556 drive-08#t8s15 imperative true=False cmd=('sed', '~/git/reference/llama.cpp/tools/server/server-context.cpp') 6.2s
  . rung 0.0556 drive-08#t8s15 advisory   true=False cmd=('sed', '~/git/reference/llama.cpp/tools/server/server-context.cpp') 6.86s
  . rung 0.0556 drive-08#t8s15 sham       true=False cmd=('sed', '~/git/reference/llama.cpp/tools/server/server-task.cpp') 3.61s
  . rung 1.0 drive-08#t8s17 control    true=False cmd=('sed', '~/git/reference/llama.cpp/tools/server/server-context.cpp') 2.78s
  . rung 1.0 drive-08#t8s17 imperative true=False cmd=('sed', '~/git/reference/llama.cpp/tools/server/server-context.cpp') 6.1s
  . rung 1.0 drive-08#t8s17 advisory   true=False cmd=('sed', '~/git/reference/llama.cpp/tools/server/server-context.cpp') 2.14s
  . rung 1.0 drive-08#t8s17 sham       true=False cmd=('sed', '~/git/reference/llama.cpp/tools/server/server-context.cpp') 3.3s
  . rung 0.8 drive-08#t8s17 control    true=False cmd=('sed', '~/git/reference/llama.cpp/tools/server/server-context.cpp') 1.28s
  . rung 0.8 drive-08#t8s17 imperative true=False cmd=('sed', '~/git/reference/llama.cpp/tools/server/server-context.cpp') 9.44s
  . rung 0.8 drive-08#t8s17 advisory   true=False cmd=('sed', '~/git/reference/llama.cpp/tools/server/server-context.cpp') 2.58s
  . rung 0.8 drive-08#t8s17 sham       true=False cmd=('grep', '~/git/reference/llama.cpp/docs/compaction-model.md') 2.87s
  . rung 0.6 drive-08#t8s17 control    true=False cmd=('sed', '~/git/reference/llama.cpp/tools/server/server-context.cpp') 1.28s
  . rung 0.6 drive-08#t8s17 imperative true=False cmd=('sed', '~/git/reference/llama.cpp/tools/server/server-context.cpp') 6.82s
  . rung 0.6 drive-08#t8s17 advisory   true=False cmd=('sed', '~/git/reference/llama.cpp/tools/server/server-context.cpp') 2.87s
  . rung 0.6 drive-08#t8s17 sham       true=False cmd=('sed', '~/git/reference/llama.cpp/tools/server/server-context.cpp') 1.59s
  . rung 0.4 drive-08#t8s17 control    true=False cmd=('sed', '~/git/reference/llama.cpp/tools/server/server-context.cpp') 1.28s
  . rung 0.4 drive-08#t8s17 imperative true=False cmd=('sed', '~/git/reference/llama.cpp/tools/server/server-context.cpp') 9.8s
  . rung 0.4 drive-08#t8s17 advisory   true=False cmd=('sed', '~/git/reference/llama.cpp/tools/server/server-context.cpp') 1.89s
  . rung 0.4 drive-08#t8s17 sham       true=False cmd=('sed', '~/git/reference/llama.cpp/tools/server/server-context.cpp') 1.69s
  . rung 0.6222 drive-08#t8s17 control    true=False cmd=('sed', '~/git/reference/llama.cpp/tools/server/server-context.cpp') 1.7s
  . rung 0.6222 drive-08#t8s17 imperative true=False cmd=('sed', '~/git/reference/llama.cpp/tools/server/server-context.cpp') 5.8s
  . rung 0.6222 drive-08#t8s17 advisory   true=False cmd=('sed', '~/git/reference/llama.cpp/tools/server/server-context.cpp') 3.18s
  . rung 0.6222 drive-08#t8s17 sham       true=False cmd=('sed', '~/git/reference/llama.cpp/tools/server/server-context.cpp') 3.73s
  . rung 0.0556 drive-08#t8s17 control    true=False cmd=('sed', '~/git/reference/llama.cpp/tools/server/server-context.cpp') 1.4s
  . rung 0.0556 drive-08#t8s17 imperative true=False cmd=('sed', '~/git/reference/llama.cpp/tools/server/server-context.cpp') 5.31s
  . rung 0.0556 drive-08#t8s17 advisory   true=False cmd=('sed', '~/git/reference/llama.cpp/tools/server/server-context.cpp') 2.39s
  . rung 0.0556 drive-08#t8s17 sham       true=False cmd=('sed', '~/git/reference/llama.cpp/tools/server/server-context.cpp') 3.49s
  . rung 1.0 drive-08#t8s18 control    true=False cmd=('sed', '~/git/reference/llama.cpp/tools/server/server-context.cpp') 3.62s
  . rung 1.0 drive-08#t8s18 imperative true=False cmd=('sed', '~/git/reference/llama.cpp/tools/server/server-context.cpp') 9.63s
  . rung 1.0 drive-08#t8s18 advisory   true=False cmd=('sed', '~/git/reference/llama.cpp/tools/server/server-context.cpp') 3.22s
  . rung 1.0 drive-08#t8s18 sham       true=False cmd=('sed', '~/git/reference/llama.cpp/tools/server/server-context.cpp') 2.97s
  . rung 0.8 drive-08#t8s18 control    true=False cmd=('sed', '~/git/reference/llama.cpp/tools/server/server-context.cpp') 3.2s
  . rung 0.8 drive-08#t8s18 imperative true=False cmd=('grep', '"slot_save_path\\|/slots/save\\|/slots/restore\\|/slots/erase"') 39.87s
  . rung 0.8 drive-08#t8s18 advisory   true=False cmd=('sed', '~/git/reference/llama.cpp/tools/server/server-context.cpp') 3.99s
  . rung 0.8 drive-08#t8s18 sham       true=False cmd=('sed', '~/git/reference/llama.cpp/tools/server/server-context.cpp') 3.32s
  . rung 0.6 drive-08#t8s18 control    true=False cmd=('sed', '~/git/reference/llama.cpp/tools/server/server-context.cpp') 3.43s
  . rung 0.6 drive-08#t8s18 imperative true=False cmd=('sed', '~/git/reference/llama.cpp/tools/server/server-context.cpp') 17.61s
  . rung 0.6 drive-08#t8s18 advisory   true=False cmd=('sed', '~/git/reference/llama.cpp/tools/server/server-context.cpp') 4.94s
  . rung 0.6 drive-08#t8s18 sham       true=False cmd=('sed', '~/git/reference/llama.cpp/tools/server/server-context.cpp') 3.72s
  . rung 0.4 drive-08#t8s18 control    true=False cmd=('sed', '~/git/reference/llama.cpp/tools/server/server-context.cpp') 3.26s
  . rung 0.4 drive-08#t8s18 imperative true=False cmd=('echo', 'updated."') 15.8s
  . rung 0.4 drive-08#t8s18 advisory   true=False cmd=('sed', '~/git/reference/llama.cpp/tools/server/server-context.cpp') 4.52s
  . rung 0.4 drive-08#t8s18 sham       true=False cmd=('grep', '~/git/reference/llama.cpp/common/arg.cpp') 6.38s
  . rung 0.6222 drive-08#t8s18 control    true=False cmd=('sed', '~/git/reference/llama.cpp/tools/server/server-context.cpp') 3.13s
  . rung 0.6222 drive-08#t8s18 imperative true=False cmd=('grep', '~/git/reference/llama.cpp/tools/server/server-context.cpp') 13.61s
  . rung 0.6222 drive-08#t8s18 advisory   true=False cmd=('grep', '~/git/reference/llama.cpp/tools/server/server-context.cpp') 10.29s
  . rung 0.6222 drive-08#t8s18 sham       true=False cmd=('sed', '~/git/reference/llama.cpp/tools/server/server-context.cpp') 3.57s
  . rung 0.0556 drive-08#t8s18 control    true=False cmd=('sed', '~/git/reference/llama.cpp/tools/server/server-context.cpp') 3.37s
  . rung 0.0556 drive-08#t8s18 imperative true=False cmd=('grep', '"content_type\\|content_provider\\|next.*callback\\|res->next\\|http_res\\|server_http_res"') 4.44s
  . rung 0.0556 drive-08#t8s18 advisory   true=False cmd=('sed', '~/git/reference/llama.cpp/tools/server/server-context.cpp') 5.24s
  . rung 0.0556 drive-08#t8s18 sham       true=False cmd=('sed', '~/git/reference/llama.cpp/tools/server/server-context.cpp') 3.58s
  . rung 1.0 drive-08#t8s3 control    true=False cmd=('sed', '~/git/reference/llama.cpp/tools/server/server-context.cpp') 9.92s
  . rung 1.0 drive-08#t8s3 imperative true=False cmd=('sed', '~/git/reference/llama.cpp/tools/server/server-context.cpp') 4.42s
  . rung 1.0 drive-08#t8s3 advisory   true=False cmd=('sed', '~/git/reference/llama.cpp/tools/server/server-context.cpp') 3.97s
  . rung 1.0 drive-08#t8s3 sham       true=False cmd=('sed', '~/git/reference/llama.cpp/tools/server/server-context.cpp') 2.4s
  . rung 0.8 drive-08#t8s3 control    true=False cmd=('sed', '~/git/reference/llama.cpp/tools/server/server-context.cpp') 2.79s
  . rung 0.8 drive-08#t8s3 imperative true=False cmd=('grep', '~/git/reference/llama.cpp/tools/server/server-context.cpp') 4.53s
  . rung 0.8 drive-08#t8s3 advisory   true=False cmd=('sed', '~/git/reference/llama.cpp/tools/server/server-context.cpp') 3.31s
  . rung 0.8 drive-08#t8s3 sham       true=False cmd=('sed', '~/git/reference/llama.cpp/tools/server/server-context.cpp') 3.46s
  . rung 0.6 drive-08#t8s3 control    true=False cmd=('sed', '~/git/reference/llama.cpp/tools/server/server-context.cpp') 2.37s
  . rung 0.6 drive-08#t8s3 imperative true=False cmd=('sed', '~/git/reference/llama.cpp/tools/server/server-context.cpp') 4.49s
  . rung 0.6 drive-08#t8s3 advisory   true=False cmd=('sed', '~/git/reference/llama.cpp/tools/server/server-context.cpp') 3.43s
  . rung 0.6 drive-08#t8s3 sham       true=False cmd=('sed', '~/git/reference/llama.cpp/tools/server/server-context.cpp') 2.9s
  . rung 0.4 drive-08#t8s3 control    true=False cmd=('sed', '~/git/reference/llama.cpp/tools/server/server-context.cpp') 2.91s
  . rung 0.4 drive-08#t8s3 imperative true=False cmd=('sed', '~/git/reference/llama.cpp/tools/server/server-context.cpp') 3.9s
  . rung 0.4 drive-08#t8s3 advisory   true=False cmd=('sed', '~/git/reference/llama.cpp/tools/server/server-context.cpp') 4.03s
  . rung 0.4 drive-08#t8s3 sham       true=False cmd=('sed', '~/git/reference/llama.cpp/tools/server/server-context.cpp') 2.93s
  . rung 0.6222 drive-08#t8s3 control    true=False cmd=('sed', '~/git/reference/llama.cpp/tools/server/server-context.cpp') 2.53s
  . rung 0.6222 drive-08#t8s3 imperative true=False cmd=('sed', '~/git/reference/llama.cpp/tools/server/server-context.cpp') 4.15s
  . rung 0.6222 drive-08#t8s3 advisory   true=False cmd=('sed', '~/git/reference/llama.cpp/tools/server/server-context.cpp') 3.71s
  . rung 0.6222 drive-08#t8s3 sham       true=False cmd=('sed', '~/git/reference/llama.cpp/tools/server/server-context.cpp') 2.96s
  . rung 0.0556 drive-08#t8s3 control    true=False cmd=('sed', '~/git/reference/llama.cpp/tools/server/server-context.cpp') 2.59s
  . rung 0.0556 drive-08#t8s3 imperative true=False cmd=('sed', '~/git/reference/llama.cpp/tools/server/server-context.cpp') 3.84s
  . rung 0.0556 drive-08#t8s3 advisory   true=False cmd=('sed', '~/git/reference/llama.cpp/tools/server/server-context.cpp') 3.56s
  . rung 0.0556 drive-08#t8s3 sham       true=False cmd=('sed', '~/git/reference/llama.cpp/tools/server/server-context.cpp') 2.41s
  . rung 1.0 drive-08#t8s9 control    true=False cmd=('sed', '~/git/reference/llama.cpp/tools/server/server-context.cpp') 6.5s
  . rung 1.0 drive-08#t8s9 imperative true=False cmd=('sed', '~/git/reference/llama.cpp/tools/server/server-context.cpp') 4.21s
  . rung 1.0 drive-08#t8s9 advisory   true=False cmd=('sed', '~/git/reference/llama.cpp/tools/server/server-context.cpp') 3.67s
  . rung 1.0 drive-08#t8s9 sham       true=False cmd=('sed', '~/git/reference/llama.cpp/tools/server/server-context.cpp') 2.9s
  . rung 0.8 drive-08#t8s9 control    true=False cmd=('sed', '~/git/reference/llama.cpp/tools/server/server-context.cpp') 2.07s
  . rung 0.8 drive-08#t8s9 imperative true=False cmd=('sed', '~/git/reference/llama.cpp/tools/server/server-context.cpp') 5.2s
  . rung 0.8 drive-08#t8s9 advisory   true=False cmd=('sed', '~/git/reference/llama.cpp/tools/server/server-context.cpp') 5.62s
  . rung 0.8 drive-08#t8s9 sham       true=False cmd=('sed', '~/git/reference/llama.cpp/tools/server/server-context.cpp') 2.22s
  . rung 0.6 drive-08#t8s9 control    true=False cmd=('sed', '~/git/reference/llama.cpp/tools/server/server-context.cpp') 2.25s
  . rung 0.6 drive-08#t8s9 imperative true=False cmd=('sed', '~/git/reference/llama.cpp/tools/server/server-context.cpp') 4.08s
  . rung 0.6 drive-08#t8s9 advisory   true=False cmd=('sed', '~/git/reference/llama.cpp/tools/server/server-context.cpp') 3.72s
  . rung 0.6 drive-08#t8s9 sham       true=False cmd=('sed', '~/git/reference/llama.cpp/tools/server/server-context.cpp') 2.68s
  . rung 0.4 drive-08#t8s9 control    true=False cmd=('sed', '~/git/reference/llama.cpp/tools/server/server-context.cpp') 2.05s
  . rung 0.4 drive-08#t8s9 imperative true=False cmd=('sed', '~/git/reference/llama.cpp/tools/server/server-context.cpp') 5.01s
  . rung 0.4 drive-08#t8s9 advisory   true=False cmd=('sed', '~/git/reference/llama.cpp/tools/server/server-context.cpp') 5.28s
  . rung 0.4 drive-08#t8s9 sham       true=False cmd=('sed', '~/git/reference/llama.cpp/tools/server/server-context.cpp') 3.54s
  . rung 0.6222 drive-08#t8s9 control    true=False cmd=('sed', '~/git/reference/llama.cpp/tools/server/server-context.cpp') 2.52s
  . rung 0.6222 drive-08#t8s9 imperative true=False cmd=('sed', '~/git/reference/llama.cpp/tools/server/server-context.cpp') 4.97s
  . rung 0.6222 drive-08#t8s9 advisory   true=False cmd=('sed', '~/git/reference/llama.cpp/tools/server/server-context.cpp') 5.03s
  . rung 0.6222 drive-08#t8s9 sham       true=False cmd=('sed', '~/git/reference/llama.cpp/tools/server/server-context.cpp') 2.08s
  . rung 0.0556 drive-08#t8s9 control    true=False cmd=('sed', '~/git/reference/llama.cpp/tools/server/server-context.cpp') 2.22s
  . rung 0.0556 drive-08#t8s9 imperative true=False cmd=('sed', '~/git/reference/llama.cpp/tools/server/server-context.cpp') 3.01s
  . rung 0.0556 drive-08#t8s9 advisory   true=False cmd=('sed', '~/git/reference/llama.cpp/tools/server/server-context.cpp') 3.67s
  . rung 0.0556 drive-08#t8s9 sham       true=False cmd=('sed', '~/git/reference/llama.cpp/tools/server/server-context.cpp') 3.59s
  . rung 1.0 drive-08#t9s14 control    true=False cmd=('diff', '~/git/reference/llama.cpp/tools/server/server-models.cpp)') 28.89s
  . rung 1.0 drive-08#t9s14 imperative true=False cmd=('grep', '~/git/reference/beellama.cpp/tools/server/server-context.cpp') 5.83s
  . rung 1.0 drive-08#t9s14 advisory   true=False cmd=('grep', '~/git/reference/beellama.cpp/tools/server/server-context.cpp') 2.33s
  . rung 1.0 drive-08#t9s14 sham       true=False cmd=('grep', '~/git/reference/beellama.cpp/tools/server/server-context.cpp') 2.03s
  . rung 0.8 drive-08#t9s14 control    true=False cmd=('for', 'server-common.cpp') 2.69s
  . rung 0.8 drive-08#t9s14 imperative true=False cmd=('grep', '~/git/reference/beellama.cpp/tools/server/server-adaptive-dm.h') 8.89s
  . rung 0.8 drive-08#t9s14 advisory   true=False cmd=('grep', '~/git/reference/beellama.cpp/tools/server/server-context.cpp') 2.85s
  . rung 0.8 drive-08#t9s14 sham       true=False cmd=('head', '~/git/reference/beellama.cpp/tools/server/README-dev.md') 2.03s
  . rung 0.6 drive-08#t9s14 control    true=False cmd=('grep', '~/git/reference/beellama.cpp/tools/server/server-context.cpp') 2.15s
  . rung 0.6 drive-08#t9s14 imperative true=False cmd=('diff', '"^[a-z].*{"') 15.67s
  . rung 0.6 drive-08#t9s14 advisory   true=False cmd=('grep', '~/git/reference/beellama.cpp/tools/server/server-context.cpp') 3.11s
  . rung 0.6 drive-08#t9s14 sham       true=False cmd=('head', '~/git/reference/beellama.cpp/tools/server/README.md') 1.55s
  . rung 0.4 drive-08#t9s14 control    true=False cmd=('head', '~/git/reference/beellama.cpp/tools/server/README-dev.md') 2.6s
  . rung 0.4 drive-08#t9s14 imperative true=False cmd=('diff', '~/git/reference/llama.cpp/tools/server/server-context.cpp)') 4.39s
  . rung 0.4 drive-08#t9s14 advisory   true=False cmd=('echo', 'server-task.cpp') 2.68s
  . rung 0.4 drive-08#t9s14 sham       true=False cmd=None 20.2s
  . rung 0.6222 drive-08#t9s14 control    true=False cmd=('grep', '"adaptive\\|speculative\\|loop.guard\\|stream_session\\|schema"') 2.76s
  . rung 0.6222 drive-08#t9s14 imperative true=False cmd=('grep', '~/git/reference/beellama.cpp/tools/server/') 4.23s
  . rung 0.6222 drive-08#t9s14 advisory   true=False cmd=('for', 'server-chat.cpp') 4.83s
  . rung 0.6222 drive-08#t9s14 sham       true=False cmd=('grep', '~/git/reference/beellama.cpp/tools/server/server-context.cpp') 3.34s
  . rung 0.0556 drive-08#t9s14 control    true=False cmd=('diff', '~/git/reference/llama.cpp/tools/server/server-task.cpp') 3.1s
  . rung 0.0556 drive-08#t9s14 imperative true=False cmd=('grep', '"eval_llama_cmpl_schema\\|server_schema\\|struct.*schema"') 4.35s
  . rung 0.0556 drive-08#t9s14 advisory   true=False cmd=('grep', '~/git/reference/beellama.cpp/tools/server/server-context.cpp') 3.95s
  . rung 0.0556 drive-08#t9s14 sham       true=False cmd=('diff', '~/git/reference/llama.cpp/tools/server/server-chat.cpp)') 4.68s
  . rung 1.0 drive-08#t9s24 control    true=True cmd=('grep', '"task.params\\s*="') 6.28s
  . rung 1.0 drive-08#t9s24 imperative true=True cmd=('grep', '"task.params\\s*="') 8.6s
  . rung 1.0 drive-08#t9s24 advisory   true=True cmd=('grep', '"task.params\\s*="') 2.33s
  . rung 1.0 drive-08#t9s24 sham       true=True cmd=('grep', '"task.params\\s*="') 1.83s
  . rung 0.8 drive-08#t9s24 control    true=False cmd=('grep', '"task.params\\s*="') 1.7s
  . rung 0.8 drive-08#t9s24 imperative true=False cmd=None 12.4s
  . rung 0.8 drive-08#t9s24 advisory   true=False cmd=('grep', '"task.params\\s*="') 1.86s
  . rung 0.8 drive-08#t9s24 sham       true=False cmd=('grep', '"task.params\\s*="') 2.2s
  . rung 0.6 drive-08#t9s24 control    true=True cmd=('grep', '~/git/reference/beellama.cpp/tools/server/server-context.cpp') 2.21s
  . rung 0.6 drive-08#t9s24 imperative true=True cmd=('grep', '"task.params\\s*="') 4.58s
  . rung 0.6 drive-08#t9s24 advisory   true=True cmd=('grep', '~/git/reference/beellama.cpp/tools/server/') 1.7s
  . rung 0.6 drive-08#t9s24 sham       true=True cmd=('grep', '~/git/reference/beellama.cpp/tools/server/server-context.cpp') 1.18s
  . rung 0.4 drive-08#t9s24 control    true=False cmd=('grep', '"task.params\\s*="') 1.27s
  . rung 0.4 drive-08#t9s24 imperative true=False cmd=('grep', '~/git/reference/beellama.cpp/tools/server/server-context.cpp') 6.54s
  . rung 0.4 drive-08#t9s24 advisory   true=False cmd=('grep', '"task.params') 2.8s
  . rung 0.4 drive-08#t9s24 sham       true=False cmd=('grep', '~/git/reference/beellama.cpp/tools/server/server-context.cpp') 1.51s
  . rung 0.6222 drive-08#t9s24 control    true=False cmd=('grep', '"task.params\\s*="') 1.94s
  . rung 0.6222 drive-08#t9s24 imperative true=False cmd=None 19.76s
  . rung 0.6222 drive-08#t9s24 advisory   true=False cmd=('grep', '"task.params\\s*="') 2.15s
  . rung 0.6222 drive-08#t9s24 sham       true=False cmd=('grep', '"task.params\\s*="') 1.76s
  . rung 0.0556 drive-08#t9s24 control    true=False cmd=('grep', '"task.params\\s*="') 2.2s
  . rung 0.0556 drive-08#t9s24 imperative true=False cmd=None 10.03s
  . rung 0.0556 drive-08#t9s24 advisory   true=False cmd=('grep', '"task.params\\s*="') 2.73s
  . rung 0.0556 drive-08#t9s24 sham       true=False cmd=('grep', '~/git/reference/beellama.cpp/tools/server/server-context.cpp') 1.76s
  . rung 1.0 drive-09#t2s27 control    true=False cmd=('sed', '~/git/reference/llama.cpp/tools/server/server-context.cpp') 23.49s
  . rung 1.0 drive-09#t2s27 imperative true=False cmd=('sed', '~/git/reference/llama.cpp/tools/server/server-context.cpp') 6.63s
  . rung 1.0 drive-09#t2s27 advisory   true=False cmd=('sed', '~/git/reference/llama.cpp/tools/server/server-context.cpp') 3.46s
  . rung 1.0 drive-09#t2s27 sham       true=False cmd=('sed', '~/git/reference/llama.cpp/tools/server/server-context.cpp') 4.01s
  . rung 0.8 drive-09#t2s27 control    true=False cmd=('sed', '~/git/reference/llama.cpp/tools/server/server-context.cpp') 2.75s
  . rung 0.8 drive-09#t2s27 imperative true=False cmd=('sed', '~/git/reference/llama.cpp/tools/server/server-context.cpp') 5.48s
  . rung 0.8 drive-09#t2s27 advisory   true=False cmd=('sed', '~/git/reference/llama.cpp/tools/server/server-context.cpp') 2.77s
  . rung 0.8 drive-09#t2s27 sham       true=False cmd=('sed', '~/git/reference/llama.cpp/tools/server/server-context.cpp') 2.5s
  . rung 0.6 drive-09#t2s27 control    true=False cmd=('sed', '~/git/reference/llama.cpp/tools/server/server-context.cpp') 2.29s
  . rung 0.6 drive-09#t2s27 imperative true=False cmd=('sed', '~/git/reference/llama.cpp/tools/server/server-context.cpp') 9.61s
  . rung 0.6 drive-09#t2s27 advisory   true=False cmd=('sed', '~/git/reference/llama.cpp/tools/server/server-context.cpp') 3.34s
  . rung 0.6 drive-09#t2s27 sham       true=False cmd=('Key', 'parses/validates') 26.48s
  . rung 0.4 drive-09#t2s27 control    true=False cmd=('sed', '~/git/reference/llama.cpp/tools/server/server-context.cpp') 2.36s
  . rung 0.4 drive-09#t2s27 imperative true=False cmd=('sed', '~/git/reference/llama.cpp/tools/server/server-context.cpp') 4.63s
  . rung 0.4 drive-09#t2s27 advisory   true=False cmd=('sed', '~/git/reference/llama.cpp/tools/server/server-context.cpp') 4.38s
  . rung 0.4 drive-09#t2s27 sham       true=False cmd=('grep', '"text/event-stream\\|format_oai_sse\\|SSE\\|stream.*chunk\\|send_chunk\\|send_final_response"') 6.34s
  . rung 0.6222 drive-09#t2s27 control    true=False cmd=('sed', '~/git/reference/llama.cpp/tools/server/server-context.cpp') 2.29s
  . rung 0.6222 drive-09#t2s27 imperative true=False cmd=('sed', '~/git/reference/llama.cpp/tools/server/server-context.cpp') 6.96s
  . rung 0.6222 drive-09#t2s27 advisory   true=False cmd=('sed', '~/git/reference/llama.cpp/tools/server/server-context.cpp') 2.42s
  . rung 0.6222 drive-09#t2s27 sham       true=False cmd=('sed', '~/git/reference/llama.cpp/tools/server/server-context.cpp') 4.54s
  . rung 0.0556 drive-09#t2s27 control    true=False cmd=('sed', '~/git/reference/llama.cpp/tools/server/server-context.cpp') 2.46s
  . rung 0.0556 drive-09#t2s27 imperative true=False cmd=('sed', '~/git/reference/llama.cpp/tools/server/server-context.cpp') 4.19s
  . rung 0.0556 drive-09#t2s27 advisory   true=False cmd=('sed', '~/git/reference/llama.cpp/tools/server/server-context.cpp') 4.29s
  . rung 0.0556 drive-09#t2s27 sham       true=False cmd=('sed', '~/git/reference/llama.cpp/tools/server/server-context.cpp') 2.95s
  . rung 1.0 drive-09#t2s28 control    true=False cmd=('sed', '~/git/reference/llama.cpp/tools/server/server-context.cpp') 4.31s
  . rung 1.0 drive-09#t2s28 imperative true=False cmd=('-', 'llama.cpp') 29.29s
  . rung 1.0 drive-09#t2s28 advisory   true=False cmd=('sed', '~/git/reference/llama.cpp/tools/server/server-context.cpp') 8.29s
  . rung 1.0 drive-09#t2s28 sham       true=False cmd=('sed', '~/git/reference/llama.cpp/tools/server/server-context.cpp') 3.1s
  . rung 0.8 drive-09#t2s28 control    true=False cmd=('sed', '~/git/reference/llama.cpp/tools/server/server-context.cpp') 2.61s
  . rung 0.8 drive-09#t2s28 imperative true=False cmd=('sed', '~/git/reference/llama.cpp/tools/server/server-context.cpp') 15.21s
  . rung 0.8 drive-09#t2s28 advisory   true=False cmd=('sed', '~/git/reference/llama.cpp/tools/server/server-context.cpp') 3.24s
  . rung 0.8 drive-09#t2s28 sham       true=False cmd=('sed', '~/git/reference/llama.cpp/tools/server/server-context.cpp') 2.76s
  . rung 0.6 drive-09#t2s28 control    true=False cmd=('sed', '~/git/reference/llama.cpp/tools/server/server-context.cpp') 2.78s
  . rung 0.6 drive-09#t2s28 imperative true=False cmd=('sed', '~/git/reference/llama.cpp/tools/server/server-context.cpp') 13.47s
  . rung 0.6 drive-09#t2s28 advisory   true=False cmd=('sed', '~/git/reference/llama.cpp/tools/server/server-context.cpp') 4.36s
  . rung 0.6 drive-09#t2s28 sham       true=False cmd=('sed', '~/git/reference/llama.cpp/tools/server/server-context.cpp') 4.09s
  . rung 0.4 drive-09#t2s28 control    true=False cmd=('sed', '~/git/reference/llama.cpp/tools/server/server-context.cpp') 2.73s
  . rung 0.4 drive-09#t2s28 imperative true=False cmd=('sed', '~/git/reference/llama.cpp/tools/server/server-context.cpp') 5.76s
  . rung 0.4 drive-09#t2s28 advisory   true=False cmd=('sed', '~/git/reference/llama.cpp/tools/server/server-context.cpp') 5.96s
  . rung 0.4 drive-09#t2s28 sham       true=False cmd=None 6.9s
  . rung 0.6222 drive-09#t2s28 control    true=False cmd=('sed', '~/git/reference/llama.cpp/tools/server/server-context.cpp') 2.62s
  . rung 0.6222 drive-09#t2s28 imperative true=False cmd=('sed', '~/git/reference/llama.cpp/tools/server/server-context.cpp') 4.74s
  . rung 0.6222 drive-09#t2s28 advisory   true=False cmd=('sed', '~/git/reference/llama.cpp/tools/server/server-context.cpp') 5.16s
  . rung 0.6222 drive-09#t2s28 sham       true=False cmd=('sed', '~/git/reference/llama.cpp/tools/server/server-context.cpp') 4.48s
  . rung 0.0556 drive-09#t2s28 control    true=False cmd=('sed', '~/git/reference/llama.cpp/tools/server/server-context.cpp') 3.0s
  . rung 0.0556 drive-09#t2s28 imperative true=False cmd=('sed', '~/git/reference/llama.cpp/tools/server/server-context.cpp') 12.4s
  . rung 0.0556 drive-09#t2s28 advisory   true=False cmd=('sed', '~/git/reference/llama.cpp/tools/server/server-context.cpp') 3.65s
  . rung 0.0556 drive-09#t2s28 sham       true=False cmd=('sed', '~/git/reference/llama.cpp/tools/server/server-context.cpp') 3.37s
  . rung 1.0 drive-09#t2s8 control    true=True cmd=('sed', '~/git/reference/llama.cpp/tools/server/server-context.cpp') 12.5s
  . rung 1.0 drive-09#t2s8 imperative true=True cmd=('sed', '~/git/reference/llama.cpp/tools/server/server-context.cpp') 2.29s
  . rung 1.0 drive-09#t2s8 advisory   true=True cmd=('sed', '~/git/reference/llama.cpp/tools/server/server-context.cpp') 2.73s
  . rung 1.0 drive-09#t2s8 sham       true=True cmd=('sed', '~/git/reference/llama.cpp/tools/server/server-context.cpp') 3.18s
  . rung 0.8 drive-09#t2s8 control    true=True cmd=('sed', '~/git/reference/llama.cpp/tools/server/server-context.cpp') 2.1s
  . rung 0.8 drive-09#t2s8 imperative true=True cmd=('sed', '~/git/reference/llama.cpp/tools/server/server-context.cpp') 2.48s
  . rung 0.8 drive-09#t2s8 advisory   true=True cmd=('sed', '~/git/reference/llama.cpp/tools/server/server-context.cpp') 2.73s
  . rung 0.8 drive-09#t2s8 sham       true=True cmd=('sed', '~/git/reference/llama.cpp/tools/server/server-context.cpp') 2.56s
  . rung 0.6 drive-09#t2s8 control    true=False cmd=('sed', '~/git/reference/llama.cpp/tools/server/server-context.cpp') 1.98s
  . rung 0.6 drive-09#t2s8 imperative true=False cmd=('sed', '~/git/reference/llama.cpp/tools/server/server-context.cpp') 5.37s
  . rung 0.6 drive-09#t2s8 advisory   true=False cmd=('sed', '~/git/reference/llama.cpp/tools/server/server-context.cpp') 2.35s
  . rung 0.6 drive-09#t2s8 sham       true=False cmd=('sed', '~/git/reference/llama.cpp/tools/server/server-context.cpp') 2.4s
  . rung 0.4 drive-09#t2s8 control    true=True cmd=('sed', '~/git/reference/llama.cpp/tools/server/server-context.cpp') 2.34s
  . rung 0.4 drive-09#t2s8 imperative true=True cmd=('sed', '~/git/reference/llama.cpp/tools/server/server-context.cpp') 2.42s
  . rung 0.4 drive-09#t2s8 advisory   true=True cmd=('sed', '~/git/reference/llama.cpp/tools/server/server-context.cpp') 2.23s
  . rung 0.4 drive-09#t2s8 sham       true=True cmd=('sed', '~/git/reference/llama.cpp/tools/server/server-context.cpp') 3.65s
  . rung 0.6222 drive-09#t2s8 control    true=True cmd=('sed', '~/git/reference/llama.cpp/tools/server/server-context.cpp') 2.16s
  . rung 0.6222 drive-09#t2s8 imperative true=True cmd=('sed', '~/git/reference/llama.cpp/tools/server/server-context.cpp') 2.34s
  . rung 0.6222 drive-09#t2s8 advisory   true=True cmd=('sed', '~/git/reference/llama.cpp/tools/server/server-context.cpp') 2.65s
  . rung 0.6222 drive-09#t2s8 sham       true=True cmd=('sed', '~/git/reference/llama.cpp/tools/server/server-context.cpp') 2.73s
  . rung 0.0556 drive-09#t2s8 control    true=True cmd=('sed', '~/git/reference/llama.cpp/tools/server/server-context.cpp') 2.47s
  . rung 0.0556 drive-09#t2s8 imperative true=True cmd=('sed', '~/git/reference/llama.cpp/tools/server/server-context.cpp') 2.34s
  . rung 0.0556 drive-09#t2s8 advisory   true=True cmd=('sed', '~/git/reference/llama.cpp/tools/server/server-context.cpp') 2.78s
  . rung 0.0556 drive-09#t2s8 sham       true=True cmd=('sed', '~/git/reference/llama.cpp/tools/server/server-context.cpp') 2.41s
  . rung 1.0 drive-09#t5s22 control    true=False cmd=('grep', '"body.at(\\"tools\\")\\|body.contains(\\"tools\\")\\|tools') 22.02s
  . rung 1.0 drive-09#t5s22 imperative true=False cmd=('sed', '/private/tmp/llama.cpp-src/tools/server/server-common.cpp') 8.62s
  . rung 1.0 drive-09#t5s22 advisory   true=False cmd=('sed', '/private/tmp/llama.cpp-src/tools/server/server-common.cpp') 2.95s
  . rung 1.0 drive-09#t5s22 sham       true=False cmd=('-', '`tools/server/server-common.cpp:1039`') 27.98s
  . rung 0.8 drive-09#t5s22 control    true=False cmd=('grep', '/private/tmp/llama.cpp-src/tools/server/server-common.cpp') 2.36s
  . rung 0.8 drive-09#t5s22 imperative true=False cmd=('sed', '/private/tmp/llama.cpp-src/tools/server/server-common.cpp') 8.54s
  . rung 0.8 drive-09#t5s22 advisory   true=False cmd=('grep', '/private/tmp/llama.cpp-src/tools/server/server-common.cpp') 3.08s
  . rung 0.8 drive-09#t5s22 sham       true=False cmd=('grep', 'tools\\|body.*tools\\|get_tools\\|extract.*tools"') 4.73s
  . rung 0.6 drive-09#t5s22 control    true=False cmd=('sed', '/private/tmp/llama.cpp-src/tools/server/server-common.cpp') 2.46s
  . rung 0.6 drive-09#t5s22 imperative true=False cmd=('sed', '/private/tmp/llama.cpp-src/tools/server/server-common.cpp') 13.99s
  . rung 0.6 drive-09#t5s22 advisory   true=False cmd=('grep', '/private/tmp/llama.cpp-src/tools/server/server-common.cpp') 2.68s
  . rung 0.6 drive-09#t5s22 sham       true=False cmd=('sed', '/private/tmp/llama.cpp-src/tools/server/server-common.cpp') 2.74s
  . rung 0.4 drive-09#t5s22 control    true=False cmd=('sed', '/private/tmp/llama.cpp-src/tools/server/server-common.cpp') 2.29s
  . rung 0.4 drive-09#t5s22 imperative true=False cmd=('grep', 'tools\\|body.*tools\\|\\"tools\\""') 3.56s
  . rung 0.4 drive-09#t5s22 advisory   true=False cmd=('sed', '/private/tmp/llama.cpp-src/tools/server/server-common.cpp') 2.46s
  . rung 0.4 drive-09#t5s22 sham       true=False cmd=('sed', '/private/tmp/llama.cpp-src/tools/server/server-common.cpp') 2.69s
  . rung 0.6222 drive-09#t5s22 control    true=False cmd=('sed', '/private/tmp/llama.cpp-src/tools/server/server-common.cpp') 2.35s
  . rung 0.6222 drive-09#t5s22 imperative true=False cmd=('sed', '/private/tmp/llama.cpp-src/tools/server/server-common.cpp') 3.95s
  . rung 0.6222 drive-09#t5s22 advisory   true=False cmd=('grep', '/private/tmp/llama.cpp-src/tools/server/server-common.cpp') 2.91s
  . rung 0.6222 drive-09#t5s22 sham       true=False cmd=('sed', '/private/tmp/llama.cpp-src/tools/server/server-common.cpp') 2.69s
  . rung 0.0556 drive-09#t5s22 control    true=False cmd=('sed', '/private/tmp/llama.cpp-src/tools/server/server-common.cpp') 2.4s
  . rung 0.0556 drive-09#t5s22 imperative true=False cmd=('sed', '/private/tmp/llama.cpp-src/common/chat.cpp') 11.65s
  . rung 0.0556 drive-09#t5s22 advisory   true=False cmd=('sed', '/private/tmp/llama.cpp-src/tools/server/server-common.cpp') 2.69s
  . rung 0.0556 drive-09#t5s22 sham       true=False cmd=('grep', '/private/tmp/llama.cpp-src/tools/server/server-common.cpp') 2.8s
  . rung 1.0 drive-09#t5s5 control    true=False cmd=('sed', '/private/tmp/llama.cpp-src/tools/server/server-common.cpp') 11.83s
  . rung 1.0 drive-09#t5s5 imperative true=False cmd=('sed', '/private/tmp/llama.cpp-src/tools/server/server-context.cpp') 6.68s
  . rung 1.0 drive-09#t5s5 advisory   true=False cmd=('sed', '/private/tmp/llama.cpp-src/tools/server/server-common.cpp') 3.44s
  . rung 1.0 drive-09#t5s5 sham       true=False cmd=('sed', '/private/tmp/llama.cpp-src/tools/server/server-chat.cpp') 3.11s
  . rung 0.8 drive-09#t5s5 control    true=False cmd=('sed', '/private/tmp/llama.cpp-src/tools/server/server-common.cpp') 3.24s
  . rung 0.8 drive-09#t5s5 imperative true=False cmd=('sed', '/private/tmp/llama.cpp-src/tools/server/server-common.cpp') 6.15s
  . rung 0.8 drive-09#t5s5 advisory   true=False cmd=('sed', '/private/tmp/llama.cpp-src/tools/server/server-common.cpp') 6.11s
  . rung 0.8 drive-09#t5s5 sham       true=False cmd=('sed', '/private/tmp/llama.cpp-src/tools/server/server-common.cpp') 3.37s
  . rung 0.6 drive-09#t5s5 control    true=False cmd=('sed', '/private/tmp/llama.cpp-src/tools/server/server-common.cpp') 2.99s
  . rung 0.6 drive-09#t5s5 imperative true=False cmd=('sed', '/private/tmp/llama.cpp-src/tools/server/server-common.cpp') 6.32s
  . rung 0.6 drive-09#t5s5 advisory   true=False cmd=('sed', '/private/tmp/llama.cpp-src/tools/server/server-common.cpp') 2.99s
  . rung 0.6 drive-09#t5s5 sham       true=False cmd=('sed', '/private/tmp/llama.cpp-src/tools/server/server-common.cpp') 3.05s
  . rung 0.4 drive-09#t5s5 control    true=False cmd=('sed', '/private/tmp/llama.cpp-src/tools/server/server-common.cpp') 3.36s
  . rung 0.4 drive-09#t5s5 imperative true=False cmd=('sed', '/private/tmp/llama.cpp-src/tools/server/server-common.cpp') 6.22s
  . rung 0.4 drive-09#t5s5 advisory   true=False cmd=('sed', '/private/tmp/llama.cpp-src/tools/server/server-common.cpp') 3.31s
  . rung 0.4 drive-09#t5s5 sham       true=False cmd=('sed', '/private/tmp/llama.cpp-src/tools/server/server-common.cpp') 3.39s
  . rung 0.6222 drive-09#t5s5 control    true=False cmd=('sed', '/private/tmp/llama.cpp-src/tools/server/server-common.cpp') 3.58s
  . rung 0.6222 drive-09#t5s5 imperative true=False cmd=('sed', '/private/tmp/llama.cpp-src/tools/server/server-common.cpp') 5.82s
  . rung 0.6222 drive-09#t5s5 advisory   true=False cmd=('sed', '/private/tmp/llama.cpp-src/tools/server/server-common.cpp') 3.37s
  . rung 0.6222 drive-09#t5s5 sham       true=False cmd=('sed', '/private/tmp/llama.cpp-src/tools/server/server-common.cpp') 3.61s
  . rung 0.0556 drive-09#t5s5 control    true=False cmd=('sed', '/private/tmp/llama.cpp-src/tools/server/server-common.cpp') 3.09s
  . rung 0.0556 drive-09#t5s5 imperative true=False cmd=('sed', '/private/tmp/llama.cpp-src/tools/server/server-common.cpp') 5.83s
  . rung 0.0556 drive-09#t5s5 advisory   true=False cmd=('sed', '/private/tmp/llama.cpp-src/tools/server/server-common.cpp') 4.04s
  . rung 0.0556 drive-09#t5s5 sham       true=False cmd=('sed', '/private/tmp/llama.cpp-src/tools/server/server-common.cpp') 3.6s
  . rung 1.0 drive-09#t8s23 control    true=False cmd=('cd', '/private/tmp/llama.cpp-src/tools/server') 39.92s
  . rung 1.0 drive-09#t8s23 imperative true=False cmd=('cd', '/private/tmp/llama.cpp-src/tools/server') 6.95s
  . rung 1.0 drive-09#t8s23 advisory   true=False cmd=('cd', '/private/tmp/llama.cpp-src/tools/server') 6.21s
  . rung 1.0 drive-09#t8s23 sham       true=False cmd=('cd', '/private/tmp/llama.cpp-src/tools/server') 3.63s
  . rung 0.8 drive-09#t8s23 control    true=False cmd=('cd', '/private/tmp/llama.cpp-src/tools/server') 3.24s
  . rung 0.8 drive-09#t8s23 imperative true=False cmd=('cd', '/private/tmp/llama.cpp-src/tools/server') 8.39s
  . rung 0.8 drive-09#t8s23 advisory   true=False cmd=('cd', '/private/tmp/llama.cpp-src/tools/server') 5.75s
  . rung 0.8 drive-09#t8s23 sham       true=False cmd=('cd', '/private/tmp/llama.cpp-src/tools/server') 3.43s
  . rung 0.6 drive-09#t8s23 control    true=False cmd=('cd', '/private/tmp/llama.cpp-src/tools/server') 2.95s
  . rung 0.6 drive-09#t8s23 imperative true=False cmd=('cd', '/private/tmp/llama.cpp-src/tools/server') 20.67s
  . rung 0.6 drive-09#t8s23 advisory   true=False cmd=('cd', '/private/tmp/llama.cpp-src') 5.35s
  . rung 0.6 drive-09#t8s23 sham       true=False cmd=('cd', '/private/tmp/llama.cpp-src/tools/server') 4.82s
  . rung 0.4 drive-09#t8s23 control    true=False cmd=('cd', '/private/tmp/llama.cpp-src/tools/server') 4.69s
  . rung 0.4 drive-09#t8s23 imperative true=False cmd=('3.', '`prompt_cache.load()`') 23.99s
  . rung 0.4 drive-09#t8s23 advisory   true=False cmd=None 35.03s
  . rung 0.4 drive-09#t8s23 sham       true=False cmd=('cd', '/private/tmp/llama.cpp-src/tools/server') 3.55s
  . rung 0.6222 drive-09#t8s23 control    true=False cmd=('cd', '/private/tmp/llama.cpp-src') 4.32s
  . rung 0.6222 drive-09#t8s23 imperative true=False cmd=('Flags:', '(SWA/recurrent') 44.85s
  . rung 0.6222 drive-09#t8s23 advisory   true=False cmd=('The', '4.') 46.42s
  . rung 0.6222 drive-09#t8s23 sham       true=False cmd=('cat', '/tmp/diet-ab-note-diet.md') 3.05s
  . rung 0.0556 drive-09#t8s23 control    true=False cmd=('cd', '/private/tmp/llama.cpp-src/tools/server') 3.21s
  . rung 0.0556 drive-09#t8s23 imperative true=False cmd=('The', '`pos_min`/`pos_max`') 43.29s
  . rung 0.0556 drive-09#t8s23 advisory   true=False cmd=('cd', '/private/tmp/llama.cpp-src/tools/server') 6.54s
  . rung 0.0556 drive-09#t8s23 sham       true=False cmd=('cd', '/private/tmp/llama.cpp-src/tools/server') 3.29s
  . rung 1.0 drive-09#t8s28 control    true=False cmd=('cd', '/private/tmp/llama.cpp-src/tools/server') 4.76s
  . rung 1.0 drive-09#t8s28 imperative true=False cmd=('cd', '/private/tmp/llama.cpp-src/tools/server') 4.7s
  . rung 1.0 drive-09#t8s28 advisory   true=False cmd=('cd', '/private/tmp/llama.cpp-src/tools/server') 2.38s
  . rung 1.0 drive-09#t8s28 sham       true=False cmd=None 32.68s
  . rung 0.8 drive-09#t8s28 control    true=False cmd=('cd', '/private/tmp/llama.cpp-src/tools/server') 1.12s
  . rung 0.8 drive-09#t8s28 imperative true=False cmd=('cd', '/private/tmp/llama.cpp-src/tools/server') 5.13s
  . rung 0.8 drive-09#t8s28 advisory   true=False cmd=('cd', '/private/tmp/llama.cpp-src/tools/server') 2.06s
  . rung 0.8 drive-09#t8s28 sham       true=False cmd=('**When', '(server-context.cpp:3290–3330):') 39.22s
  . rung 0.6 drive-09#t8s28 control    true=False cmd=('cd', '/private/tmp/llama.cpp-src/tools/server') 1.38s
  . rung 0.6 drive-09#t8s28 imperative true=False cmd=('cd', '/private/tmp/llama.cpp-src/tools/server') 6.44s
  . rung 0.6 drive-09#t8s28 advisory   true=False cmd=('cd', '/private/tmp/llama.cpp-src/tools/server') 3.31s
  . rung 0.6 drive-09#t8s28 sham       true=False cmd=None 46.67s
  . rung 0.4 drive-09#t8s28 control    true=False cmd=('cd', '/private/tmp/llama.cpp-src/tools/server') 1.36s
  . rung 0.4 drive-09#t8s28 imperative true=False cmd=('cd', '/private/tmp/llama.cpp-src/tools/server') 5.13s
  . rung 0.4 drive-09#t8s28 advisory   true=False cmd=('Checkpoints', '`pos_min`/`pos_max`') 42.4s
  . rung 0.4 drive-09#t8s28 sham       true=False cmd=('Requires', '0`.') 46.53s
  . rung 0.6222 drive-09#t8s28 control    true=False cmd=('cd', '/private/tmp/llama.cpp-src/tools/server') 1.5s
  . rung 0.6222 drive-09#t8s28 imperative true=False cmd=('cd', '/private/tmp/llama.cpp-src/tools/server') 4.51s
  . rung 0.6222 drive-09#t8s28 advisory   true=False cmd=('cd', '/private/tmp/llama.cpp-src/tools/server') 2.12s
  . rung 0.6222 drive-09#t8s28 sham       true=False cmd=('cd', '/private/tmp/llama.cpp-src/tools/server') 2.75s
  . rung 0.0556 drive-09#t8s28 control    true=False cmd=('cd', '/private/tmp/llama.cpp-src/tools/server') 1.42s
  . rung 0.0556 drive-09#t8s28 imperative true=False cmd=('cd', '/private/tmp/llama.cpp-src/tools/server') 3.57s
  . rung 0.0556 drive-09#t8s28 advisory   true=False cmd=('cd', '/private/tmp/llama.cpp-src/tools/server') 2.95s
  . rung 0.0556 drive-09#t8s28 sham       true=False cmd=('cd', '/private/tmp/llama.cpp-src/tools/server') 1.38s
  . rung 1.0 drive-09#t9s12 control    true=False cmd=('sed', '~/git/reference/beellama.cpp/tools/server/server-common.cpp') 24.85s
  . rung 1.0 drive-09#t9s12 imperative true=False cmd=('grep', '"from_json\\|params\\."') 7.66s
  . rung 1.0 drive-09#t9s12 advisory   true=False cmd=('sed', '~/git/reference/beellama.cpp/tools/server/server-common.cpp') 2.07s
  . rung 1.0 drive-09#t9s12 sham       true=False cmd=('grep', '~/git/reference/beellama.cpp/tools/server/server-task.cpp') 2.77s
  . rung 0.8 drive-09#t9s12 control    true=False cmd=('sed', '~/git/reference/beellama.cpp/tools/server/server-common.cpp') 1.49s
  . rung 0.8 drive-09#t9s12 imperative true=False cmd=('grep', '~/git/reference/beellama.cpp/tools/server/server-common.cpp') 3.54s
  . rung 0.8 drive-09#t9s12 advisory   true=False cmd=('sed', '~/git/reference/beellama.cpp/tools/server/server-common.cpp') 1.56s
  . rung 0.8 drive-09#t9s12 sham       true=False cmd=('grep', '~/git/reference/beellama.cpp/tools/server/server-common.cpp') 1.82s
  . rung 0.6 drive-09#t9s12 control    true=False cmd=('sed', '~/git/reference/beellama.cpp/tools/server/server-common.cpp') 1.65s
  . rung 0.6 drive-09#t9s12 imperative true=False cmd=('grep', '~/git/reference/beellama.cpp/tools/server/server-common.cpp') 3.91s
  . rung 0.6 drive-09#t9s12 advisory   true=False cmd=('grep', '~/git/reference/beellama.cpp/tools/server/server-common.cpp') 1.8s
  . rung 0.6 drive-09#t9s12 sham       true=False cmd=('grep', '~/git/reference/beellama.cpp/tools/server/server-common.cpp') 1.66s
  . rung 0.4 drive-09#t9s12 control    true=False cmd=('sed', '~/git/reference/beellama.cpp/tools/server/server-common.cpp') 1.7s
  . rung 0.4 drive-09#t9s12 imperative true=False cmd=('grep', '~/git/reference/beellama.cpp/') 3.78s
  . rung 0.4 drive-09#t9s12 advisory   true=False cmd=('wc', '~/git/reference/beellama.cpp/tools/server/server-adaptive-dm.h') 3.43s
  . rung 0.4 drive-09#t9s12 sham       true=False cmd=('grep', '~/git/reference/beellama.cpp/tools/server/server-common.cpp') 2.81s
  . rung 0.6222 drive-09#t9s12 control    true=False cmd=('sed', '~/git/reference/beellama.cpp/tools/server/server-common.cpp') 1.88s
  . rung 0.6222 drive-09#t9s12 imperative true=False cmd=('grep', '~/git/reference/beellama.cpp/tools/server/server-common.cpp') 3.6s
  . rung 0.6222 drive-09#t9s12 advisory   true=False cmd=('sed', '~/git/reference/beellama.cpp/tools/server/server-common.cpp') 2.47s
  . rung 0.6222 drive-09#t9s12 sham       true=False cmd=('grep', '~/git/reference/beellama.cpp/tools/server/server-common.cpp') 2.45s
  . rung 0.0556 drive-09#t9s12 control    true=False cmd=('sed', '~/git/reference/beellama.cpp/tools/server/server-common.cpp') 1.67s
  . rung 0.0556 drive-09#t9s12 imperative true=False cmd=('sed', '~/git/reference/beellama.cpp/tools/server/server-common.cpp') 4.51s
  . rung 0.0556 drive-09#t9s12 advisory   true=False cmd=('sed', '~/git/reference/beellama.cpp/tools/server/server-common.cpp') 1.77s
  . rung 0.0556 drive-09#t9s12 sham       true=False cmd=('grep', '~/git/reference/beellama.cpp/tools/server/server-task.h') 1.77s
  . rung 1.0 drive-09#t9s14 control    true=False cmd=('sed', '~/git/reference/beellama.cpp/tools/server/server-common.cpp') 5.05s
  . rung 1.0 drive-09#t9s14 imperative true=False cmd=('wc', '~/git/reference/beellama.cpp/tools/server/server-adaptive-dm.h') 9.73s
  . rung 1.0 drive-09#t9s14 advisory   true=False cmd=('grep', '~/git/reference/beellama.cpp/tools/server/*.cpp') 4.48s
  . rung 1.0 drive-09#t9s14 sham       true=False cmd=('sed', '~/git/reference/beellama.cpp/tools/server/server-common.cpp') 2.63s
  . rung 0.8 drive-09#t9s14 control    true=False cmd=('sed', '~/git/reference/beellama.cpp/tools/server/server-common.cpp') 3.06s
  . rung 0.8 drive-09#t9s14 imperative true=False cmd=('grep', '~/git/reference/beellama.cpp/tools/server/') 7.17s
  . rung 0.8 drive-09#t9s14 advisory   true=False cmd=('sed', '~/git/reference/beellama.cpp/tools/server/server-common.cpp') 2.9s
  . rung 0.8 drive-09#t9s14 sham       true=False cmd=('wc', '~/git/reference/beellama.cpp/tools/server/server-adaptive-dm.h') 4.74s
  . rung 0.6 drive-09#t9s14 control    true=False cmd=('sed', '~/git/reference/beellama.cpp/tools/server/server-common.cpp') 1.92s
  . rung 0.6 drive-09#t9s14 imperative true=False cmd=('grep', '~/git/reference/beellama.cpp/tools/server/server-context.cpp') 10.04s
  . rung 0.6 drive-09#t9s14 advisory   true=False cmd=('grep', '~/git/reference/beellama.cpp/tools/server/server-task.h') 3.07s
  . rung 0.6 drive-09#t9s14 sham       true=False cmd=('sed', '~/git/reference/beellama.cpp/tools/server/server-common.cpp') 3.19s
  . rung 0.4 drive-09#t9s14 control    true=False cmd=('sed', '~/git/reference/beellama.cpp/tools/server/server-common.cpp') 2.37s
  . rung 0.4 drive-09#t9s14 imperative true=False cmd=('grep', '~/git/reference/beellama.cpp/tools/server/*.cpp') 10.19s
  . rung 0.4 drive-09#t9s14 advisory   true=False cmd=('sed', '~/git/reference/beellama.cpp/tools/server/server-common.cpp') 2.67s
  . rung 0.4 drive-09#t9s14 sham       true=False cmd=('sed', '~/git/reference/beellama.cpp/tools/server/server-common.cpp') 3.1s
  . rung 0.6222 drive-09#t9s14 control    true=False cmd=('sed', '~/git/reference/beellama.cpp/tools/server/server-common.cpp') 3.0s
  . rung 0.6222 drive-09#t9s14 imperative true=False cmd=('grep', '~/git/reference/beellama.cpp/tools/server/*.cpp') 7.76s
  . rung 0.6222 drive-09#t9s14 advisory   true=False cmd=('sed', '~/git/reference/beellama.cpp/tools/server/server-common.cpp') 2.64s
  . rung 0.6222 drive-09#t9s14 sham       true=False cmd=('sed', '~/git/reference/beellama.cpp/tools/server/server-common.cpp') 2.17s
  . rung 0.0556 drive-09#t9s14 control    true=False cmd=('sed', '~/git/reference/beellama.cpp/tools/server/server-common.cpp') 2.7s
  . rung 0.0556 drive-09#t9s14 imperative true=False cmd=('grep', '~/git/reference/beellama.cpp/tools/server/') 9.26s
  . rung 0.0556 drive-09#t9s14 advisory   true=False cmd=('grep', '~/git/reference/beellama.cpp/tools/server/server-context.cpp') 4.45s
  . rung 0.0556 drive-09#t9s14 sham       true=False cmd=('grep', '~/git/reference/beellama.cpp/tools/server/server-task.h') 3.88s
  . rung 1.0 drive-09#t9s4 control    true=False cmd=('grep', '~/git/reference/beellama.cpp/tools/server/*.cpp') 26.58s
  . rung 1.0 drive-09#t9s4 imperative true=False cmd=('diff', "'^[[:space:]]*[^/]'") 20.63s
  . rung 1.0 drive-09#t9s4 advisory   true=False cmd=('grep', '~/git/reference/beellama.cpp/tools/server/server-task.cpp') 7.56s
  . rung 1.0 drive-09#t9s4 sham       true=False cmd=('cat', '~/git/reference/beellama.cpp/tools/server/CMakeLists.txt') 4.59s
  . rung 0.8 drive-09#t9s4 control    true=False cmd=('diff', '~/git/reference/beellama.cpp/tools/server/*.cpp') 7.41s
  . rung 0.8 drive-09#t9s4 imperative true=False cmd=('grep', '~/git/reference/beellama.cpp/tools/server/server-common.h') 11.75s
  . rung 0.8 drive-09#t9s4 advisory   true=False cmd=('diff', '~/git/reference/llama.cpp/tools/server/CMakeLists.txt') 9.89s
  . rung 0.8 drive-09#t9s4 sham       true=False cmd=('grep', '~/git/reference/beellama.cpp/tools/server/server-context.cpp') 3.99s
  . rung 0.6 drive-09#t9s4 control    true=False cmd=('grep', '~/git/reference/beellama.cpp/tools/server/server-common.h') 6.69s
  . rung 0.6 drive-09#t9s4 imperative true=False cmd=('grep', '~/git/reference/beellama.cpp/tools/server/') 9.51s
  . rung 0.6 drive-09#t9s4 advisory   true=False cmd=('grep', '~/git/reference/beellama.cpp/tools/server/server-task.cpp') 7.69s
  . rung 0.6 drive-09#t9s4 sham       true=False cmd=('cat', '~/git/reference/beellama.cpp/tools/server/CMakeLists.txt') 3.8s
  . rung 0.4 drive-09#t9s4 control    true=False cmd=('cat', '~/git/reference/beellama.cpp/tools/server/CMakeLists.txt') 4.33s
  . rung 0.4 drive-09#t9s4 imperative true=False cmd=None 11.63s
  . rung 0.4 drive-09#t9s4 advisory   true=False cmd=('grep', '~/git/reference/beellama.cpp/tools/server/server-task.cpp') 6.67s
  . rung 0.4 drive-09#t9s4 sham       true=False cmd=('grep', '~/git/reference/beellama.cpp/tools/server/*.cpp') 4.69s
  . rung 0.6222 drive-09#t9s4 control    true=False cmd=('diff', '~/git/reference/llama.cpp/tools/server/CMakeLists.txt') 3.69s
  . rung 0.6222 drive-09#t9s4 imperative true=False cmd=('grep', '~/git/reference/beellama.cpp/tools/server/server-task.cpp') 11.38s
  . rung 0.6222 drive-09#t9s4 advisory   true=False cmd=('wc', '~/git/reference/beellama.cpp/tools/server/server-task.cpp') 7.56s
  . rung 0.6222 drive-09#t9s4 sham       true=False cmd=('cat', '~/git/reference/beellama.cpp/tools/server/CMakeLists.txt') 3.03s
  . rung 0.0556 drive-09#t9s4 control    true=False cmd=('grep', '~/git/reference/beellama.cpp/tools/server/server-task.h') 5.57s
  . rung 0.0556 drive-09#t9s4 imperative true=False cmd=('grep', '~/git/reference/beellama.cpp/tools/server/server-loop-guard.cpp') 11.3s
  . rung 0.0556 drive-09#t9s4 advisory   true=False cmd=('grep', '~/git/reference/beellama.cpp/tools/server/server-*.cpp') 6.76s
  . rung 0.0556 drive-09#t9s4 sham       true=False cmd=('grep', '~/git/reference/beellama.cpp/tools/server/server-task.cpp') 6.29s
  . rung 1.0 drive-10#t10s0 control    true=False cmd=('grep', '~/git/reference/beellama.cpp/tools/server/') 33.12s
  . rung 1.0 drive-10#t10s0 imperative true=False cmd=('grep', '~/git/reference/beellama.cpp/tools/server/') 4.25s
  . rung 1.0 drive-10#t10s0 advisory   true=False cmd=('grep', '~/git/reference/beellama.cpp/tools/server/') 2.35s
  . rung 1.0 drive-10#t10s0 sham       true=False cmd=('grep', '~/git/reference/beellama.cpp/tools/server/') 3.13s
  . rung 0.8 drive-10#t10s0 control    true=False cmd=('grep', '~/git/reference/beellama.cpp/tools/server/') 2.47s
  . rung 0.8 drive-10#t10s0 imperative true=False cmd=('grep', '~/git/reference/beellama.cpp/tools/server/') 4.3s
  . rung 0.8 drive-10#t10s0 advisory   true=False cmd=('grep', '~/git/reference/beellama.cpp/tools/server/') 2.47s
  . rung 0.8 drive-10#t10s0 sham       true=False cmd=('grep', '~/git/reference/beellama.cpp/tools/server/') 1.74s
  . rung 0.6 drive-10#t10s0 control    true=False cmd=('grep', '~/git/reference/beellama.cpp/tools/server/') 1.68s
  . rung 0.6 drive-10#t10s0 imperative true=False cmd=('grep', '~/git/reference/beellama.cpp/tools/server/') 4.05s
  . rung 0.6 drive-10#t10s0 advisory   true=False cmd=('grep', '~/git/reference/beellama.cpp/tools/server/') 1.74s
  . rung 0.6 drive-10#t10s0 sham       true=False cmd=('grep', '~/git/reference/beellama.cpp/tools/server/') 2.27s
  . rung 0.4 drive-10#t10s0 control    true=False cmd=('grep', '~/git/reference/beellama.cpp/tools/server/') 1.88s
  . rung 0.4 drive-10#t10s0 imperative true=False cmd=('grep', '~/git/reference/beellama.cpp/tools/server/') 3.9s
  . rung 0.4 drive-10#t10s0 advisory   true=False cmd=('grep', '~/git/reference/beellama.cpp/tools/server/') 2.09s
  . rung 0.4 drive-10#t10s0 sham       true=False cmd=('grep', '~/git/reference/beellama.cpp/tools/server/') 2.32s
  . rung 0.6222 drive-10#t10s0 control    true=False cmd=('grep', '~/git/reference/beellama.cpp/tools/server/') 1.61s
  . rung 0.6222 drive-10#t10s0 imperative true=False cmd=('grep', '~/git/reference/beellama.cpp/tools/server/') 4.63s
  . rung 0.6222 drive-10#t10s0 advisory   true=False cmd=('grep', '~/git/reference/beellama.cpp/tools/server/') 2.72s
  . rung 0.6222 drive-10#t10s0 sham       true=False cmd=('grep', '~/git/reference/beellama.cpp/tools/server/') 2.71s
  . rung 0.0556 drive-10#t10s0 control    true=False cmd=('grep', '~/git/reference/beellama.cpp/tools/server/') 2.17s
  . rung 0.0556 drive-10#t10s0 imperative true=False cmd=('grep', '~/git/reference/beellama.cpp/tools/server/') 3.84s
  . rung 0.0556 drive-10#t10s0 advisory   true=False cmd=('grep', '~/git/reference/beellama.cpp/tools/server/') 2.4s
  . rung 0.0556 drive-10#t10s0 sham       true=False cmd=('grep', '~/git/reference/beellama.cpp/tools/server/') 2.24s
  . rung 1.0 drive-10#t10s2 control    true=False cmd=('sed', '~/git/reference/beellama.cpp/tools/server/server-context.cpp') 2.78s
  . rung 1.0 drive-10#t10s2 imperative true=False cmd=('grep', '"tokenize_input_prompt\\|tokenize.*prompt"') 2.98s
  . rung 1.0 drive-10#t10s2 advisory   true=False cmd=('sed', '~/git/reference/beellama.cpp/tools/server/server-context.cpp') 2.54s
  . rung 1.0 drive-10#t10s2 sham       true=False cmd=('sed', '~/git/reference/beellama.cpp/tools/server/server-context.cpp') 2.09s
  . rung 0.8 drive-10#t10s2 control    true=False cmd=('sed', '~/git/reference/beellama.cpp/tools/server/server-context.cpp') 1.93s
  . rung 0.8 drive-10#t10s2 imperative true=False cmd=('sed', '~/git/reference/beellama.cpp/tools/server/server-context.cpp') 8.19s
  . rung 0.8 drive-10#t10s2 advisory   true=False cmd=('sed', '~/git/reference/beellama.cpp/tools/server/server-context.cpp') 2.47s
  . rung 0.8 drive-10#t10s2 sham       true=False cmd=('sed', '~/git/reference/beellama.cpp/tools/server/server-context.cpp') 2.18s
  . rung 0.6 drive-10#t10s2 control    true=False cmd=('sed', '~/git/reference/beellama.cpp/tools/server/server-context.cpp') 1.65s
  . rung 0.6 drive-10#t10s2 imperative true=False cmd=('sed', '~/git/reference/beellama.cpp/tools/server/server-context.cpp') 6.16s
  . rung 0.6 drive-10#t10s2 advisory   true=False cmd=('sed', '~/git/reference/beellama.cpp/tools/server/server-context.cpp') 2.6s
  . rung 0.6 drive-10#t10s2 sham       true=False cmd=('sed', '~/git/reference/beellama.cpp/tools/server/server-context.cpp') 1.96s
  . rung 0.4 drive-10#t10s2 control    true=False cmd=('sed', '~/git/reference/beellama.cpp/tools/server/server-context.cpp') 1.7s
  . rung 0.4 drive-10#t10s2 imperative true=False cmd=('sed', '~/git/reference/beellama.cpp/tools/server/server-context.cpp') 10.19s
  . rung 0.4 drive-10#t10s2 advisory   true=False cmd=('sed', '~/git/reference/beellama.cpp/tools/server/server-context.cpp') 3.06s
  . rung 0.4 drive-10#t10s2 sham       true=False cmd=('sed', '~/git/reference/beellama.cpp/tools/server/server-context.cpp') 1.71s
  . rung 0.6222 drive-10#t10s2 control    true=False cmd=('sed', '~/git/reference/beellama.cpp/tools/server/server-context.cpp') 1.71s
  . rung 0.6222 drive-10#t10s2 imperative true=False cmd=('grep', '~/git/reference/beellama.cpp/tools/server/') 3.36s
  . rung 0.6222 drive-10#t10s2 advisory   true=False cmd=('sed', '~/git/reference/beellama.cpp/tools/server/server-context.cpp') 2.99s
  . rung 0.6222 drive-10#t10s2 sham       true=False cmd=('sed', '~/git/reference/beellama.cpp/tools/server/server-context.cpp') 1.96s
  . rung 0.0556 drive-10#t10s2 control    true=False cmd=('sed', '~/git/reference/beellama.cpp/tools/server/server-context.cpp') 1.72s
  . rung 0.0556 drive-10#t10s2 imperative true=False cmd=('sed', '~/git/reference/beellama.cpp/tools/server/server-context.cpp') 5.23s
  . rung 0.0556 drive-10#t10s2 advisory   true=False cmd=('sed', '~/git/reference/beellama.cpp/tools/server/server-context.cpp') 3.0s
  . rung 0.0556 drive-10#t10s2 sham       true=False cmd=('sed', '~/git/reference/beellama.cpp/tools/server/server-context.cpp') 1.83s
  . rung 1.0 drive-10#t10s7 control    true=False cmd=('grep', '~/git/reference/beellama.cpp/common/') 6.65s
  . rung 1.0 drive-10#t10s7 imperative true=False cmd=('grep', '~/git/reference/beellama.cpp/tools/server/server-task.cpp') 2.93s
  . rung 1.0 drive-10#t10s7 advisory   true=False cmd=('grep', '~/git/reference/beellama.cpp/common/') 7.35s
  . rung 1.0 drive-10#t10s7 sham       true=False cmd=('pnpm', 'dev:lab') 5.76s
  . rung 0.8 drive-10#t10s7 control    true=False cmd=('grep', '~/git/reference/beellama.cpp/') 2.68s
  . rung 0.8 drive-10#t10s7 imperative true=False cmd=('grep', '~/git/reference/beellama.cpp/tools/server/server-task.cpp') 5.57s
  . rung 0.8 drive-10#t10s7 advisory   true=False cmd=('grep', '~/git/reference/beellama.cpp/tools/server/server-task.cpp') 3.73s
  . rung 0.8 drive-10#t10s7 sham       true=False cmd=('grep', '~/git/reference/beellama.cpp/tools/server/server-common.cpp') 2.89s
  . rung 0.6 drive-10#t10s7 control    true=False cmd=('grep', '~/git/reference/beellama.cpp/common/') 2.51s
  . rung 0.6 drive-10#t10s7 imperative true=False cmd=('grep', '~/git/reference/beellama.cpp/tools/server/server-task.cpp') 2.98s
  . rung 0.6 drive-10#t10s7 advisory   true=False cmd=('grep', '~/git/reference/beellama.cpp/common/') 5.42s
  . rung 0.6 drive-10#t10s7 sham       true=False cmd=('grep', '~/git/reference/beellama.cpp/common/') 2.86s
  . rung 0.4 drive-10#t10s7 control    true=False cmd=('grep', '~/git/reference/beellama.cpp/common/') 2.39s
  . rung 0.4 drive-10#t10s7 imperative true=False cmd=('grep', '~/git/reference/beellama.cpp/tools/server/server-task.cpp') 2.95s
  . rung 0.4 drive-10#t10s7 advisory   true=False cmd=('grep', '~/git/reference/beellama.cpp/common/') 4.72s
  . rung 0.4 drive-10#t10s7 sham       true=False cmd=('grep', '~/git/reference/beellama.cpp/') 2.61s
  . rung 0.6222 drive-10#t10s7 control    true=False cmd=('grep', '~/git/reference/beellama.cpp/common/') 2.26s
  . rung 0.6222 drive-10#t10s7 imperative true=False cmd=('grep', '~/git/reference/beellama.cpp/tools/server/server-task.cpp') 5.8s
  . rung 0.6222 drive-10#t10s7 advisory   true=False cmd=('grep', '~/git/reference/beellama.cpp/tools/server/server-task.cpp') 3.81s
  . rung 0.6222 drive-10#t10s7 sham       true=False cmd=('grep', '~/git/reference/beellama.cpp/common/') 2.6s
  . rung 0.0556 drive-10#t10s7 control    true=False cmd=('grep', '~/git/reference/beellama.cpp/common/') 2.55s
  . rung 0.0556 drive-10#t10s7 imperative true=False cmd=('grep', '~/git/reference/beellama.cpp/tools/server/server-context.cpp') 3.11s
  . rung 0.0556 drive-10#t10s7 advisory   true=False cmd=('grep', '~/git/reference/beellama.cpp/common/') 4.13s
  . rung 0.0556 drive-10#t10s7 sham       true=False cmd=('grep', '~/git/reference/beellama.cpp/common/') 2.93s
  . rung 1.0 drive-10#t5s7 control    true=False cmd=('cd', '~/git/llama.cpp') 12.51s
  . rung 1.0 drive-10#t5s7 imperative true=False cmd=('cd', '~/git/llama.cpp') 5.83s
  . rung 1.0 drive-10#t5s7 advisory   true=False cmd=('cd', '~/git/llama.cpp') 2.39s
  . rung 1.0 drive-10#t5s7 sham       true=False cmd=('cd', '~/git/llama.cpp') 2.43s
  . rung 0.8 drive-10#t5s7 control    true=False cmd=('cd', '~/git/llama.cpp') 2.66s
  . rung 0.8 drive-10#t5s7 imperative true=False cmd=('cd', '~/git/llama.cpp') 5.46s
  . rung 0.8 drive-10#t5s7 advisory   true=False cmd=('cd', '~/git/llama.cpp') 4.02s
  . rung 0.8 drive-10#t5s7 sham       true=False cmd=('cd', '~/git/llama.cpp') 3.03s
  . rung 0.6 drive-10#t5s7 control    true=False cmd=('cd', '~/git/llama.cpp') 2.87s
  . rung 0.6 drive-10#t5s7 imperative true=False cmd=('cd', '~/git/llama.cpp') 7.45s
  . rung 0.6 drive-10#t5s7 advisory   true=False cmd=('cd', '~/git/llama.cpp') 2.42s
  . rung 0.6 drive-10#t5s7 sham       true=False cmd=('cd', '~/git/llama.cpp') 3.4s
  . rung 0.4 drive-10#t5s7 control    true=False cmd=('cd', '~/git/llama.cpp') 4.05s
  . rung 0.4 drive-10#t5s7 imperative true=False cmd=('cd', '~/git/llama.cpp') 7.15s
  . rung 0.4 drive-10#t5s7 advisory   true=False cmd=('cd', '~/git/llama.cpp') 3.74s
  . rung 0.4 drive-10#t5s7 sham       true=False cmd=('cd', '~/git/llama.cpp') 3.77s
  . rung 0.6222 drive-10#t5s7 control    true=False cmd=('cd', '~/git/llama.cpp') 2.09s
  . rung 0.6222 drive-10#t5s7 imperative true=False cmd=('cd', '~/git/llama.cpp') 4.23s
  . rung 0.6222 drive-10#t5s7 advisory   true=False cmd=('cd', '~/git/llama.cpp') 2.69s
  . rung 0.6222 drive-10#t5s7 sham       true=False cmd=('cd', '~/git/llama.cpp') 5.11s
  . rung 0.0556 drive-10#t5s7 control    true=False cmd=('cd', '~/git/llama.cpp') 2.19s
  . rung 0.0556 drive-10#t5s7 imperative true=False cmd=('cd', '~/git/llama.cpp') 8.44s
  . rung 0.0556 drive-10#t5s7 advisory   true=False cmd=('cd', '~/git/llama.cpp') 3.36s
  . rung 0.0556 drive-10#t5s7 sham       true=False cmd=('cd', '~/git/llama.cpp') 2.23s
  . rung 1.0 drive-10#t7s18 control    true=False cmd=('cd', '~/git/llama.cpp') 17.4s
  . rung 1.0 drive-10#t7s18 imperative true=False cmd=('cd', '~/git/llama.cpp') 5.93s
  . rung 1.0 drive-10#t7s18 advisory   true=False cmd=('cd', '~/git/llama.cpp') 2.99s
  . rung 1.0 drive-10#t7s18 sham       true=False cmd=('cd', '~/git/llama.cpp') 2.22s
  . rung 0.8 drive-10#t7s18 control    true=False cmd=('cd', '~/git/llama.cpp') 2.34s
  . rung 0.8 drive-10#t7s18 imperative true=False cmd=('cd', '~/git/llama.cpp') 5.07s
  . rung 0.8 drive-10#t7s18 advisory   true=False cmd=('cd', '~/git/llama.cpp') 2.52s
  . rung 0.8 drive-10#t7s18 sham       true=False cmd=('cd', '~/git/llama.cpp') 2.76s
  . rung 0.6 drive-10#t7s18 control    true=False cmd=('cd', '~/git/llama.cpp') 2.62s
  . rung 0.6 drive-10#t7s18 imperative true=False cmd=None 10.79s
  . rung 0.6 drive-10#t7s18 advisory   true=False cmd=('cd', '~/git/llama.cpp') 2.61s
  . rung 0.6 drive-10#t7s18 sham       true=False cmd=('cd', '~/git/llama.cpp') 2.85s
  . rung 0.4 drive-10#t7s18 control    true=False cmd=('cd', '~/git/llama.cpp') 2.78s
  . rung 0.4 drive-10#t7s18 imperative true=False cmd=('cd', '~/git/llama.cpp') 4.43s
  . rung 0.4 drive-10#t7s18 advisory   true=False cmd=('cd', '~/git/llama.cpp') 2.76s
  . rung 0.4 drive-10#t7s18 sham       true=False cmd=('cd', '~/git/llama.cpp') 3.79s
  . rung 0.6222 drive-10#t7s18 control    true=False cmd=('cd', '~/git/llama.cpp') 3.02s
  . rung 0.6222 drive-10#t7s18 imperative true=False cmd=('cd', '~/git/llama.cpp') 4.8s
  . rung 0.6222 drive-10#t7s18 advisory   true=False cmd=('cd', '~/git/llama.cpp') 2.59s
  . rung 0.6222 drive-10#t7s18 sham       true=False cmd=('cd', '~/git/llama.cpp') 2.41s
  . rung 0.0556 drive-10#t7s18 control    true=False cmd=('cd', '~/git/llama.cpp') 2.54s
  . rung 0.0556 drive-10#t7s18 imperative true=False cmd=('cd', '~/git/llama.cpp') 4.97s
  . rung 0.0556 drive-10#t7s18 advisory   true=False cmd=('cd', '~/git/llama.cpp') 2.35s
  . rung 0.0556 drive-10#t7s18 sham       true=False cmd=('cd', '~/git/llama.cpp') 2.39s
  . rung 1.0 drive-10#t7s28 control    true=False cmd=('cd', '~/git/llama.cpp') 9.01s
  . rung 1.0 drive-10#t7s28 imperative true=False cmd=('cd', '~/git/llama.cpp') 8.72s
  . rung 1.0 drive-10#t7s28 advisory   true=False cmd=('cd', '~/git/llama.cpp') 2.41s
  . rung 1.0 drive-10#t7s28 sham       true=False cmd=('cd', '~/git/llama.cpp') 2.57s
  . rung 0.8 drive-10#t7s28 control    true=False cmd=('cd', '~/git/llama.cpp') 2.51s
  . rung 0.8 drive-10#t7s28 imperative true=False cmd=('cd', '~/git/llama.cpp') 5.08s
  . rung 0.8 drive-10#t7s28 advisory   true=False cmd=('cd', '~/git/llama.cpp') 2.84s
  . rung 0.8 drive-10#t7s28 sham       true=False cmd=('cd', '~/git/llama.cpp') 2.46s
  . rung 0.6 drive-10#t7s28 control    true=False cmd=('cd', '~/git/llama.cpp') 2.47s
  . rung 0.6 drive-10#t7s28 imperative true=False cmd=('cd', '~/git/llama.cpp') 16.12s
  . rung 0.6 drive-10#t7s28 advisory   true=False cmd=('cd', '~/git/llama.cpp') 2.47s
  . rung 0.6 drive-10#t7s28 sham       true=False cmd=('cd', '~/git/llama.cpp') 2.86s
  . rung 0.4 drive-10#t7s28 control    true=False cmd=('cd', '~/git/llama.cpp') 2.38s
  . rung 0.4 drive-10#t7s28 imperative true=False cmd=('cd', '~/git/llama.cpp') 4.45s
  . rung 0.4 drive-10#t7s28 advisory   true=False cmd=('cd', '~/git/llama.cpp') 2.57s
  . rung 0.4 drive-10#t7s28 sham       true=False cmd=('cd', '~/git/llama.cpp') 2.54s
  . rung 0.6222 drive-10#t7s28 control    true=False cmd=('cd', '~/git/llama.cpp') 2.61s
  . rung 0.6222 drive-10#t7s28 imperative true=False cmd=('cd', '~/git/llama.cpp') 9.94s
  . rung 0.6222 drive-10#t7s28 advisory   true=False cmd=('cd', '~/git/llama.cpp') 2.57s
  . rung 0.6222 drive-10#t7s28 sham       true=False cmd=('cd', '~/git/llama.cpp') 2.6s
  . rung 0.0556 drive-10#t7s28 control    true=False cmd=('cd', '~/git/llama.cpp') 2.43s
  . rung 0.0556 drive-10#t7s28 imperative true=False cmd=('cd', '~/git/llama.cpp') 4.26s
  . rung 0.0556 drive-10#t7s28 advisory   true=False cmd=('cd', '~/git/llama.cpp') 2.46s
  . rung 0.0556 drive-10#t7s28 sham       true=False cmd=('cd', '~/git/llama.cpp') 2.64s
  . rung 1.0 drive-10#t8s10 control    true=False cmd=('cd', '~/git/llama.cpp') 9.71s
  . rung 1.0 drive-10#t8s10 imperative true=False cmd=('cd', '~/git/llama.cpp') 11.85s
  . rung 1.0 drive-10#t8s10 advisory   true=False cmd=('cd', '~/git/llama.cpp') 5.61s
  . rung 1.0 drive-10#t8s10 sham       true=False cmd=('cd', '~/git/llama.cpp') 3.15s
  . rung 0.8 drive-10#t8s10 control    true=False cmd=('cd', '~/git/llama.cpp') 2.37s
  . rung 0.8 drive-10#t8s10 imperative true=False cmd=('cd', '~/git/llama.cpp') 4.5s
  . rung 0.8 drive-10#t8s10 advisory   true=False cmd=('cd', '~/git/llama.cpp') 3.83s
  . rung 0.8 drive-10#t8s10 sham       true=False cmd=('cd', '~/git/llama.cpp') 4.14s
  . rung 0.6 drive-10#t8s10 control    true=False cmd=('cd', '~/git/llama.cpp') 3.49s
  . rung 0.6 drive-10#t8s10 imperative true=False cmd=('cd', '~/git/llama.cpp') 6.85s
  . rung 0.6 drive-10#t8s10 advisory   true=False cmd=('cd', '~/git/llama.cpp') 3.49s
  . rung 0.6 drive-10#t8s10 sham       true=False cmd=('cat', '~/git/llama.cpp/docs/compaction-model.md') 2.24s
  . rung 0.4 drive-10#t8s10 control    true=False cmd=('cd', '~/git/llama.cpp') 2.84s
  . rung 0.4 drive-10#t8s10 imperative true=False cmd=None 8.18s
  . rung 0.4 drive-10#t8s10 advisory   true=False cmd=('cd', '~/git/llama.cpp') 4.4s
  . rung 0.4 drive-10#t8s10 sham       true=False cmd=('cd', '~/git/llama.cpp') 4.25s
  . rung 0.6222 drive-10#t8s10 control    true=False cmd=('cd', '~/git/llama.cpp') 2.65s
  . rung 0.6222 drive-10#t8s10 imperative true=False cmd=('cd', '~/git/llama.cpp') 6.49s
  . rung 0.6222 drive-10#t8s10 advisory   true=False cmd=('cd', '~/git/llama.cpp') 3.61s
  . rung 0.6222 drive-10#t8s10 sham       true=False cmd=('cd', '~/git/llama.cpp') 4.88s
  . rung 0.0556 drive-10#t8s10 control    true=False cmd=('cd', '~/git/llama.cpp') 3.02s
  . rung 0.0556 drive-10#t8s10 imperative true=False cmd=('cd', '~/git/llama.cpp') 10.04s
  . rung 0.0556 drive-10#t8s10 advisory   true=False cmd=('cd', '~/git/llama.cpp') 4.4s
  . rung 0.0556 drive-10#t8s10 sham       true=False cmd=('cd', '~/git/llama.cpp') 5.01s
  . rung 1.0 drive-10#t8s12 control    true=False cmd=('cd', '~/git/llama.cpp') 4.0s
  . rung 1.0 drive-10#t8s12 imperative true=False cmd=('cd', '~/git/llama.cpp') 6.58s
  . rung 1.0 drive-10#t8s12 advisory   true=False cmd=('cd', '~/git/llama.cpp') 4.83s
  . rung 1.0 drive-10#t8s12 sham       true=False cmd=('cd', '~/git/llama.cpp') 8.08s
  . rung 0.8 drive-10#t8s12 control    true=False cmd=('cd', '~/git/llama.cpp') 2.22s
  . rung 0.8 drive-10#t8s12 imperative true=False cmd=('cd', '~/git/llama.cpp') 16.53s
  . rung 0.8 drive-10#t8s12 advisory   true=False cmd=('cd', '~/git/llama.cpp') 4.71s
  . rung 0.8 drive-10#t8s12 sham       true=False cmd=('cat', '~/git/llama.cpp/docs/compaction-model.md') 1.89s
  . rung 0.6 drive-10#t8s12 control    true=False cmd=('cd', '~/git/llama.cpp') 2.18s
  . rung 0.6 drive-10#t8s12 imperative true=False cmd=('cd', '~/git/llama.cpp') 5.91s
  . rung 0.6 drive-10#t8s12 advisory   true=False cmd=('cd', '~/git/llama.cpp') 5.31s
  . rung 0.6 drive-10#t8s12 sham       true=False cmd=('cd', '~/git/llama.cpp') 5.25s
  . rung 0.4 drive-10#t8s12 control    true=False cmd=('cd', '~/git/llama.cpp') 2.16s
  . rung 0.4 drive-10#t8s12 imperative true=False cmd=('cd', '~/git/llama.cpp') 5.97s
  . rung 0.4 drive-10#t8s12 advisory   true=False cmd=('cd', '~/git/llama.cpp') 5.07s
  . rung 0.4 drive-10#t8s12 sham       true=False cmd=('cd', '~/git/llama.cpp') 3.69s
  . rung 0.6222 drive-10#t8s12 control    true=False cmd=('cd', '~/git/llama.cpp') 3.02s
  . rung 0.6222 drive-10#t8s12 imperative true=False cmd=('cd', '~/git/llama.cpp') 7.97s
  . rung 0.6222 drive-10#t8s12 advisory   true=False cmd=('cd', '~/git/llama.cpp') 4.77s
  . rung 0.6222 drive-10#t8s12 sham       true=False cmd=('cd', '~/git/llama.cpp') 4.4s
  . rung 0.0556 drive-10#t8s12 control    true=False cmd=('cd', '~/git/llama.cpp') 2.49s
  . rung 0.0556 drive-10#t8s12 imperative true=False cmd=None 11.63s
  . rung 0.0556 drive-10#t8s12 advisory   true=False cmd=('cd', '~/git/llama.cpp') 6.21s
  . rung 0.0556 drive-10#t8s12 sham       true=False cmd=('-', 'vs.') 44.51s
  . rung 1.0 drive-10#t8s13 control    true=False cmd=('cd', '~/git/llama.cpp') 3.43s
  . rung 1.0 drive-10#t8s13 imperative true=False cmd=('cd', '~/git/llama.cpp') 3.7s
  . rung 1.0 drive-10#t8s13 advisory   true=False cmd=('cd', '~/git/llama.cpp') 3.51s
  . rung 1.0 drive-10#t8s13 sham       true=False cmd=('cd', '~/git/llama.cpp') 2.59s
  . rung 0.8 drive-10#t8s13 control    true=False cmd=('cd', '~/git/llama.cpp') 2.15s
  . rung 0.8 drive-10#t8s13 imperative true=False cmd=('cd', '~/git/llama.cpp') 5.61s
  . rung 0.8 drive-10#t8s13 advisory   true=False cmd=('cd', '~/git/llama.cpp') 4.05s
  . rung 0.8 drive-10#t8s13 sham       true=False cmd=('cd', '~/git/llama.cpp') 3.38s
  . rung 0.6 drive-10#t8s13 control    true=False cmd=('cd', '~/git/llama.cpp') 2.75s
  . rung 0.6 drive-10#t8s13 imperative true=False cmd=('grep', '/tmp/working_record.txt') 26.28s
  . rung 0.6 drive-10#t8s13 advisory   true=False cmd=('cd', '~/git/llama.cpp') 6.76s
  . rung 0.6 drive-10#t8s13 sham       true=False cmd=None 4.29s
  . rung 0.4 drive-10#t8s13 control    true=False cmd=('cd', '~/git/llama.cpp') 2.63s
  . rung 0.4 drive-10#t8s13 imperative true=False cmd=('cd', '~/git/llama.cpp') 2.97s
  . rung 0.4 drive-10#t8s13 advisory   true=False cmd=('cd', '~/git/llama.cpp') 2.8s
  . rung 0.4 drive-10#t8s13 sham       true=False cmd=('cd', '~/git/llama.cpp') 3.39s
  . rung 0.6222 drive-10#t8s13 control    true=False cmd=('cd', '~/git/llama.cpp') 2.87s
  . rung 0.6222 drive-10#t8s13 imperative true=False cmd=('cat', '/') 28.82s
  . rung 0.6222 drive-10#t8s13 advisory   true=False cmd=('cd', '~/git/llama.cpp') 2.43s
  . rung 0.6222 drive-10#t8s13 sham       true=False cmd=('scene', '36/50:') 6.81s
  . rung 0.0556 drive-10#t8s13 control    true=False cmd=('cd', '~/git/llama.cpp') 2.39s
  . rung 0.0556 drive-10#t8s13 imperative true=False cmd=('cd', '~/git/llama.cpp') 4.04s
  . rung 0.0556 drive-10#t8s13 advisory   true=False cmd=('cd', '~/git/llama.cpp') 2.93s
  . rung 0.0556 drive-10#t8s13 sham       true=False cmd=None 24.6s
  . rung 1.0 drive-10#t8s18 control    true=False cmd=('cd', '~/git/llama.cpp') 4.71s
  . rung 1.0 drive-10#t8s18 imperative true=False cmd=('**Hard', '(`pos_min`/`pos_max`)') 35.66s
  . rung 1.0 drive-10#t8s18 advisory   true=False cmd=('cd', '~/git/llama.cpp') 4.13s
  . rung 1.0 drive-10#t8s18 sham       true=False cmd=('---', '2.') 30.0s
  . rung 0.8 drive-10#t8s18 control    true=False cmd=('cd', '~/git/llama.cpp') 2.24s
  . rung 0.8 drive-10#t8s18 imperative true=False cmd=('**Limits:**', '(`server-context.cpp:3252–3253`)') 42.36s
  . rung 0.8 drive-10#t8s18 advisory   true=False cmd=('cd', '~/git/llama.cpp') 9.15s
  . rung 0.8 drive-10#t8s18 sham       true=False cmd=('cd', '~/git/llama.cpp') 4.55s
  . rung 0.6 drive-10#t8s18 control    true=False cmd=('cd', '~/git/llama.cpp') 2.84s
  . rung 0.6 drive-10#t8s18 imperative true=False cmd=('cd', '~/git/llama.cpp') 6.23s
  . rung 0.6 drive-10#t8s18 advisory   true=False cmd=('-', '(server-context.cpp:1113-1115)') 51.59s
  . rung 0.6 drive-10#t8s18 sham       true=False cmd=('cd', '~/git/llama.cpp') 4.12s
  . rung 0.4 drive-10#t8s18 control    true=False cmd=('cd', '~/git/llama.cpp') 2.47s
  . rung 0.4 drive-10#t8s18 imperative true=False cmd=('cd', '~/git/llama.cpp') 5.2s
  . rung 0.4 drive-10#t8s18 advisory   true=False cmd=('cd', '~/git/llama.cpp') 4.25s
  . rung 0.4 drive-10#t8s18 sham       true=False cmd=('cd', '~/git/llama.cpp') 3.22s
  . rung 0.6222 drive-10#t8s18 control    true=False cmd=('cd', '~/git/llama.cpp') 2.59s
  . rung 0.6222 drive-10#t8s18 imperative true=False cmd=('cd', '~/git/llama.cpp') 12.28s
  . rung 0.6222 drive-10#t8s18 advisory   true=False cmd=('cd', '~/git/llama.cpp') 4.5s
  . rung 0.6222 drive-10#t8s18 sham       true=False cmd=('-', '`server_prompt.checkpoints`') 29.7s
  . rung 0.0556 drive-10#t8s18 control    true=False cmd=('cd', '~/git/llama.cpp') 2.96s
  . rung 0.0556 drive-10#t8s18 imperative true=False cmd=('cd', '~/git/llama.cpp') 13.0s
  . rung 0.0556 drive-10#t8s18 advisory   true=False cmd=('cd', '~/git/llama.cpp') 3.28s
  . rung 0.0556 drive-10#t8s18 sham       true=False cmd=None 22.03s
  . rung 1.0 drive-10#t8s2 control    true=False cmd=('cd', '~/git/llama.cpp') 4.07s
  . rung 1.0 drive-10#t8s2 imperative true=False cmd=('cd', '~/git/llama.cpp') 3.21s
  . rung 1.0 drive-10#t8s2 advisory   true=False cmd=('cd', '~/git/llama.cpp') 2.45s
  . rung 1.0 drive-10#t8s2 sham       true=False cmd=('cd', '~/git/llama.cpp') 2.14s
  . rung 0.8 drive-10#t8s2 control    true=False cmd=('cd', '~/git/llama.cpp') 1.28s
  . rung 0.8 drive-10#t8s2 imperative true=False cmd=('cd', '~/git/llama.cpp') 2.98s
  . rung 0.8 drive-10#t8s2 advisory   true=False cmd=('cd', '~/git/llama.cpp') 3.47s
  . rung 0.8 drive-10#t8s2 sham       true=False cmd=('cd', '~/git/llama.cpp') 1.95s
  . rung 0.6 drive-10#t8s2 control    true=False cmd=('cd', '~/git/llama.cpp') 1.21s
  . rung 0.6 drive-10#t8s2 imperative true=False cmd=('cd', '~/git/llama.cpp') 4.11s
  . rung 0.6 drive-10#t8s2 advisory   true=False cmd=('cd', '~/git/llama.cpp') 2.68s
  . rung 0.6 drive-10#t8s2 sham       true=False cmd=('cd', '~/git/llama.cpp') 1.91s
  . rung 0.4 drive-10#t8s2 control    true=False cmd=('cd', '~/git/llama.cpp') 1.23s
  . rung 0.4 drive-10#t8s2 imperative true=False cmd=('cd', '~/git/llama.cpp') 4.5s
  . rung 0.4 drive-10#t8s2 advisory   true=False cmd=('cd', '~/git/llama.cpp') 3.8s
  . rung 0.4 drive-10#t8s2 sham       true=False cmd=('cd', '~/git/llama.cpp') 2.32s
  . rung 0.6222 drive-10#t8s2 control    true=False cmd=('cd', '~/git/llama.cpp') 1.14s
  . rung 0.6222 drive-10#t8s2 imperative true=False cmd=('cd', '~/git/llama.cpp') 6.2s
  . rung 0.6222 drive-10#t8s2 advisory   true=False cmd=('cd', '~/git/llama.cpp') 2.49s
  . rung 0.6222 drive-10#t8s2 sham       true=False cmd=('cd', '~/git/llama.cpp') 1.9s
  . rung 0.0556 drive-10#t8s2 control    true=False cmd=('cd', '~/git/llama.cpp') 1.44s
  . rung 0.0556 drive-10#t8s2 imperative true=False cmd=('cd', '~/git/llama.cpp') 4.24s
  . rung 0.0556 drive-10#t8s2 advisory   true=False cmd=('cd', '~/git/llama.cpp') 6.45s
  . rung 0.0556 drive-10#t8s2 sham       true=False cmd=('cd', '~/git/llama.cpp') 2.11s
  . rung 1.0 drive-10#t8s22 control    true=False cmd=('cd', '~/git/llama.cpp') 11.84s
  . rung 1.0 drive-10#t8s22 imperative true=False cmd=('**Limits:**', '`server-context.cpp:2850`') 69.21s
  . rung 1.0 drive-10#t8s22 advisory   true=False cmd=('cd', '~/git/llama.cpp') 2.22s
  . rung 1.0 drive-10#t8s22 sham       true=False cmd=('cd', '~/git/llama.cpp') 3.54s
  . rung 0.8 drive-10#t8s22 control    true=False cmd=('cd', '~/git/llama.cpp') 1.84s
  . rung 0.8 drive-10#t8s22 imperative true=False cmd=('cd', '~/git/llama.cpp') 10.37s
  . rung 0.8 drive-10#t8s22 advisory   true=False cmd=('cd', '~/git/llama.cpp') 4.0s
  . rung 0.8 drive-10#t8s22 sham       true=False cmd=('###', '(server-context.cpp:3245-3263)') 38.39s
  . rung 0.6 drive-10#t8s22 control    true=False cmd=('cd', '~/git/llama.cpp') 3.26s
  . rung 0.6 drive-10#t8s22 imperative true=False cmd=('cd', '~/git/llama.cpp') 2.92s
  . rung 0.6 drive-10#t8s22 advisory   true=False cmd=('cd', '~/git/llama.cpp') 2.74s
  . rung 0.6 drive-10#t8s22 sham       true=False cmd=('cd', '~/git/llama.cpp') 2.69s
  . rung 0.4 drive-10#t8s22 control    true=False cmd=('cd', '~/git/llama.cpp') 2.01s
  . rung 0.4 drive-10#t8s22 imperative true=False cmd=None 18.92s
  . rung 0.4 drive-10#t8s22 advisory   true=False cmd=('cd', '~/git/llama.cpp') 2.81s
  . rung 0.4 drive-10#t8s22 sham       true=False cmd=('cd', '~/git/llama.cpp') 4.32s
  . rung 0.6222 drive-10#t8s22 control    true=False cmd=('cd', '~/git/llama.cpp') 2.35s
  . rung 0.6222 drive-10#t8s22 imperative true=False cmd=('cd', '~/git/llama.cpp') 3.28s
  . rung 0.6222 drive-10#t8s22 advisory   true=False cmd=('cd', '~/git/llama.cpp') 3.03s
  . rung 0.6222 drive-10#t8s22 sham       true=False cmd=None 13.03s
  . rung 0.0556 drive-10#t8s22 control    true=False cmd=('cd', '~/git/llama.cpp') 1.97s
  . rung 0.0556 drive-10#t8s22 imperative true=False cmd=('cd', '~/git/llama.cpp') 3.7s
  . rung 0.0556 drive-10#t8s22 advisory   true=False cmd=('cd', '~/git/llama.cpp') 2.67s
  . rung 0.0556 drive-10#t8s22 sham       true=False cmd=None 24.71s
  . rung 1.0 drive-10#t8s4 control    true=False cmd=('cd', '~/git/llama.cpp') 2.96s
  . rung 1.0 drive-10#t8s4 imperative true=False cmd=('#1', 'save/restore') 31.37s
  . rung 1.0 drive-10#t8s4 advisory   true=False cmd=('cd', '~/git/llama.cpp') 1.35s
  . rung 1.0 drive-10#t8s4 sham       true=False cmd=('cd', '~/git/llama.cpp') 1.71s
  . rung 0.8 drive-10#t8s4 control    true=False cmd=('cd', '~/git/llama.cpp') 1.27s
  . rung 0.8 drive-10#t8s4 imperative true=False cmd=('cd', '~/git/llama.cpp') 3.86s
  . rung 0.8 drive-10#t8s4 advisory   true=False cmd=('cd', '~/git/llama.cpp') 2.53s
  . rung 0.8 drive-10#t8s4 sham       true=False cmd=('cd', '~/git/llama.cpp') 1.94s
  . rung 0.6 drive-10#t8s4 control    true=False cmd=('cd', '~/git/llama.cpp') 1.4s
  . rung 0.6 drive-10#t8s4 imperative true=False cmd=('cd', '~/git/llama.cpp') 4.52s
  . rung 0.6 drive-10#t8s4 advisory   true=False cmd=('cd', '~/git/llama.cpp') 2.43s
  . rung 0.6 drive-10#t8s4 sham       true=False cmd=('cd', '~/git/llama.cpp') 1.71s
  . rung 0.4 drive-10#t8s4 control    true=False cmd=('cd', '~/git/llama.cpp') 1.39s
  . rung 0.4 drive-10#t8s4 imperative true=False cmd=('cd', '~/git/llama.cpp') 3.62s
  . rung 0.4 drive-10#t8s4 advisory   true=False cmd=('cd', '~/git/llama.cpp') 2.47s
  . rung 0.4 drive-10#t8s4 sham       true=False cmd=('cd', '~/git/llama.cpp') 2.24s
  . rung 0.6222 drive-10#t8s4 control    true=False cmd=('cd', '~/git/llama.cpp') 1.51s
  . rung 0.6222 drive-10#t8s4 imperative true=False cmd=('cd', '~/git/llama.cpp') 3.49s
  . rung 0.6222 drive-10#t8s4 advisory   true=False cmd=('cd', '~/git/llama.cpp') 2.76s
  . rung 0.6222 drive-10#t8s4 sham       true=False cmd=('cd', '~/git/llama.cpp') 2.13s
  . rung 0.0556 drive-10#t8s4 control    true=False cmd=('cd', '~/git/llama.cpp') 1.21s
  . rung 0.0556 drive-10#t8s4 imperative true=False cmd=('cd', '~/git/llama.cpp') 2.78s
  . rung 0.0556 drive-10#t8s4 advisory   true=False cmd=('cd', '~/git/llama.cpp') 2.43s
  . rung 0.0556 drive-10#t8s4 sham       true=False cmd=('cd', '~/git/llama.cpp') 1.71s
  . rung 1.0 drive-10#t9s11 control    true=False cmd=('cat', '~/git/reference/beellama.cpp/tools/server/CMakeLists.txt') 25.45s
  . rung 1.0 drive-10#t9s11 imperative true=False cmd=('grep', '~/git/reference/beellama.cpp/tools/server/server.cpp') 10.99s
  . rung 1.0 drive-10#t9s11 advisory   true=False cmd=('cat', '~/git/reference/beellama.cpp/tools/server/CMakeLists.txt') 7.87s
  . rung 1.0 drive-10#t9s11 sham       true=False cmd=('head', '~/git/reference/beellama.cpp/tools/server/tests/unit/test_reasoning_loop_guard.py') 4.41s
  . rung 0.8 drive-10#t9s11 control    true=False cmd=('cat', '~/git/reference/beellama.cpp/tools/server/CMakeLists.txt') 1.59s
  . rung 0.8 drive-10#t9s11 imperative true=False cmd=('find', '~/git') 2.69s
  . rung 0.8 drive-10#t9s11 advisory   true=False cmd=('grep', '~/git/reference/beellama.cpp/tools/server/*.cpp') 9.89s
  . rung 0.8 drive-10#t9s11 sham       true=False cmd=('ls', '~/git/reference/beellama.cpp/tools/server/bench/speed-bench/') 1.51s
  . rung 0.6 drive-10#t9s11 control    true=False cmd=('find', '~/git/reference') 4.04s
  . rung 0.6 drive-10#t9s11 imperative true=False cmd=None 25.73s
  . rung 0.6 drive-10#t9s11 advisory   true=False cmd=('find', '~/git/reference') 3.51s
  . rung 0.6 drive-10#t9s11 sham       true=False cmd=('head', '~/git/reference/beellama.cpp/tools/server/tests/unit/test_reasoning_loop_guard.py') 2.6s
  . rung 0.4 drive-10#t9s11 control    true=False cmd=('head', '~/git/reference/beellama.cpp/tools/server/server.cpp') 2.43s
  . rung 0.4 drive-10#t9s11 imperative true=False cmd=None 19.09s
  . rung 0.4 drive-10#t9s11 advisory   true=False cmd=('cat', '~/git/reference/beellama.cpp/tools/server/CMakeLists.txt') 2.19s
  . rung 0.4 drive-10#t9s11 sham       true=False cmd=('head', '~/git/reference/beellama.cpp/tools/server/tests/unit/test_reasoning_loop_guard.py') 2.61s
  . rung 0.6222 drive-10#t9s11 control    true=False cmd=('ls', '~/git/reference/beellama.cpp/tools/server/bench/speed-bench/') 1.63s
  . rung 0.6222 drive-10#t9s11 imperative true=False cmd=None 22.89s
  . rung 0.6222 drive-10#t9s11 advisory   true=False cmd=None 18.16s
  . rung 0.6222 drive-10#t9s11 sham       true=False cmd=None 18.41s
  . rung 0.0556 drive-10#t9s11 control    true=False cmd=('cat', '~/git/reference/beellama.cpp/tools/server/CMakeLists.txt') 1.45s
  . rung 0.0556 drive-10#t9s11 imperative true=False cmd=('find', '~/git') 6.38s
  . rung 0.0556 drive-10#t9s11 advisory   true=False cmd=('cat', '~/git/reference/beellama.cpp/tools/server/CMakeLists.txt') 2.13s
  . rung 0.0556 drive-10#t9s11 sham       true=False cmd=('head', '~/git/reference/beellama.cpp/tools/server/server.cpp') 1.45s
  . rung 1.0 drive-10#t9s14 control    true=False cmd=('sed', '~/git/reference/beellama.cpp/tools/server/server.cpp') 2.71s
  . rung 1.0 drive-10#t9s14 imperative true=False cmd=('grep', '~/git/reference/beellama.cpp/tools/server/server-chat.cpp') 2.1s
  . rung 1.0 drive-10#t9s14 advisory   true=False cmd=('sed', '~/git/reference/beellama.cpp/tools/server/server.cpp') 1.56s
  . rung 1.0 drive-10#t9s14 sham       true=False cmd=('sed', '~/git/reference/beellama.cpp/tools/server/server.cpp') 1.11s
  . rung 0.8 drive-10#t9s14 control    true=False cmd=('sed', '~/git/reference/beellama.cpp/tools/server/server.cpp') 0.99s
  . rung 0.8 drive-10#t9s14 imperative true=False cmd=('grep', '~/git/reference/beellama.cpp/tools/server/server-http.cpp') 2.83s
  . rung 0.8 drive-10#t9s14 advisory   true=False cmd=('sed', '~/git/reference/beellama.cpp/tools/server/server.cpp') 2.51s
  . rung 0.8 drive-10#t9s14 sham       true=False cmd=('sed', '~/git/reference/beellama.cpp/tools/server/server.cpp') 1.89s
  . rung 0.6 drive-10#t9s14 control    true=False cmd=('sed', '~/git/reference/beellama.cpp/tools/server/server.cpp') 0.99s
  . rung 0.6 drive-10#t9s14 imperative true=False cmd=('The', '`input_text`/`input_image`') 6.76s
  . rung 0.6 drive-10#t9s14 advisory   true=False cmd=('grep', '~/git/reference/beellama.cpp/tools/server/server-http.h') 1.8s
  . rung 0.6 drive-10#t9s14 sham       true=False cmd=('grep', '"apply.template\\|post_apply_template"') 1.67s
  . rung 0.4 drive-10#t9s14 control    true=False cmd=('sed', '~/git/reference/beellama.cpp/tools/server/server.cpp') 0.99s
  . rung 0.4 drive-10#t9s14 imperative true=False cmd=('sed', '~/git/reference/beellama.cpp/tools/server/server.cpp') 4.32s
  . rung 0.4 drive-10#t9s14 advisory   true=False cmd=('sed', '~/git/reference/beellama.cpp/tools/server/server.cpp') 1.0s
  . rung 0.4 drive-10#t9s14 sham       true=False cmd=('sed', '~/git/reference/beellama.cpp/tools/server/server.cpp') 1.35s
  . rung 0.6222 drive-10#t9s14 control    true=False cmd=('sed', '~/git/reference/beellama.cpp/tools/server/server.cpp') 0.99s
  . rung 0.6222 drive-10#t9s14 imperative true=False cmd=('wc', '~/git/reference/beellama.cpp/tools/server/server-chat.cpp') 3.24s
  . rung 0.6222 drive-10#t9s14 advisory   true=False cmd=('sed', '~/git/reference/beellama.cpp/tools/server/server.cpp') 2.52s
  . rung 0.6222 drive-10#t9s14 sham       true=False cmd=('grep', '~/git/reference/beellama.cpp/tools/server/server.cpp') 2.06s
  . rung 0.0556 drive-10#t9s14 control    true=False cmd=('sed', '~/git/reference/beellama.cpp/tools/server/server.cpp') 1.17s
  . rung 0.0556 drive-10#t9s14 imperative true=False cmd=('grep', '"ctx_http\\."') 5.48s
  . rung 0.0556 drive-10#t9s14 advisory   true=False cmd=('sed', '~/git/reference/beellama.cpp/tools/server/server.cpp') 1.36s
  . rung 0.0556 drive-10#t9s14 sham       true=False cmd=('sed', '~/git/reference/beellama.cpp/tools/server/server.cpp') 1.76s
  . rung 1.0 drive-10#t9s15 control    true=False cmd=('sed', '~/git/reference/beellama.cpp/tools/server/server.cpp') 5.18s
  . rung 1.0 drive-10#t9s15 imperative true=False cmd=('sed', '~/git/reference/beellama.cpp/tools/server/server.cpp') 3.99s
  . rung 1.0 drive-10#t9s15 advisory   true=False cmd=('grep', '"set_route\\|\\.get\\|\\.post"') 7.09s
  . rung 1.0 drive-10#t9s15 sham       true=False cmd=('sed', '~/git/reference/beellama.cpp/tools/server/server.cpp') 2.88s
  . rung 0.8 drive-10#t9s15 control    true=False cmd=('sed', '~/git/reference/beellama.cpp/tools/server/server.cpp') 2.18s
  . rung 0.8 drive-10#t9s15 imperative true=False cmd=('grep', '"server_tools\\|tools.setup\\|tools.invoke\\|server_tool"') 8.68s
  . rung 0.8 drive-10#t9s15 advisory   true=False cmd=('grep', '~/git/reference/beellama.cpp/tools/server/server-tools.cpp') 3.5s
  . rung 0.8 drive-10#t9s15 sham       true=False cmd=('sed', '~/git/reference/beellama.cpp/tools/server/server.cpp') 2.96s
  . rung 0.6 drive-10#t9s15 control    true=False cmd=('sed', '~/git/reference/beellama.cpp/tools/server/server.cpp') 2.54s
  . rung 0.6 drive-10#t9s15 imperative true=False cmd=('grep', '"server_tools\\|tools\\."') 13.16s
  . rung 0.6 drive-10#t9s15 advisory   true=False cmd=('grep', '~/git/reference/beellama.cpp/tools/server/server-context.h') 4.25s
  . rung 0.6 drive-10#t9s15 sham       true=False cmd=None 5.59s
  . rung 0.4 drive-10#t9s15 control    true=False cmd=('grep', '~/git/reference/beellama.cpp/tools/server/server-context.h') 4.58s
  . rung 0.4 drive-10#t9s15 imperative true=False cmd=('grep', '~/git/reference/beellama.cpp/tools/server/server-tools.cpp') 9.82s
  . rung 0.4 drive-10#t9s15 advisory   true=False cmd=('grep', '~/git/reference/beellama.cpp/tools/server/server-tools.cpp') 4.59s
  . rung 0.4 drive-10#t9s15 sham       true=False cmd=None 18.67s
  . rung 0.6222 drive-10#t9s15 control    true=False cmd=('sed', '~/git/reference/beellama.cpp/tools/server/server.cpp') 2.61s
  . rung 0.6222 drive-10#t9s15 imperative true=False cmd=('grep', '~/git/reference/beellama.cpp/tools/server/server-tools.cpp') 13.14s
  . rung 0.6222 drive-10#t9s15 advisory   true=False cmd=('grep', '~/git/reference/beellama.cpp/tools/server/server.cpp') 3.18s
  . rung 0.6222 drive-10#t9s15 sham       true=False cmd=('sed', '~/git/reference/beellama.cpp/tools/server/server.cpp') 2.67s
  . rung 0.0556 drive-10#t9s15 control    true=False cmd=('grep', '~/git/reference/beellama.cpp/tools/server/server-context.h') 3.08s
  . rung 0.0556 drive-10#t9s15 imperative true=False cmd=('wc', '~/git/reference/beellama.cpp/tools/server/server-tools.cpp') 10.49s
  . rung 0.0556 drive-10#t9s15 advisory   true=False cmd=('grep', '~/git/reference/beellama.cpp/tools/server/server-tools.cpp') 3.25s
  . rung 0.0556 drive-10#t9s15 sham       true=False cmd=None 22.93s
  . rung 1.0 drive-10#t9s8 control    true=False cmd=('head', '~/git/reference/beellama.cpp/tools/server/README-dev.md') 18.58s
  . rung 1.0 drive-10#t9s8 imperative true=False cmd=('grep', '~/git/reference/beellama.cpp/tools/server/') 3.54s
  . rung 1.0 drive-10#t9s8 advisory   true=False cmd=('head', '~/git/reference/beellama.cpp/tools/server/README-dev.md') 3.21s
  . rung 1.0 drive-10#t9s8 sham       true=False cmd=('ls', '~/git/reference/beellama.cpp/tools/server/tests/unit/') 2.38s
  . rung 0.8 drive-10#t9s8 control    true=False cmd=('ls', '~/git/reference/beellama.cpp/tools/server/tests/unit/') 2.15s
  . rung 0.8 drive-10#t9s8 imperative true=False cmd=('grep', '~/git/reference/beellama.cpp/tools/server/*.cpp') 3.36s
  . rung 0.8 drive-10#t9s8 advisory   true=False cmd=('head', '~/git/reference/beellama.cpp/tools/server/README-dev.md') 2.97s
  . rung 0.8 drive-10#t9s8 sham       true=False cmd=('head', '~/git/reference/beellama.cpp/tools/server/README-dev.md') 2.71s
  . rung 0.6 drive-10#t9s8 control    true=False cmd=('ls', '~/git/reference/beellama.cpp/tools/server/tests/unit/') 2.29s
  . rung 0.6 drive-10#t9s8 imperative true=False cmd=('head', '~/git/reference/beellama.cpp/tools/server/README-dev.md') 7.05s
  . rung 0.6 drive-10#t9s8 advisory   true=False cmd=('ls', '~/git/llama.cpp/tools/server/') 5.33s
  . rung 0.6 drive-10#t9s8 sham       true=False cmd=None 18.96s
  . rung 0.4 drive-10#t9s8 control    true=False cmd=('head', '~/git/reference/beellama.cpp/tools/server/README-dev.md') 2.71s
  . rung 0.4 drive-10#t9s8 imperative true=False cmd=('grep', '"sse_ping\\|sse-ping\\|SSE.*ping\\|ping.*interval\\|keep.*alive"') 4.4s
  . rung 0.4 drive-10#t9s8 advisory   true=False cmd=('head', '~/git/reference/beellama.cpp/tools/server/README-dev.md') 6.23s
  . rung 0.4 drive-10#t9s8 sham       true=False cmd=('ls', '~/git/reference/beellama.cpp/tools/server/tests/unit/') 2.31s
  . rung 0.6222 drive-10#t9s8 control    true=False cmd=('ls', '~/git/reference/beellama.cpp/tools/server/tests/unit/') 2.85s
  . rung 0.6222 drive-10#t9s8 imperative true=False cmd=('grep', '~/git/reference/beellama.cpp/tools/server/server-common.h') 3.99s
  . rung 0.6222 drive-10#t9s8 advisory   true=False cmd=('head', '~/git/reference/beellama.cpp/tools/server/README-dev.md') 3.23s
  . rung 0.6222 drive-10#t9s8 sham       true=False cmd=('head', '~/git/reference/beellama.cpp/tools/server/README-dev.md') 2.44s
  . rung 0.0556 drive-10#t9s8 control    true=False cmd=('head', '~/git/reference/beellama.cpp/tools/server/README-dev.md') 2.53s
  . rung 0.0556 drive-10#t9s8 imperative true=False cmd=('ls', '~/git/reference/beellama.cpp/tools/server/tests/unit/') 16.5s
  . rung 0.0556 drive-10#t9s8 advisory   true=False cmd=('head', '~/git/reference/beellama.cpp/tools/server/README-dev.md') 4.14s
  . rung 0.0556 drive-10#t9s8 sham       true=False cmd=('head', '~/git/reference/beellama.cpp/tools/server/README-dev.md') 4.34s
  . rung 1.0 drive-13#t2s20 control    true=False cmd=('ls', '~/git/reference/Babylon/Babylon.js/packages/') 16.52s
  . rung 1.0 drive-13#t2s20 imperative true=False cmd=('ls', '~/git/reference/Babylon/Babylon.js/packages/') 1.41s
  . rung 1.0 drive-13#t2s20 advisory   true=False cmd=('ls', '~/git/reference/Babylon/Babylon-Lite/packages/babylon-lite-compat/src/') 1.47s
  . rung 1.0 drive-13#t2s20 sham       true=False cmd=('ls', '~/git/reference/Babylon/Babylon-Lite/tests/lite/parity/scenes/') 0.91s
  . rung 0.8 drive-13#t2s20 control    true=False cmd=('ls', '~/git/reference/Babylon/Babylon.js/packages/') 0.93s
  . rung 0.8 drive-13#t2s20 imperative true=False cmd=('ls', '~/git/reference/Babylon/Babylon.js/packages/') 1.11s
  . rung 0.8 drive-13#t2s20 advisory   true=False cmd=('ls', '~/git/reference/Babylon/Babylon.js/packages/') 1.23s
  . rung 0.8 drive-13#t2s20 sham       true=False cmd=('cat', '~/git/reference/Babylon/Babylon-Lite/packages/babylon-lite/src/engine/engine.ts') 1.45s
  . rung 0.6 drive-13#t2s20 control    true=False cmd=('ls', '~/git/reference/Babylon/Babylon-Lite/packages/babylon-lite-compat/src/') 1.42s
  . rung 0.6 drive-13#t2s20 imperative true=False cmd=('ls', '~/git/reference/Babylon/Babylon.js/packages/') 0.87s
  . rung 0.6 drive-13#t2s20 advisory   true=False cmd=('ls', '~/git/reference/Babylon/Babylon.js/packages/') 1.23s
  . rung 0.6 drive-13#t2s20 sham       true=False cmd=('ls', '~/git/reference/Babylon/Babylon-Lite/packages/babylon-lite-compat/src/') 1.73s
  . rung 0.4 drive-13#t2s20 control    true=False cmd=('ls', '~/git/reference/Babylon/Babylon.js/packages/') 1.0s
  . rung 0.4 drive-13#t2s20 imperative true=False cmd=('ls', '~/git/reference/Babylon/Babylon.js/packages/') 1.35s
  . rung 0.4 drive-13#t2s20 advisory   true=False cmd=('ls', '~/git/reference/Babylon/Babylon.js/packages/') 1.23s
  . rung 0.4 drive-13#t2s20 sham       true=False cmd=('ls', '~/git/reference/Babylon/Babylon-Lite/packages/babylon-lite-compat/src/') 1.23s
  . rung 0.6222 drive-13#t2s20 control    true=False cmd=('ls', '~/git/reference/Babylon/Babylon-Lite/packages/babylon-lite-compat/src/') 1.36s
  . rung 0.6222 drive-13#t2s20 imperative true=False cmd=('cd', '~/git/reference/Babylon/Babylon-Lite') 1.66s
  . rung 0.6222 drive-13#t2s20 advisory   true=False cmd=('ls', '~/git/reference/Babylon/Babylon.js/') 1.3s
  . rung 0.6222 drive-13#t2s20 sham       true=False cmd=('ls', '~/git/reference/Babylon/Babylon-Lite/packages/babylon-lite-compat/src/') 1.31s
  . rung 0.0556 drive-13#t2s20 control    true=False cmd=('ls', '~/git/reference/Babylon/Babylon.js/packages/') 1.24s
  . rung 0.0556 drive-13#t2s20 imperative true=False cmd=('ls', '~/git/reference/Babylon/Babylon.js/packages/') 1.53s
  . rung 0.0556 drive-13#t2s20 advisory   true=False cmd=('ls', '~/git/reference/Babylon/Babylon-Lite/packages/babylon-lite-compat/src/') 1.66s
  . rung 0.0556 drive-13#t2s20 sham       true=False cmd=('cat', '~/git/reference/Babylon/Babylon-Lite/package.json') 1.52s
  . rung 1.0 drive-13#t2s21 control    true=False cmd=('ls', '~/git/reference/Babylon/Babylon.js/packages/public/') 0.74s
  . rung 1.0 drive-13#t2s21 imperative true=False cmd=('ls', '~/git/reference/Babylon/Babylon.js/packages/public/') 1.03s
  . rung 1.0 drive-13#t2s21 advisory   true=False cmd=('ls', '~/git/reference/Babylon/Babylon.js/packages/') 0.74s
  . rung 1.0 drive-13#t2s21 sham       true=False cmd=('ls', '~/git/reference/Babylon/Babylon.js/packages/public/') 0.85s
  . rung 0.8 drive-13#t2s21 control    true=False cmd=('ls', '~/git/reference/Babylon/Babylon.js/packages/public/') 0.74s
  . rung 0.8 drive-13#t2s21 imperative true=False cmd=('ls', '~/git/reference/Babylon/Babylon.js/packages/public/') 1.15s
  . rung 0.8 drive-13#t2s21 advisory   true=False cmd=('ls', '~/git/reference/Babylon/Babylon.js/packages/public/') 0.82s
  . rung 0.8 drive-13#t2s21 sham       true=False cmd=('ls', '~/git/reference/Babylon/Babylon.js/packages/public/') 1.24s
  . rung 0.6 drive-13#t2s21 control    true=False cmd=('ls', '~/git/reference/Babylon/Babylon.js/packages/public/') 0.74s
  . rung 0.6 drive-13#t2s21 imperative true=False cmd=('ls', '~/git/reference/Babylon/Babylon.js/packages/public/') 1.12s
  . rung 0.6 drive-13#t2s21 advisory   true=False cmd=('ls', '~/git/reference/Babylon/Babylon.js/packages/') 0.86s
  . rung 0.6 drive-13#t2s21 sham       true=False cmd=('ls', '~/git/reference/Babylon/Babylon.js/packages/public/') 1.36s
  . rung 0.4 drive-13#t2s21 control    true=False cmd=('ls', '~/git/reference/Babylon/Babylon.js/packages/public/') 0.74s
  . rung 0.4 drive-13#t2s21 imperative true=False cmd=('ls', '~/git/reference/Babylon/Babylon.js/packages/') 0.81s
  . rung 0.4 drive-13#t2s21 advisory   true=False cmd=('ls', '~/git/reference/Babylon/Babylon.js/packages/public/') 0.8s
  . rung 0.4 drive-13#t2s21 sham       true=False cmd=('ls', '~/git/reference/Babylon/Babylon.js/packages/') 1.21s
  . rung 0.6222 drive-13#t2s21 control    true=False cmd=('ls', '~/git/reference/Babylon/Babylon.js/packages/public/') 0.56s
  . rung 0.6222 drive-13#t2s21 imperative true=False cmd=None 24.6s
  . rung 0.6222 drive-13#t2s21 advisory   true=False cmd=('ls', '~/git/reference/Babylon/Babylon.js/packages/public/') 0.8s
  . rung 0.6222 drive-13#t2s21 sham       true=False cmd=('ls', '~/git/reference/Babylon/Babylon.js/packages/') 0.68s
  . rung 0.0556 drive-13#t2s21 control    true=False cmd=('ls', '~/git/reference/Babylon/Babylon.js/packages/') 0.6s
  . rung 0.0556 drive-13#t2s21 imperative true=False cmd=('ls', '~/git/reference/Babylon/Babylon.js/packages/public/') 1.47s
  . rung 0.0556 drive-13#t2s21 advisory   true=False cmd=('ls', '~/git/reference/Babylon/Babylon.js/packages/public/') 0.8s
  . rung 0.0556 drive-13#t2s21 sham       true=False cmd=('ls', '~/git/reference/Babylon/Babylon.js/packages/public/') 0.68s
  . rung 1.0 drive-13#t4s0 control    true=False cmd=('ls', '~/git/reference/Babylon/') 6.57s
  . rung 1.0 drive-13#t4s0 imperative true=False cmd=('find', '~/git/reference/Babylon/Lite') 2.93s
  . rung 1.0 drive-13#t4s0 advisory   true=False cmd=('ls', '~/git/reference/Babylon/Lite/') 0.71s
  . rung 1.0 drive-13#t4s0 sham       true=False cmd=('ls', '~/git/reference/Babylon/Lite/') 0.56s
  . rung 0.8 drive-13#t4s0 control    true=False cmd=('ls', '~/git/reference/Babylon/Lite/') 0.72s
  . rung 0.8 drive-13#t4s0 imperative true=False cmd=('ls', '~/git/reference/Babylon/Lite/') 3.56s
  . rung 0.8 drive-13#t4s0 advisory   true=False cmd=('ls', '~/git/reference/Babylon/Lite/') 0.89s
  . rung 0.8 drive-13#t4s0 sham       true=False cmd=('ls', '~/git/reference/Babylon/Lite/') 0.55s
  . rung 0.6 drive-13#t4s0 control    true=False cmd=('ls', '~/git/reference/Babylon/Lite/') 0.65s
  . rung 0.6 drive-13#t4s0 imperative true=False cmd=('ls', '~/git/reference/Babylon/Lite/') 4.56s
  . rung 0.6 drive-13#t4s0 advisory   true=False cmd=('ls', '~/git/reference/Babylon/') 0.89s
  . rung 0.6 drive-13#t4s0 sham       true=False cmd=('ls', '~/git/reference/Babylon/Lite/') 0.91s
  . rung 0.4 drive-13#t4s0 control    true=False cmd=('ls', '~/git/reference/Babylon/Lite/') 0.83s
  . rung 0.4 drive-13#t4s0 imperative true=False cmd=('ls', '~/git/reference/Babylon/Lite/') 3.01s
  . rung 0.4 drive-13#t4s0 advisory   true=False cmd=('ls', '~/git/reference/Babylon/Lite/') 0.71s
  . rung 0.4 drive-13#t4s0 sham       true=False cmd=('ls', '~/git/reference/Babylon/Lite/') 0.55s
  . rung 0.6222 drive-13#t4s0 control    true=False cmd=('ls', '~/git/reference/Babylon/Lite/') 0.71s
  . rung 0.6222 drive-13#t4s0 imperative true=False cmd=('ls', '~/git/reference/Babylon/Lite/') 1.74s
  . rung 0.6222 drive-13#t4s0 advisory   true=False cmd=('ls', '~/git/reference/Babylon/Lite/') 0.83s
  . rung 0.6222 drive-13#t4s0 sham       true=False cmd=('ls', '~/git/reference/Babylon/Lite/') 0.83s
  . rung 0.0556 drive-13#t4s0 control    true=False cmd=('ls', '~/git/reference/Babylon/Lite/') 0.82s
  . rung 0.0556 drive-13#t4s0 imperative true=False cmd=('cd', '~/git/reference/Babylon/Lite') 3.43s
  . rung 0.0556 drive-13#t4s0 advisory   true=False cmd=('ls', '~/git/reference/Babylon/Lite/') 0.77s
  . rung 0.0556 drive-13#t4s0 sham       true=False cmd=('ls', '~/git/reference/Babylon/Lite/') 0.83s
  . rung 1.0 drive-13#t5s1 control    true=False cmd=('find', '.') 10.1s
  . rung 1.0 drive-13#t5s1 imperative true=False cmd=('ls', '-la') 0.93s
  . rung 1.0 drive-13#t5s1 advisory   true=False cmd=('ls', '-la') 1.15s
  . rung 1.0 drive-13#t5s1 sham       true=False cmd=('find', '/') 1.6s
  . rung 0.8 drive-13#t5s1 control    true=False cmd=('find', '.') 1.39s
  . rung 0.8 drive-13#t5s1 imperative true=False cmd=('ls', '-la') 1.05s
  . rung 0.8 drive-13#t5s1 advisory   true=False cmd=('ls', '-la') 0.93s
  . rung 0.8 drive-13#t5s1 sham       true=False cmd=('ls', '-la') 0.68s
  . rung 0.6 drive-13#t5s1 control    true=False cmd=('find', '.') 0.94s
  . rung 0.6 drive-13#t5s1 imperative true=False cmd=('ls', '-la') 0.87s
  . rung 0.6 drive-13#t5s1 advisory   true=False cmd=('ls', '-la') 0.95s
  . rung 0.6 drive-13#t5s1 sham       true=False cmd=('find', '.') 1.32s
  . rung 0.4 drive-13#t5s1 control    true=False cmd=('find', '.') 0.83s
  . rung 0.4 drive-13#t5s1 imperative true=False cmd=('ls', '/') 1.04s
  . rung 0.4 drive-13#t5s1 advisory   true=False cmd=('ls', '-la') 0.69s
  . rung 0.4 drive-13#t5s1 sham       true=False cmd=('ls', '.') 1.3s
  . rung 0.6222 drive-13#t5s1 control    true=False cmd=('find', '.') 1.12s
  . rung 0.6222 drive-13#t5s1 imperative true=False cmd=('ls', '-la') 1.09s
  . rung 0.6222 drive-13#t5s1 advisory   true=False cmd=('ls', '-la') 1.05s
  . rung 0.6222 drive-13#t5s1 sham       true=False cmd=('find', '.') 0.77s
  . rung 0.0556 drive-13#t5s1 control    true=False cmd=('find', '.') 1.23s
  . rung 0.0556 drive-13#t5s1 imperative true=False cmd=('pwd', '&&') 0.99s
  . rung 0.0556 drive-13#t5s1 advisory   true=False cmd=('pwd', '&&') 0.89s
  . rung 0.0556 drive-13#t5s1 sham       true=False cmd=('find', '.') 0.83s
  . rung 1.0 drive-14#t2s11 control    true=False cmd=('cat', '~/git/reference/Babylon/Babylon-Lite/packages/babylon-lite-compat/src/index.ts') 11.3s
  . rung 1.0 drive-14#t2s11 imperative true=False cmd=('cat', '~/git/reference/Babylon/Babylon-Lite/packages/babylon-lite-compat/src/index.ts') 2.88s
  . rung 1.0 drive-14#t2s11 advisory   true=False cmd=('cat', '~/git/reference/Babylon/Babylon-Lite/packages/babylon-lite-compat/src/index.ts') 2.43s
  . rung 1.0 drive-14#t2s11 sham       true=False cmd=('cat', '~/git/reference/Babylon/Babylon-Lite/packages/babylon-lite-compat/src/index.ts') 2.3s
  . rung 0.8 drive-14#t2s11 control    true=False cmd=('cat', '~/git/reference/Babylon/Babylon-Lite/packages/babylon-lite-compat/src/index.ts') 1.89s
  . rung 0.8 drive-14#t2s11 imperative true=False cmd=('cat', '~/git/reference/Babylon/Babylon-Lite/packages/babylon-lite-compat/src/index.ts') 2.84s
  . rung 0.8 drive-14#t2s11 advisory   true=False cmd=('head', '~/git/reference/Babylon/Babylon-Lite/packages/babylon-lite-compat/src/index.ts') 2.99s
  . rung 0.8 drive-14#t2s11 sham       true=False cmd=('cat', '~/git/reference/Babylon/Babylon-Lite/packages/babylon-lite-compat/src/index.ts') 2.54s
  . rung 0.6 drive-14#t2s11 control    true=False cmd=('cat', '~/git/reference/Babylon/Babylon-Lite/packages/babylon-lite-compat/src/index.ts') 1.96s
  . rung 0.6 drive-14#t2s11 imperative true=False cmd=('cat', '~/git/reference/Babylon/Babylon-Lite/packages/babylon-lite-compat/src/index.ts') 6.71s
  . rung 0.6 drive-14#t2s11 advisory   true=False cmd=('cat', '~/git/reference/Babylon/Babylon-Lite/packages/babylon-lite-compat/src/index.ts') 2.96s
  . rung 0.6 drive-14#t2s11 sham       true=False cmd=('cat', '~/git/reference/Babylon/Babylon-Lite/GUIDANCE.md') 2.46s
  . rung 0.4 drive-14#t2s11 control    true=False cmd=('cat', '~/git/reference/Babylon/Babylon-Lite/packages/babylon-lite-compat/src/index.ts') 2.08s
  . rung 0.4 drive-14#t2s11 imperative true=False cmd=('cat', '~/git/reference/Babylon/Babylon-Lite/packages/babylon-lite-compat/src/index.ts') 2.51s
  . rung 0.4 drive-14#t2s11 advisory   true=False cmd=('cat', '~/git/reference/Babylon/Babylon-Lite/packages/babylon-lite-compat/package.json') 2.17s
  . rung 0.4 drive-14#t2s11 sham       true=False cmd=('cat', '~/git/reference/Babylon/Babylon-Lite/packages/babylon-lite-compat/src/index.ts') 2.34s
  . rung 0.6222 drive-14#t2s11 control    true=False cmd=('cat', '~/git/reference/Babylon/Babylon-Lite/packages/babylon-lite-compat/src/index.ts') 1.88s
  . rung 0.6222 drive-14#t2s11 imperative true=False cmd=('cat', '~/git/reference/Babylon/Babylon-Lite/packages/babylon-lite-compat/src/index.ts') 2.82s
  . rung 0.6222 drive-14#t2s11 advisory   true=False cmd=('cat', '~/git/reference/Babylon/Babylon-Lite/packages/babylon-lite-compat/src/index.ts') 2.61s
  . rung 0.6222 drive-14#t2s11 sham       true=False cmd=('ls', '~/git/reference/Babylon/Babylon-Lite/docs/lite/architecture/') 2.39s
  . rung 0.0556 drive-14#t2s11 control    true=False cmd=('cat', '~/git/reference/Babylon/Babylon-Lite/packages/babylon-lite-compat/src/index.ts') 2.26s
  . rung 0.0556 drive-14#t2s11 imperative true=False cmd=('ls', '~/git/reference/Babylon/Babylon-Lite/packages/babylon-lite-compat/src/unsupported/') 4.53s
  . rung 0.0556 drive-14#t2s11 advisory   true=False cmd=('cat', '~/git/reference/Babylon/Babylon-Lite/packages/babylon-lite-compat/README.md') 2.2s
  . rung 0.0556 drive-14#t2s11 sham       true=False cmd=('cat', '~/git/reference/Babylon/Babylon-Lite/GUIDANCE.md') 3.24s
  . rung 1.0 drive-14#t2s13 control    true=False cmd=('ls', '~/git/reference/Babylon/Babylon.js/packages/') 4.42s
  . rung 1.0 drive-14#t2s13 imperative true=False cmd=('ls', '~/git/reference/Babylon/Babylon.js/packages/') 2.25s
  . rung 1.0 drive-14#t2s13 advisory   true=False cmd=('ls', '~/git/reference/Babylon/Babylon.js/packages/') 1.97s
  . rung 1.0 drive-14#t2s13 sham       true=False cmd=('ls', '~/git/reference/Babylon/Babylon-Lite/packages/babylon-lite-gl/src/') 2.78s
  . rung 0.8 drive-14#t2s13 control    true=False cmd=('ls', '~/git/reference/Babylon/Babylon.js/packages/') 1.9s
  . rung 0.8 drive-14#t2s13 imperative true=False cmd=('ls', '~/git/reference/Babylon/Babylon.js/packages/') 2.14s
  . rung 0.8 drive-14#t2s13 advisory   true=False cmd=('ls', '~/git/reference/Babylon/Babylon.js/packages/') 2.0s
  . rung 0.8 drive-14#t2s13 sham       true=False cmd=('ls', '~/git/reference/Babylon/Babylon.js/packages/') 2.0s
  . rung 0.6 drive-14#t2s13 control    true=False cmd=('ls', '~/git/reference/Babylon/Babylon.js/packages/') 2.2s
  . rung 0.6 drive-14#t2s13 imperative true=False cmd=('ls', '~/git/reference/Babylon/Babylon.js/packages/') 3.07s
  . rung 0.6 drive-14#t2s13 advisory   true=False cmd=('ls', '~/git/reference/Babylon/Babylon.js/packages/') 2.36s
  . rung 0.6 drive-14#t2s13 sham       true=False cmd=('ls', '~/git/reference/Babylon/Babylon.js/packages/') 1.98s
  . rung 0.4 drive-14#t2s13 control    true=False cmd=('ls', '~/git/reference/Babylon/Babylon.js/packages/') 2.08s
  . rung 0.4 drive-14#t2s13 imperative true=False cmd=('ls', '~/git/reference/Babylon/Babylon.js/packages/') 2.01s
  . rung 0.4 drive-14#t2s13 advisory   true=False cmd=('ls', '~/git/reference/Babylon/Babylon.js/packages/') 1.93s
  . rung 0.4 drive-14#t2s13 sham       true=False cmd=('ls', '~/git/reference/Babylon/Babylon-Lite/packages/babylon-lite/src/frame-graph/') 2.52s
  . rung 0.6222 drive-14#t2s13 control    true=False cmd=('ls', '~/git/reference/Babylon/Babylon.js/packages/') 1.8s
  . rung 0.6222 drive-14#t2s13 imperative true=False cmd=('ls', '~/git/reference/Babylon/Babylon.js/packages/') 2.15s
  . rung 0.6222 drive-14#t2s13 advisory   true=False cmd=('ls', '~/git/reference/Babylon/Babylon.js/packages/') 2.04s
  . rung 0.6222 drive-14#t2s13 sham       true=False cmd=('ls', '~/git/reference/Babylon/Babylon.js/packages/') 2.26s
  . rung 0.0556 drive-14#t2s13 control    true=False cmd=('ls', '~/git/reference/Babylon/Babylon.js/packages/') 2.31s
  . rung 0.0556 drive-14#t2s13 imperative true=False cmd=('ls', '~/git/reference/Babylon/Babylon.js/packages/') 2.31s
  . rung 0.0556 drive-14#t2s13 advisory   true=False cmd=('ls', '~/git/reference/Babylon/Babylon.js/packages/') 1.8s
  . rung 0.0556 drive-14#t2s13 sham       true=False cmd=('ls', '~/git/reference/Babylon/Babylon.js/packages/') 1.79s
  . rung 1.0 drive-14#t2s15 control    true=False cmd=('ls', '~/git/reference/Babylon/Babylon.js/packages/public/@babylonjs/') 1.52s
  . rung 1.0 drive-14#t2s15 imperative true=False cmd=('ls', '~/git/reference/Babylon/Babylon-Lite/tests/lite/parity/') 1.89s
  . rung 1.0 drive-14#t2s15 advisory   true=False cmd=('ls', '~/git/reference/Babylon/Babylon.js/packages/public/@babylonjs/') 1.34s
  . rung 1.0 drive-14#t2s15 sham       true=False cmd=('ls', '~/git/reference/Babylon/Babylon.js/packages/public/@babylonjs/') 1.23s
  . rung 0.8 drive-14#t2s15 control    true=False cmd=('ls', '~/git/reference/Babylon/Babylon.js/packages/public/@babylonjs/') 0.75s
  . rung 0.8 drive-14#t2s15 imperative true=False cmd=('ls', '~/git/reference/Babylon/Babylon.js/packages/public/@babylonjs/') 1.25s
  . rung 0.8 drive-14#t2s15 advisory   true=False cmd=('ls', '~/git/reference/Babylon/Babylon.js/packages/public/@babylonjs/') 1.69s
  . rung 0.8 drive-14#t2s15 sham       true=False cmd=('ls', '~/git/reference/Babylon/Babylon.js/packages/public/@babylonjs/') 0.93s
  . rung 0.6 drive-14#t2s15 control    true=False cmd=('ls', '~/git/reference/Babylon/Babylon.js/packages/public/@babylonjs/') 0.96s
  . rung 0.6 drive-14#t2s15 imperative true=False cmd=('ls', '~/git/reference/Babylon/Babylon.js/packages/public/@babylonjs/') 1.41s
  . rung 0.6 drive-14#t2s15 advisory   true=False cmd=('ls', '~/git/reference/Babylon/Babylon.js/packages/public/@babylonjs/') 1.36s
  . rung 0.6 drive-14#t2s15 sham       true=False cmd=('ls', '~/git/reference/Babylon/Babylon.js/packages/public/@babylonjs/') 1.25s
  . rung 0.4 drive-14#t2s15 control    true=False cmd=('ls', '~/git/reference/Babylon/Babylon.js/packages/public/@babylonjs/') 0.85s
  . rung 0.4 drive-14#t2s15 imperative true=False cmd=('ls', '~/git/reference/Babylon/Babylon.js/packages/public/@babylonjs/') 5.91s
  . rung 0.4 drive-14#t2s15 advisory   true=False cmd=('ls', '~/git/reference/Babylon/Babylon.js/packages/public/@babylonjs/') 1.37s
  . rung 0.4 drive-14#t2s15 sham       true=False cmd=('ls', '~/git/reference/Babylon/Babylon.js/packages/public/@babylonjs/') 1.47s
  . rung 0.6222 drive-14#t2s15 control    true=False cmd=('ls', '~/git/reference/Babylon/Babylon.js/packages/public/@babylonjs/') 0.85s
  . rung 0.6222 drive-14#t2s15 imperative true=False cmd=('ls', '~/git/reference/Babylon/Babylon.js/packages/public/@babylonjs/') 3.92s
  . rung 0.6222 drive-14#t2s15 advisory   true=False cmd=('ls', '~/git/reference/Babylon/Babylon.js/packages/public/@babylonjs/') 1.06s
  . rung 0.6222 drive-14#t2s15 sham       true=False cmd=('ls', '~/git/reference/Babylon/Babylon.js/packages/public/@babylonjs/') 1.17s
  . rung 0.0556 drive-14#t2s15 control    true=False cmd=('ls', '~/git/reference/Babylon/Babylon.js/packages/public/@babylonjs/') 0.96s
  . rung 0.0556 drive-14#t2s15 imperative true=False cmd=('ls', '~/git/reference/Babylon/Babylon.js/packages/public/@babylonjs/') 1.08s
  . rung 0.0556 drive-14#t2s15 advisory   true=False cmd=('ls', '~/git/reference/Babylon/Babylon.js/packages/public/@babylonjs/') 1.47s
  . rung 0.0556 drive-14#t2s15 sham       true=False cmd=('ls', '~/git/reference/Babylon/Babylon.js/packages/public/@babylonjs/') 1.06s
  . rung 1.0 drive-14#t2s17 control    true=False cmd=('ls', '~/git/reference/Babylon/Babylon-Lite/docs/lite/architecture/') 2.94s
  . rung 1.0 drive-14#t2s17 imperative true=False cmd=('ls', '~/git/reference/Babylon/Babylon-Lite/docs/lite/architecture/') 2.73s
  . rung 1.0 drive-14#t2s17 advisory   true=False cmd=('ls', '~/git/reference/Babylon/Babylon-Lite/docs/lite/architecture/') 2.29s
  . rung 1.0 drive-14#t2s17 sham       true=False cmd=('ls', '~/git/reference/Babylon/Babylon-Lite/docs/lite/architecture/') 2.35s
  . rung 0.8 drive-14#t2s17 control    true=False cmd=('cat', '~/git/reference/Babylon/Babylon-Lite/docs/lite/03-porting-guide.md') 2.17s
  . rung 0.8 drive-14#t2s17 imperative true=False cmd=('ls', '~/git/reference/Babylon/Babylon-Lite/docs/lite/architecture/') 2.07s
  . rung 0.8 drive-14#t2s17 advisory   true=False cmd=('cat', '~/git/reference/Babylon/Babylon-Lite/docs/lite/03-porting-guide.md') 2.46s
  . rung 0.8 drive-14#t2s17 sham       true=False cmd=('ls', '~/git/reference/Babylon/Babylon-Lite/lab/') 2.34s
  . rung 0.6 drive-14#t2s17 control    true=False cmd=('ls', '~/git/reference/Babylon/Babylon-Lite/docs/lite/architecture/') 1.91s
  . rung 0.6 drive-14#t2s17 imperative true=False cmd=('ls', '~/git/reference/Babylon/Babylon-Lite/lab/') 2.52s
  . rung 0.6 drive-14#t2s17 advisory   true=False cmd=('ls', '~/git/reference/Babylon/Babylon-Lite/docs/lite/architecture/') 2.3s
  . rung 0.6 drive-14#t2s17 sham       true=False cmd=('ls', '~/git/reference/Babylon/Babylon-Lite/docs/lite/architecture/') 2.36s
  . rung 0.4 drive-14#t2s17 control    true=False cmd=('cat', '~/git/reference/Babylon/Babylon-Lite/docs/lite/03-porting-guide.md') 2.28s
  . rung 0.4 drive-14#t2s17 imperative true=False cmd=('cat', '~/git/reference/Babylon/Babylon-Lite/AGENTS.md') 2.62s
  . rung 0.4 drive-14#t2s17 advisory   true=False cmd=('ls', '~/git/reference/Babylon/Babylon-Lite/docs/lite/architecture/') 2.32s
  . rung 0.4 drive-14#t2s17 sham       true=False cmd=('cat', '~/git/reference/Babylon/Babylon-Lite/docs/lite/03-porting-guide.md') 2.75s
  . rung 0.6222 drive-14#t2s17 control    true=False cmd=('ls', '~/git/reference/Babylon/Babylon-Lite/packages/babylon-lite/src/frame-graph/') 2.17s
  . rung 0.6222 drive-14#t2s17 imperative true=False cmd=('cat', '~/git/reference/Babylon/Babylon-Lite/docs/lite/03-porting-guide.md') 2.57s
  . rung 0.6222 drive-14#t2s17 advisory   true=False cmd=('cat', '~/git/reference/Babylon/Babylon-Lite/docs/lite/03-porting-guide.md') 2.4s
  . rung 0.6222 drive-14#t2s17 sham       true=False cmd=('cat', '~/git/reference/Babylon/Babylon-Lite/docs/lite/03-porting-guide.md') 2.48s
  . rung 0.0556 drive-14#t2s17 control    true=False cmd=('cat', '~/git/reference/Babylon/Babylon-Lite/docs/lite/03-porting-guide.md') 2.33s
  . rung 0.0556 drive-14#t2s17 imperative true=False cmd=('ls', '~/git/reference/Babylon/Babylon-Lite/docs/lite/architecture/') 2.62s
  . rung 0.0556 drive-14#t2s17 advisory   true=False cmd=('ls', '~/git/reference/Babylon/Babylon-Lite/packages/babylon-lite/src/frame-graph/') 2.4s
  . rung 0.0556 drive-14#t2s17 sham       true=False cmd=('cat', '~/git/reference/Babylon/Babylon-Lite/docs/lite/03-porting-guide.md') 2.88s
  . rung 1.0 drive-15#t2s29 control    true=False cmd=('head', '~/git/reference/Babylon/Babylon-Lite/packages/babylon-lite/src/mesh/mesh.ts') 21.21s
  . rung 1.0 drive-15#t2s29 imperative true=False cmd=None 21.78s
  . rung 1.0 drive-15#t2s29 advisory   true=False cmd=('cat', '~/git/reference/Babylon/Babylon-Lite/packages/babylon-lite/src/texture/ktx2-loader.ts') 3.12s
  . rung 1.0 drive-15#t2s29 sham       true=False cmd=None 21.5s
  . rung 0.8 drive-15#t2s29 control    true=False cmd=('head', '~/git/reference/Babylon/Babylon-Lite/packages/babylon-lite/src/mesh/mesh.ts') 1.34s
  . rung 0.8 drive-15#t2s29 imperative true=False cmd=('cat', '~/git/reference/Babylon/Babylon-Lite/packages/babylon-lite/src/mesh/mesh.ts') 6.04s
  . rung 0.8 drive-15#t2s29 advisory   true=False cmd=('head', '~/git/reference/Babylon/Babylon-Lite/packages/babylon-lite/src/mesh/mesh.ts') 3.57s
  . rung 0.8 drive-15#t2s29 sham       true=False cmd=('head', '~/git/reference/Babylon/Babylon-Lite/packages/babylon-lite/src/mesh/mesh.ts') 2.95s
  . rung 0.6 drive-15#t2s29 control    true=False cmd=('head', '~/git/reference/Babylon/Babylon-Lite/packages/babylon-lite/src/mesh/mesh.ts') 1.72s
  . rung 0.6 drive-15#t2s29 imperative true=False cmd=('head', '~/git/reference/Babylon/Babylon-Lite/packages/babylon-lite/src/mesh/mesh.ts') 3.91s
  . rung 0.6 drive-15#t2s29 advisory   true=False cmd=('head', '~/git/reference/Babylon/Babylon-Lite/packages/babylon-lite/src/mesh/mesh.ts') 3.22s
  . rung 0.6 drive-15#t2s29 sham       true=False cmd=('###', '3.') 23.29s
  . rung 0.4 drive-15#t2s29 control    true=False cmd=('head', '~/git/reference/Babylon/Babylon-Lite/packages/babylon-lite/src/mesh/mesh.ts') 1.26s
  . rung 0.4 drive-15#t2s29 imperative true=False cmd=None 20.17s
  . rung 0.4 drive-15#t2s29 advisory   true=False cmd=('ls', '~/git/reference/Babylon/Babylon-Lite/packages/babylon-lite/src/texture/') 3.21s
  . rung 0.4 drive-15#t2s29 sham       true=False cmd=None 23.27s
  . rung 0.6222 drive-15#t2s29 control    true=False cmd=('head', '~/git/reference/Babylon/Babylon-Lite/packages/babylon-lite/src/mesh/mesh.ts') 2.4s
  . rung 0.6222 drive-15#t2s29 imperative true=False cmd=None 17.21s
  . rung 0.6222 drive-15#t2s29 advisory   true=False cmd=('head', '~/git/reference/Babylon/Babylon-Lite/packages/babylon-lite/src/mesh/mesh.ts') 3.08s
  . rung 0.6222 drive-15#t2s29 sham       true=False cmd=('Compared', 'Babylon.js') 18.61s
  . rung 0.0556 drive-15#t2s29 control    true=False cmd=('head', '~/git/reference/Babylon/Babylon-Lite/packages/babylon-lite/src/mesh/mesh.ts') 1.33s
  . rung 0.0556 drive-15#t2s29 imperative true=False cmd=None 15.47s
  . rung 0.0556 drive-15#t2s29 advisory   true=False cmd=('head', '~/git/reference/Babylon/Babylon-Lite/packages/babylon-lite/src/mesh/mesh.ts') 2.91s
  . rung 0.0556 drive-15#t2s29 sham       true=False cmd=('head', '~/git/reference/Babylon/Babylon-Lite/packages/babylon-lite/src/mesh/mesh.ts') 2.02s
  . rung 1.0 drive-15#t2s9 control    true=False cmd=('head', '~/git/reference/Babylon/Babylon-Lite/packages/babylon-lite/src/engine/engine.ts') 10.71s
  . rung 1.0 drive-15#t2s9 imperative true=False cmd=('head', '~/git/reference/Babylon/Babylon-Lite/packages/babylon-lite/src/engine/engine.ts') 2.86s
  . rung 1.0 drive-15#t2s9 advisory   true=False cmd=('head', '~/git/reference/Babylon/Babylon-Lite/packages/babylon-lite/src/engine/engine.ts') 2.41s
  . rung 1.0 drive-15#t2s9 sham       true=False cmd=None 26.34s
  . rung 0.8 drive-15#t2s9 control    true=False cmd=('head', '~/git/reference/Babylon/Babylon-Lite/packages/babylon-lite/src/engine/engine.ts') 2.97s
  . rung 0.8 drive-15#t2s9 imperative true=False cmd=('head', '~/git/reference/Babylon/Babylon-Lite/packages/babylon-lite/src/engine/engine.ts') 3.24s
  . rung 0.8 drive-15#t2s9 advisory   true=False cmd=('ls', '~/git/reference/Babylon/Babylon-Lite/packages/babylon-lite-gl/src/') 8.02s
  . rung 0.8 drive-15#t2s9 sham       true=False cmd=('head', '~/git/reference/Babylon/Babylon-Lite/packages/babylon-lite/src/engine/engine.ts') 3.32s
  . rung 0.6 drive-15#t2s9 control    true=False cmd=('ls', '~/git/reference/Babylon/Babylon-Lite/packages/babylon-lite-gl/src/') 3.15s
  . rung 0.6 drive-15#t2s9 imperative true=False cmd=('head', '~/git/reference/Babylon/Babylon-Lite/packages/babylon-lite/src/engine/engine.ts') 3.19s
  . rung 0.6 drive-15#t2s9 advisory   true=False cmd=('packages/', 'babylon-lite/') 21.21s
  . rung 0.6 drive-15#t2s9 sham       true=False cmd=('ls', '~/git/reference/Babylon/Babylon-Lite/packages/babylon-lite-gl/src/') 3.96s
  . rung 0.4 drive-15#t2s9 control    true=False cmd=('head', '~/git/reference/Babylon/Babylon-Lite/packages/babylon-lite/src/engine/engine.ts') 2.85s
  . rung 0.4 drive-15#t2s9 imperative true=False cmd=('head', '~/git/reference/Babylon/Babylon-Lite/packages/babylon-lite/src/engine/engine.ts') 4.27s
  . rung 0.4 drive-15#t2s9 advisory   true=False cmd=('head', '~/git/reference/Babylon/Babylon-Lite/packages/babylon-lite/src/engine/engine.ts') 2.55s
  . rung 0.4 drive-15#t2s9 sham       true=False cmd=('head', '~/git/reference/Babylon/Babylon-Lite/packages/babylon-lite/src/engine/engine.ts') 2.78s
  . rung 0.6222 drive-15#t2s9 control    true=False cmd=('head', '~/git/reference/Babylon/Babylon-Lite/packages/babylon-lite/src/engine/engine.ts') 2.58s
  . rung 0.6222 drive-15#t2s9 imperative true=False cmd=('cat', '~/git/reference/Babylon/Babylon-Lite/packages/babylon-lite/src/engine/engine.ts') 3.07s
  . rung 0.6222 drive-15#t2s9 advisory   true=False cmd=('ls', '~/git/reference/Babylon/Babylon-Lite/packages/babylon-lite-gl/src/') 9.26s
  . rung 0.6222 drive-15#t2s9 sham       true=False cmd=('head', '~/git/reference/Babylon/Babylon-Lite/packages/babylon-lite/src/engine/engine.ts') 5.89s
  . rung 0.0556 drive-15#t2s9 control    true=False cmd=('head', '~/git/reference/Babylon/Babylon-Lite/packages/babylon-lite/src/engine/engine.ts') 2.87s
  . rung 0.0556 drive-15#t2s9 imperative true=False cmd=('head', '~/git/reference/Babylon/Babylon-Lite/packages/babylon-lite/src/engine/engine.ts') 2.61s
  . rung 0.0556 drive-15#t2s9 advisory   true=False cmd=('ls', '~/git/reference/Babylon/Babylon-Lite/packages/babylon-lite-gl/') 8.36s
  . rung 0.0556 drive-15#t2s9 sham       true=False cmd=('head', '~/git/reference/Babylon/Babylon-Lite/packages/babylon-lite/src/engine/engine.ts') 3.35s
run: 2400 calls fired
